digest,character
001f5114dfec80f1fec0fecaf169f4b3969d8878,。
002281a3d67d886b5b28f088d8d0e170a4ba9d0e,に
0022deee6129da727949eff93918c92e31d2fc2d,銀
003325123833a3df8a246b0aaa15114019a80c0d,扮
003f33accc7ad89e32ffea5a75c2a68709a68b5c,ざ
0058314ef072249e3e56a07b3b9ceefeb49d9465,『
008b220e92c25791199a8ac03d315154e98ddac5,D
009c0b65a11d5bd8b03ee0ecb73b4466e18c6e2b,換
009ee99dfe61077b7a02e2a2fd49f5b0bce37b9d,傍
00bb3d6791c891d11c00454ec00c34d2023b03cc,草
00e4fe5e007c5186bd698c0bf024d75fb1babf77,傷
00f9bff91fe84f33d5c26e403add471bc0ecc9d7,頃
01159176f4dfc2be79fdda672605fccabbc048b3,t
01165b3dae6390f85572af51da647801b4dcd425,、
0119d9a3a527590b1c36065bd386a6a60c25ec2d,支
014f91f31b43f2fcb715512d4d47dd1b72bb9f0f,混
0151f939d8859a62feae03f172a2b738715f3a79,分
0161a1ed406dc5580430f3f771b4bc61c719ce28,脈
017055b39ddcddaf1c4682aba0e8f26fb47b5d40,向
019439414c9e07a0deb14cb56ff38d95e45ddb97,探
01aef4671d9fc3bba799e047a6986e24278c47dc,犬
01bc27cfa3c6e2dd843cf3403333e8d778fb3d58,稼
01bd9fcfd4094ca2f191db99eddf575077688008,集
01bda5ccd8100d5473d8a3a52ba89c0e0a920a8a,謳
01c33bc6793bd98aadb869bc891dd2533d0b2a71,疑
01d204f625e51e9a98426ffa26cbd352f8f7ae98,獄
01dddc01bb0008e0dec3382e8a2ee5056ccd3da8,容
0237822b7ef718753cb0bc6b0c41aea4a8ba059b,遠
024d2483aed9aadbd65ea898666807cf65bdb11d,M
025c499faf5d4ccef6f1ca127c15bb1dd0bd62d8,露
025d45f03617bc7bc2ebd1e5c836220850b77c5b,け
02724092c03c59c37f310b13725514f8acb2faf5,最
027fa040d4a89940425252d9c7960bb629fa40ee,揺
028c0b04da8628af08267b2cda899a804c083dbf,祝
029f80fb5383505ccf35e0b0fbecead4d3adf4ce,効
02ad44777d18d612d22b5c06f4805912739ee9de,浄
02c27f8a341e34e44fb87674b239241401af4dd6,未
031a7457b1360b525bb7b7eb10e5d89c611fa1bf,前
031fc9e4e80e4a183a4866f497d2b32e61e54b2c,響
0373fede7b24be69e81515e48d3382690073a757,削
038dacecdde77806635595ad5d10052dd7774257,吉
0394e11ed00c6daac86668862fa32079d19e13c9,m
03a61b0822cda6edb652284e780c9ef541e4974e,製
03b2fcb64ccad0e0b64a71cc4e271922e75bca2c,ょ
03b5d19d0d7b5b91d01df477024e8e704b322a60,熟
03b7a335189e8ef5a252e0be78d47739c73fc2b7,値
03c869a5e888399031212523acb73ddb09a42f66,希
03cf1e199a42f87ac534385b58da6ca29dbe9f4f,藍
03d1b649c11a33085b26aac4ccd80c5c157ae6ee,度
03e3c710fccc864ecc4506be3b2c03ad25667914,敢
03e534de41037b24d661d28cbc6bef376c7f1450,闊
03e5625c59bd420a0d408052547641bc7c2998cf,率
03f8fb43cf1cacb7d9b499f94b727a736a2bd491,寸
040689fd7f4f6a8dd2747ca9724c5cb5be9bbaa3,切
0410868531de582c186c69b4cb01aa8757905d42,青
041456180010e5e0d13f261f8b581fefef6b130c,け
0463ea763d08075799d9eb8b42733a6ecb043821,オ
047659e6e53f53ecfdf892fcbafc33435015fc9a,喪
049984bec0de57045f38d501b249440a42cfa6d3,髪
04a4b73d80f018ebf2961658d4e0dac7490e8b83,ぼ
04baa515368caae4f708f026827beb7f6885953d,遅
04fe87f2f59ef7557b0a30aa17e630781698de3a,ル
050c516f613fb5d250b0440e9548a4c65b09721d,ン
0524ef4d1952148d01a3cafb283a5210d904692c,門
0533c233469839fe2a62af1be018198ee8a132e8,悲
054a8b1f4bc1b117760882401daae9d07e96e618,紐
0566e90b45eccdbf904122dd60e84c2726f8713d,l
0570475cc08c02d609cd324b583c7bf7430cb218,克
057275bc65415b99436c21d2bcf066004ee74b88,併
0585210fe8b456468dc7bc81d715cc6bf2aab4f3,節
05996cf6e76226a753d07149363d804995cd37e7,只
059e99c5cec66cf112fd061bafc2c9adc78d30b8,超
05a72bbe58ddefde76389bef2e85ce52d4d2cb67,総
05ba936962be4b036464198d5ff4f6294dc89aaf,調
05bd8ccea97151f2912e330c6cf079b5548f9827,金
05cea648971cbd2beea882ca7ecdc23cf77c993e,ピ
05fff5d53327d535ca4dba54846629d5aa38a552,辣
0602e1d97e715755a871150500623f83bc906771,関
06193b650c86ba65a7a9ecc44667f0898c5014f5,荷
061be4725a2f975e4e26c2d52aaf82a8b4eb7515,矢
0648ee8f174f7164bb13cba98a6a3f8d362cf762,病
064a8ab052f4f8c4e52b6478a0d73295cab4cdce,鉤
065d76c988cf98c3fa4562aed6612f84472c038d,授
065e31cae5c32a8ed6ec1286b6da309da50898f1,様
0682b91f3c4420f05629eb49b096d9fa7f5aee8b,卵
06886eced2de8ebd2f1caa9fae17e323ac34888b,ぁ
068ab8525b66966cc306649eea23742fa1b8a0d1,S
069a4813131a8df7f47254c5c79d1e52c060c6d4,呪
069e61b80a122282d13504e67974697c0c308fd9,泊
06c163ba939f7b60ea717c19e7b788e6d2f6bb5d,択
06c9c76b0a4e6df18d068541a0451c89bbdcbecf,君
06d6f31ac248eefc5db1e567bf4b0c0ac298d345,ト
06d818694997e40a6b32a0927d2b3b48a8b8f52b,竜
070bed54f3c97e6143b9bede35aac806bd9382ff,賭
0710d580ddb78538429583fa727ca5741f845aa1,暖
074056e9f6260dd7487af5bcf34e4b6de97ae27f,泡
074f627fa725a1d7312701618b1881faa362bed8,紋
0750da93f04c96938a1ad7c2d266211d37927447,y
07522b00f985fd07cc07229ce5119e46baa665f7,嵌
0754a26d20b95139bb8d01141c704e707af6ada7,蜘
075c940a2a1e612a9d4ebbfda0e2e65f5136c935,u
078d329632e3fe55ddbfd6fd32244833442a7a38,事
079ef5798358c1ec17a1a8ecb7af43215815f802,遺
07ac0268704861680ac3551cd65391b5f2ac2530,持
07dc01d622110066c3bdc04706f20a90b6bd4e26,枯
07ec74b84be2092e36a617eb8a9b8ded5659f57f,砂
0803ba7ff2db6223b919f7c4156466394273e114,眠
084069af0688068b22c192fffcde24ca4cc3a8f8,鉄
08462d88ed40fab8611cc2f25faa26493e658555,族
085bd6f48eb10eba29dfd51606513d988c208077,保
085eb0dd46b7c6808b6b8392f1211fdf817ff30e,防
087368fec30952cebea8e18a797443b0862b253e,ヤ
0885d460e82962b700e4472350cae87ccca98748,惹
08a9d2492cee6d8df162429060120a5694f21a75,導
08ca22166173be15b068668eafc484a62acc1340,せ
08d1da706777573bb70e245737659b5a5c1bbcdc,X
08da8f5f35402deac870879005c1d29dafa08765,F
08dc5d7cd8d118d8e72c75c0d76629f7b2e76208,穫
08f8870ad66a32a1a86660b2234495b06da947b0,フ
09167c3776a746369f20068c374a0daae1385469,留
097164bf41c4d6e6949bf8e60adcf45147ac7db1,司
098eb139c4de31bd73f28d215e7f737c69a1feaa,寂
09a860cb4f4cea706dbaf6c8d3a3440503b5c82b,篇
09bcf55328a5e26de5851271f0c2bc3b75c18d8a,介
09c876a2ec125d627454e09458ce96fce51ca9b4,宮
09dfd6f5f341ed64279438219b924d4fc88ea7a6,ス
09e520b74c26e5d218d49fdde829fe07a107aff0,笑
09f55f260ca456dc434ec75d0866b5986b8eac98,昇
09f6606c74aa1e14b6bf42e3bafe0a73aef8a9f5,施
0a1647cf31991ae96bad32bb62320466efe39660,極
0a3f7005b71161db913733ba13511c015d8dbb10,功
0a563c8e2ae12a24d86d54421dbd819e4cf647d4,宮
0a5ae55dcf5612d14ea16dc8d1310fa2d5e339a5,陸
0a654efabe8151bfd006e812f1419b5219907367,な
0a6aee1152f1b8d13b25e581a7846f763d39757e,ビ
0a7750572a3bb5a5480959c88337ed178e9db42e,座
0a8d2e63f5155f63c14a7f076a6e0cd5928b12f6,団
0af5eec6eac246e52e8eb0b33549df9164606be9,7
0af667ef51eaf7f56b86063108337ac38e7856b9,浴
0b084149d0facecc612a67fb10e80cadd858420a,方
0b14f1a5636061a5aa5c76d0a7377a657f3d47f5,s
0b3de4842502adf03387b7b3dd13385423c928e6,敬
0b5c9d7ceb0bd5fab75eef3dc7549feccac28d1b,破
0b5e7a50facac5b09ead1b9c5dbddf7b2f58d212,然
0b641f7ea9348e9eb48e1d75ec26c90961824a50,男
0b6924ab1985ed429fd094c30bab817f2bae0f5d,ゲ
0b7016fd79b6b811fd69fa13b38638850828987b,善
0b780003730f7a74186ade440a5b56cb95c522ac,エ
0b9a5c655a110a478191bb471197ece225a6abf4,穴
0bb358312fe4712785dea772ad181574f8081b6f,側
0bd0b04c52aaa40e5b1d48eb97c86bfcf5cc6fd1,猛
0bd34dd2f18c0fa933cc8061f1af8482378bfb65,禍
0bd4d8e5d0d0a6bb20a8715b1627cad8478dbfcb,・
0bdc6749670c0a3497e683f393d24c12a632f4ff,森
0bfd1e636df188fbf5a70bf8e15f2b7572034a0c,っ
0c1f51bdc30d84973937d301a482792a48718854,詰
0c49153fe94d18779fb1214ee299d28e8e33ccb7,や
0c53ffa6bf0c613c4740bff5aa473a0eb54a5015,控
0c7739db930bcc33e3abbeb16e60f1c18ae6a903,＝
0c7cd398d3774b16406de65de78d3a9e699cda16,更
0c8823de4392d0c1eb3355ac0d9f5b83e4cda295,f
0c8eb776cc07f4f9eb36aeb6a33fb3e28f69fb92,晶
0c959fc06480736d53296e869f638983a987f5ec,輪
0ca283937b629edea8215328700b223aa8d36b35,ナ
0caaec19e9b4dd176a8c9a38e432ba6fc19c2453,単
0cc3d4458b46e17ab1924ec03c90b17671847109,列
0d0a8ba65bd0436cecd426e01242ce47cf30d345,せ
0d26f0199f020275220b6084e035efe75b1bec56,縮
0d2b7f7ae0c46509c03d01291c208cf884f0a083,只
0d2d386556f7a7a99a8ee05637f5b1ceb5ce0d57,ン
0d30c14dd794c2f470012ad7d4243fd1c8659343,肝
0d38223a5933fec5205daf73d680d4e6aecf988b,昔
0d530c6b71cdf529d71e9766ef03f5184dff4391,込
0d548c96bc0ff3792113517ff8f28a2393b21950,D
0d61dec714aa14c9f0c2965f7592fb0795226d78,由
0d66fce1936224e999e45e732fa5923e0ea1523e,群
0d7a76f90cf82d10fae6fe01c4439f61adac79de,ろ
0d7dcf593e5baa5622096550a486920d76e0dd97,居
0d7f7a7937e09a37d232a66a01bd07d89474fb89,発
0d8dd7e99637b89b38c5363c67cdba210ffc7065,曇
0d94892749cceb89d5c0ad15b06686febbe22ea3,す
0d96f5ce241568bf6b316f35c54740495ba3792f,弟
0d9ef495b32a9640e19d0b720ffc3a74aa9ecd20,僭
0da5306590600b0ffc1cfe9418047987621eabd5,賑
0da9b4c7a54345450b00beed2d0a543c3c7290c2,紫
0dac0d9a8f433d91252ae5a5b33a13a67cb0fe78,転
0dc618e7ee2276767415d55b167c598e619e684d,ち
0dc777dc45be1af5cfe63ecd78376850c72569da,辛
0dcb25fe538b1ec31ecfe6ab63202a5b8f5654c2,-
0dce0391057e73c8547cd7161953e05c5156d7c4,そ
0dd06a2828acf5ddfa04656b1afded39496036f9,再
0de16e21b6574c18bb1fc416568ac1054db3e56d,玉
0de44e18303e3c668b56bd369a893857f56a2e4e,U
0df43d3043e79b359ede8f7447072e8220896c08,ベ
0e145267d1fb3913d8a2ce5092398c037b298b02,旅
0e2a140c5b127905af08fc6253936e41a1e7b038,骸
0e42aad0359dab27a699110f80f3b64e2749844b,和
0e4a906efec442c529ce3614c445fa80a24dd4ae,干
0e54da7a2b3ed510c0a38cf78f4df5f01a48e591,犠
0e5c4ba5d4d74cd962e0cd0fe8b672aa288633c6,ラ
0e68494c2bfb28bea5c6c11dc2070e0f7e4bb525,絡
0e6a26892594130232ae069eae9d90418a9dc696,令
0e7faa7471f7b1a04dcd35563e99fea6921a5cf9,D
0e876c3a62791f0477f8c810cb7ef36083fc3132,疲
0e8b416ea86b86b1c4b141b9f88c0e7a18e5b9c3,狂
0ea33cbf7e11a9554f1e21fdc20b051f88c63f45,ー
0ee163cc5f59db02069bbc15e91ebaa482d172aa,司
0ef802cddbac1ca59fcf3b517ab3d7951f49c016,ォ
0f23573d969995edf86602ad549e1b93537dc26a,睨
0f25675418af0991a8c6742c8b65ab1739ca2b18,（
0f34961a82aa2042940a5721092c09d32fcef18c,流
0f47638b2cbd32e0dc5213227cb597c7391c9240,切
0f4ba2da064e0a76bac56bec24448caefb55bc56,0
0f51974911e2a12a987232f7b8ffc4548606024a,係
0f5f26733b0f9e63027550d2e37bbbcd840514cc,易
0f88f55f64b884f25045718dd5d31fdc489a68a1,（
0f990200849713373046866adf68e043ec2431e5,希
0fa6fe4246d3466ec8b6b6d01d216e62720267fd,衣
0fc61c4fa38d6ad1b932016c0ab4ba7194f44981,る
0fcfe7c6131e45478c5ca96893c871ba42dc3337,事
0ff51246b96d2f051e2fa5e84856b89bfe8ff24a,派
100c8300ee20aa22c8f82e948b6633b357b23d90,ボ
100e790fc2f72d94a19899ad7cefc71863f0a5f6,損
102b5e5d4af66d36581999e2b93c79a06c7e5d21,支
104707d043382b7c64fcc6c9d959f93a2326bf17,s
105b963d147662a85e5ce44408d78a07d61b7054,網
105d317044c253a3d401358ec214964168a612ff,ア
10651241c3451186c39d5082e755ccd91b6b191f,戦
106d466427fe819b618dcca569fbc751b27597d1,画
1078d0fd017fc7f2c7b7614bb0f0fbd0bb6a6f36,去
107921f8dfdf995b9e8645c8898e9474e95c6d27,脈
1088aaa1c0e6646809bae0fd1daad4eee854ae0c,縮
109317179281673e53facd7148a9ee8d6a137161,質
10a8d5f0eb6ca644a6fdca03629eb4ed5a1c9de7,m
10aaae4a925948cbe13ec9b23fd3e6c1ea92b33c,因
10acfdc6d10352ab18c45450dfa549d811d1d111,讃
10b0c53beecb15827a34336d66bbefe5d50afdea,略
10b7d6a02619198d9d9d06f4e56ef87c0b1236fc,帰
10bf4543c78ca218cc2896b3323b724e9366d4a2,定
10c4232bcf71f500929a52f00c0796d36f8be68e,叶
10d1218746e320b53f0099df2b94ec59520e643b,渓
10f28558c130cd3f453494b4d0a7390d3d588287,吸
110c08c73bbe5daa6bdb201705f26f41a3cf6ed4,ガ
11208e9bf489779b258a78acbfc9dd2df28ca6b7,経
112943af7213abc955d9e3b1f79ed44efba55d86,還
113643ffa6ef6a6b904f2960b5915f6c15b350fa,Q
1136cb541e3770ba98145add6bf425c71d0d89aa,渓
114275a8ec346c49f20884a519c2e25e9c7237af,鉱
11511552eb3bd05a1ac80a59a25c82c86f07fb94,足
11597348b96b8958aeb93dfbabfd503e02bad684,H
1160967c6545c8ed17e133e743c035969331bfd8,L
1169888fec27cecce2a6fa601a7fcf9955cc1554,び
1180f6a7daa49919c8897b14d74ce86662506c17,端
11884b3135419e8fadbe2ce98b03f87043f4fc79,ム
119479e2c91dd5e1d0b86bacd3ec05615ab0c2cd,弟
1198285807ac904f36a8b13afe14199d463ec6f0,布
119d7a3fc398da9fa55fde365e9e9410ad57cc56,噛
11b976d692f30bd5b25e8ac71f4b89239dc1c874,即
11bb46795fb1356150337b5d140f4bb51ba2879b,チ
12236e324c9e0fe4eb6211a757bf737584a6be28,駄
122b8af238592f192dcf3635b3092b5a8c4860a0,奴
122eaffcf95090fdae04ab929e23bc6ee76f0f2c,誕
124651bc4a711b1d39120607e414d505ba356819,起
128ae13d93d1bf1c7efa7e9b02f76be6f2f3f3c4,A
128f0e1077cbfe8b64084583a038ef4511a3802b,徴
129975fe676bfb05cbd255b2c2eb78074c048138,ヶ
12bb39ef207fa7d334b5c118ea237060f8ccf09a,さ
12c50d46a5b7353096b3c00c79b4e3e71734567f,睨
12cbb5b5e656f467c97af0666ac406f655b4fbbb,及
12d313fc3888f5e08851d1ecaead39d6f9e71288,ま
12de5e8ebc6b308bc890e3a06509b7c93d9fb05f,載
13082c46ac0ffbb189ef3a1f3fe4e962c1606530,抗
1315d9189eeae0e60b08d77cdfb6db113aa686ae,窟
13294cb0e2ba8185a1f317f5fdf4441fcf6288c8,枚
133bf49c74da64c86109464ae1ea50e7b5e98724,準
133daafc39e4c8106236cd10a4c74ca907b61df6,み
134008146429a17e237f806572b8182d0461cf8f,主
1344b321dae247f86ad3a0e9335ae088517141ed,宮
134db226c05ee1d0e4f24f75474dbecf35dfec9b,裏
134e4ba70cba66008f62a95d427f2bda792171c1,縛
136fd90e1a71263c919445b794baddc6a71b4fbb,？
1373b18f3e71cf85db3950d5f50d523052597607,価
137cb5cc8aea07f0fbcd65fb272c69468c204d4d,新
13858c35eab6af17e621ce84dda41753c221c332,無
13a0816340e781827b36c475760978c8f5adb9a6,初
13a9d93019187a876e53fc9aa1afdb66178d7f87,だ
13ae03b7f0863ae2212a9e2d8d2dfdee69c7809e,断
13ce0b3ef378801784f9669fdaba6b613314f74a,n
13e7b334ca9d2666415b59094b127109f1a1b3f0,j
13fb9eb316c875e1c053cb2557328a3c31498775,勢
141997ac15c91395aa82f61774ba06eff3872428,起
142d668ec13af8762607fa9c53b0b4855ec0b979,飾
142f93cd3e919c1315fb7b4ad509c6f519b7f09b,鍵
143e49e5d0666e946f3b7a376f71283401515f85,あ
1440bc48e4c358d6f58b090ed64ba4dad6e2b306,繰
14551d39c22d3d99bc0639126e2723b47afa58b7,風
1458b30da5968e75cb39a533cd72462d0ae5f9fc,室
1459fff40a235591ce5794f9cb8294b6c4455e62,お
1469487bdf2e3fcff026bbd777a08113e2c6342b,世
146ddfb18d15c29e5c372c427b5cea6164577b1e,式
14766c4ed7dbe5cd375f778b9f12c099a47d53e4,比
14947c0cef90511a1fab7525058c621a47f1c5be,盛
1499061f7b35ac5b27d97a3cbc96dddd1bad9896,忠
14c4bf38d944f0e9548d26721eb41fece6b592f9,ぇ
150f9bfcfde5ec6e0c7a77d12628914331075c82,制
1525a51570e5245db78c589adf54222195993511,洗
1533d75a0739ddf4dada333e58476724f599e3e8,柱
153f5a3d310f13a8fbe361a92ccde36abb8b24e9,弁
1547f2f7b3047f006d3d3012b039c290aae5e1f0,ハ
1596beb2672b4646e9567c622b76180f64b7397a,押
15a56964f17da87b44f9c73c2308095b3e811d26,功
15af16a14050051437f8d3de87e6b57db8506818,脅
15d2ee02df1f5c5a61d3cdc98130e990d230e6e7,臓
15d769c00aea193b4dde520531044c6fa7f76f51,漂
15defa751eebd0aefe1d0fd7144ae1f6864e3a6b,癒
1602c03568136fd34a604dc26d0541a64d23f7ff,業
16063fb75fa28f7af44ec2d9310ea6cf6f45e43a,腰
161df55b514508c060880a44a8e7334c13c4de5e,な
161ebfa1c068bc8df7152765a1b958dbaf4723ca,標
164ef9ac988e6314555d8e669a06db0597968d3a,陣
1654d033262e9e9eb601230f670f79dd737c18fc,痛
16685e8f04f13cd0bc545ce03674986247d3a210,（
1669fdfdb3393c62315985f511a91abc563a0788,交
167569df27e091bbe6b94f17b25e59d01eaa7f82,城
167c7ac5ed8f96ccf8525d1260a948dcac062640,漠
16829f299f9a5358d1da8a41a3a494e2bd7e3f02,秩
168bf644be40daea31337c084d8101e56bd33f46,育
1691eaac34003acf736725ec46a4098c50fe664b,妨
169c12f996aeafd1b171e8bb7a3a9b357fea98a9,p
169c658c4ad4bf866817dc1c7911e74ca55e946d,麗
16bc1f28611481cc895f343e90caf448a3698704,ル
16db01f3adfd8a541666fad36e6497f1e3155cb2,脱
16e5595baecd749bb42bf3532008ee6ebc3b2c16,針
16f569c249373e93b8544766140a150e7181818a,壊
16f807f032cd877a31bb582f290cd5d8219a1a72,逝
16fe5f768151514b5db4e12664135f014e26a1eb,ず
1713b38352cf2461b354cc92cd5d2aff7366666d,伴
171621c1d374a1086640099591441fc806285b9a,Y
172acb4dc6151a44f515317f9c747ad4054c7af2,浸
1734c0463bbe2e1b8817ec7a196f677984bb1dd4,泥
17365c0eb631d588ea5b4e80dbdbbccfd0b56ed9,移
17427e262f01e1dea1c450eafffbb9756ad4b325,魅
17644d83047f9df74c2d8e94b8bf6d8d15bff41a,獲
176603f4df7ac052597d03147fb146cbee9463b4,走
177570377fd682b4ee2bc53063de0ff1f8f78bbf,ゆ
177ae39be63b51cf5fabd6cbf6973ae00f076ecd,央
177fb73262a7857d9b145eec36dd28377f95ff40,転
179677cd9ca7f1f7cc5332f8b930042aeadfc4b5,詛
17a3bb8e357c37ac1a1f435689985107859691b2,粒
17aa4a3342a256445f577e9273e805700212be08,え
17c2f69b79614d21ffb6544f5c72124a1e69bc21,此
17dac480c0010ed6d37a85879f9724b35b6cc9d9,智
1802843ab1e639afbb57e238a9850fa1afa86e08,囲
1802847596207476513b1d8687cffc313aa64405,然
180304ca2669a46337431d1c5695ebd4ad5d0968,与
181172efe50ffb058d0cc99d4bb93eaf6f1d9b8e,H
181b6a8aab3042912d08bf6ccf3603433e074363,H
1821628507d34759b42db3ca68dcec843201284b,戻
18319aaeb8026791cc52d3cf5f32ae736ce87d95,王
18409534598e2a76747c24cd7ac172ebf8398d93,C
184b3b4c8dcf7314bc3a706c33831908cb95f976,D
18816029e4f2ee74a6bb512e5d549f8a040d7d2a,名
188c263bbffcd6a54a4361d9fb11e7196e6038c0,歪
1894f45f7057bd98f5972da06f7da2fce4c44659,締
189cd6e247f1364fbe6a2160fad946de61081159,運
18a93ed4adb69c16f696b7a6e3c95bd921b9603f,光
18b4547921d57b464dec2a86ab7fbd778f3ba919,鳩
18b8ed23a034cb531f8892a0441e9bd340223fc1,傘
18eee2105ae371b704c3d380679624d2b3ac8577,仮
1903966afe94a14e658142cbfc933da262b14bfb,ヴ
1921874706924aa28e0a76ec3cbe6657c1f1bfd1,獣
1936105dd8cc9c842790fcdbe401172891931960,蓮
1940ca69c8879b22af457c9293fcb8b6f347acce,員
19441b80624840b2dafd283d864d79caa7ce3c53,除
195b2c1073fdf57942d8716c7f9956e596353aa4,魂
196a3e4ccd0fb8cee91fe262816ad6682c96fb3b,イ
198fa80388bd103ccd2d8239d1f91f24b09bd23e,ぴ
19974fa1907f746b3b69616d82e753c27ba38f4f,凌
19b3bc924dceef871bc7e89f09bb2917bbc17114,“
19bc0330c1b70b78551af8c0b7e5c72079c8ee45,属
19ee033897bb9a0218a53c9c1e5507db1aa5bd37,両
19f1a40577835d43343eb684156e3b728e61d085,印
19f80a76d2f64b76aaf4d5de9822fc6d74744ea9,翼
19f9b0d327b44d6759b20a337f16fccfa61f338c,s
19fcb7706fc5151db78a49e48e8bbe2d6460d2e3,勧
1a02c3bc13a0ec73d426689939be72aca6614ea4,樽
1a04218ff6a11d07d6b4d229fa8a74db629e6332,碑
1a0425db1f9abd813d549af24181155b76c63efb,し
1a1893e5e4e5d080aa0c6ed681745c51c105836a,ラ
1a1b34ed2127177da4aa8b19e1ee043b02280e67,拒
1a201ec05d85713ceaf02ba259c0d2b087f58b38,緻
1a568f9d3a581d4bcb61574ea2adc2db3381def2,ビ
1a6bcf4d986134e58c4dff7a26ceb1c67885f3ca,項
1a735ae9cf70cdd92670a620bb6eb6afbb5d4b9e,沈
1a980e3f71a0e52a23236c2021ca6068fb876e7a,ハ
1aad3ecfde6ccb5570a00282b4105d8cebceeb25,涌
1aca4c97c45000665acb4d8546345c0d927ac8df,ブ
1ad774c0776bb11ddfbde7d213db6907cd2e359f,自
1ad89708778c6a02e98f2d59d21712bb82c9f34f,型
1adeaf724c43f8990335d0acce3dad338e0aebc5,子
1ae2cf1a0b63fe90265d85e99b97b46357bf6436,差
1aff6fb4eec3fd247917860c394fdb651d2f2bff,赤
1b27e8eda9a9e67ca7a98ad77831873430379f67,淀
1b2cb6b55dcbcc93cc90fcd81949356f97aac385,磨
1b364b913ccbe4519c9eb79b2bd2ee1868f319db,枠
1b4f4de787b201bd66249cb61594740e9e7acaca,d
1b5c8b323426d22a167c6c199359f07cd396a2fa,部
1b5f1df373f4da06167d890ae68f9b10148d463b,燻
1bbd2a79a38cb5afa7dadf973114a36c81f55840,釘
1bbd5249138ca9c63d1153dfb4b0fab439a627dd,買
1bd6dc37a6feca82e9f867f9594fea3937bf3831,雇
1c3d4397cab964b5426abc17897a83e4e2ff77f5,狙
1c5d58f642cca45069b715bb76f50f874f9b0b39,士
1c7a8750560029e6d6e1b3da370e7f4861be1efb,闘
1c7af908c52eb8212764f641eed358eb2bb27b91,粗
1c7d530f5af56e04e802a2331dcee7bdc31f003f,店
1c87b6a58c211342c732595895a203a8da42e15d,共
1c8a6cda66373042d972e030b20dd58905bc3122,ね
1cdce072b9ca9f47cb782896b9176a6669d3c351,O
1ce15eba8dfb5b72c97aa978de8218bfcbc5adc2,倫
1ce80d1ddecb2c13d17b82172cef14e49dd39b3e,温
1cfcf9cff598c70cca0d05c187bb4e81ef371da5,喧
1d22c27c042a07a1f891256a6cdbc2f0437c6552,矢
1d28769abef2954e11b4c88e1d0d64327f8c4148,登
1d291ad97e2b31ce6b7dc5b2215e00d2a29955e2,e
1d3b048948f69cbdbdf334e9bdb47d9078f73108,ャ
1d7fbf2b48219481d706b57efed4e4859844b060,便
1d835212871b1cbfb26b7facec2590b7a6e6d230,L
1d99f8d20ec430c03d710035371f98c2c4c8787b,突
1d9b465b51d79e01d0e674e12668cd2377ad105e,ア
1dae8b5b5b54a372465046bc0d9793df59733150,r
1dc4258e86220928f1d0a82ee23c1e7bef8c7163,薄
1dc811b6d683916cd75a43a7135b0b2ba42ddf9c,処
1dd5232d45213cc45f0eb3984e061441f9324c2a,始
1dd64513ee037206f9bfd5213f47fbf3a8e7a1eb,家
1e1b114ac9565d0f32e4887a3303bece7ea50d20,字
1e1f2fa1ce0a38d63b196bd124e485676c322b67,幣
1e3ce3aa61aa29482d4fc1583c1838df61c60bd0,偉
1e81302470a595ed353005a68b1a87f31c80dd37,W
1e8f856d02aa343b59009f92596fdf92bf4b344b,量
1e9532453489d94b20e282732aa1516a00448fdb,讐
1eab3029b737811fe7af23ab460d74f85d35e246,界
1ee129d40d7362404592b63fc7477a00152e3433,雅
1ef3669407b68eb5b7e491f9afefa861c1688872,揮
1ef5ec855aeb8e3de3e8e65c984f96f61a507f5a,認
1ef75730c2f08a9f1e1891ae2a4dddaeadb685bb,奨
1efa3c0d0868d554ac34c6db9ae7d6da1bfd6210,徘
1efaabb2ac32315e83543a317f5406a7dc2b07fe,瀬
1efee18b2a9823e013b7b608fe05e8635929af6f,剃
1f05e80c1996e4a151675eb5cf354242d773b949,証
1f0aa0e74395259db87115a89b01d3178fdb9e76,準
1f291ba6519e48988aa85ccbd4d69addd78e722e,虹
1f297c5e5e8cb6df53bf327aafc97c3641ba7c5e,代
1f2c141407407a2e1a244cdb397d45eb5eba8d54,鎖
1f421a1c1ee54cd0c3dada369c070a4d1ef8995a,療
1f5854d2af71dac78437d922543f110e32a7e018,額
1f82fa5891eea22aeb4881b8d86515d82efebfdb,単
1f9de56d38265245d353c01438fc4388f6448b24,絵
1fa1be89c0133f7e55bbfbf1ba01142742d90790,経
1fb43b2513f6fc3fc586ec8c84a7d5c85169a674,仕
1fcf6f537f16ba8aaa2d81e5edc37cbfb2d60171,貴
1fd64c32056fb169950d3bedb8c0fce404ee2ed2,稲
200bbe14c3f354965372de078cb2fdc0bb4ee0bd,た
200bd8587f925475b8cc2a1848730d2b159c97f7,／
2016a195cef709d30a1076d1829c7d45640a8861,付
20201e74a5c709dbc1d4da3d108d74b189e73cc6,散
20359c58bef8e2d6f85b5dfbf68d57edc2d0ed7b,惑
203a2a5533bf48df84d3381486feb9523ae64c74,神
2040e8015d8de3acf79eaf40b56baa98229737e7,ば
205152b4eb19f49921e5c63b7523288af7d6cba3,偽
2057b802310f126b16cdbb6be904052a4b3f95bd,チ
20729ee5e392a9660f0eadcf00cd851556dddcd3,早
20845538adfca06952d31a4f8803c583de32c861,炎
208716bfe6de2e30f63749b41c9699072f37225c,マ
2095b80cd8c4b5d77dcf8483a73d888cebb06ccc,管
209ebf655a8e516a6e88816faf941df8da5df329,遠
20b6a018aa1a9824f8a7c880fcdf82fe1df3236a,v
20bb1db3aad9bd05a1b8d66e206f90c46a67d7ce,全
20d4ea1c78bd21ec7e5cc7223ea87ff4dc9db2be,ッ
20d5f61e721142ccbcf97f87cd913124b606f91b,弱
20de134f9c7ed77116483e82ed74ef3130cd3fa6,冷
20eab2e731579b0a15e42aa35638b965c53bef46,百
20ebf39e95276fb9cbabad7d9f588ec1853f930e,叡
20ec683a5b01ecc6e3086f4d1638f28d17050c8b,任
2100b43bc0bd2b93bde05a5cd0a0e474b7dc6cf6,鞄
2114e6b21dcbbfb67efc6564e0c0b1cfd5156372,叔
211be8c7b69ed16bd0e9291292cdef75198b692f,冷
215c0c8eb379b8848afa2ab867a14376ecac2aff,m
21610d2f86fcee7fc066c7be5d3492a1be0c222a,住
2177bcc70c9355a90f63ca240b805fa88b290fec,透
21781de20b726c6ffa78b9b089de19f2df174c13,b
219639f53a60243d6394a10b79e620aa2f80b165,是
21b342d08f3da69cd2a96c225321b37b775550b7,悩
221762237f2348b294fce2a7d96866e80965dc2b,身
221b283552ad338dde8218811083a174eb2a88a4,叛
222b0361da74c67a035cafcca655075c8493f72a,澄
2233ee253baf2f751b0fa1bfad66820280ed75ce,互
223f8c4bfed668054d6c8967c206c5e72ef9c23c,区
224283a66c664654547e689a91d0a76b573b4c4e,煙
2246fa0651f6fcf92e4b6ae0afd6b4db99a936c0,戚
224961b9342e7a3b119e13e4ef4e7ac846f7cf55,拐
2269dc2864cb15ff8cc5c40e637516becc8c4ecd,越
227ab872f85127812621be91395412a7947ac3a9,ぞ
22929b127be91a5a25a4099601a788bc256f6f52,句
22b59c18667d0ea374c574f44511dd494a2b057b,旅
22c31f85d1bc710c9688513aaf916afc63cc6c4d,数
2305dbb14c27939e979e64bbe55144fad8f3c551,羨
230ba79dd6f4eac61fa892f82ab6ac7a2ad0dd5a,究
2310f910d584e8b8d06bde73e85458f22c64abce,熱
2345581256f2f00859b1900be54d3a883542e698,造
2365d9960ce63d944e8c2764943459794229c744,彼
23682b258b23a19154874a808234f1068e1a2ca6,船
23a4531b250528271b0c7f12ef32e1cdcc439a20,問
23cf6ae1e02cc6fc593caac912c4a5d7a95e55d7,ム
23d00ee6571684b6344e5e3a7fab562262cf1731,悩
23e1466450770346a7e54d030b5d62350bfd11e2,S
23e98c2f013959f64e26f0c3a33d1877e34d43f7,聖
23ea3f37d1f229e441df962d75a7f3fa4cf390c8,運
23f3947f7bc40fb0f7bb0f377fd382f1cd98e6ee,紙
2405576a1195654b7f71eb43201882a178140c40,勇
2412503733b6070bd9850d2c81f7d6e51e23d220,惜
2422fa32987481bf4ff599e5ccef709896850691,裁
244977605f29243ae8a1131df50cf327efd59518,求
246adf3bcbbd8816e4d045842b0cdc4c3f60d788,視
247a72215612722f2cde0c87cc249599b2c3b1ea,G
2480677a4a370dfd3c46e6fe364809ae374c9dfd,怒
24881bd63e0fc26275bd969e5813254477125b6e,ル
24947f3de2cb02a891a45c88b1b9757798b38f7e,水
2495b5aacba87c07c47b800c7e983b2dc258be18,遥
24c259eb33569a11c691586b6bb10ae76047a228,じ
24c41a1e9ad63ed2e4f440428fcbb70441b23a4a,許
24da703c2f0ba46afb836cdf3e6c171757b4d2ec,議
24dfdae891b9483ecda2527438faba6974ba56ef,ユ
24edb2f35063cc4e56ecefcbcd2e3caf6a554c92,泡
24efc1d5aca0c5249ac0c80d32d57efe4845810a,歪
24fc0597ef9e7602c37599b32db4dffb864f3ca4,鎖
251769a82b16cd066473cfe4fdb64491e92c7682,果
25188fb5c095be8fc85e203996fe3b5540879770,月
252b01ce632af3029a279651ecdae51e1e2348f9,望
252b326b29838e6b9557e3203f8efebfdf39ab5a,忙
2547f707df8cf897661be8f2107c9994e01507b3,千
254cb5e07cea67f8593d5761cb3aa4ab42544298,横
25517b51ee42685406a8a492b6db0322c3c1bf72,草
257737d99d8d9815b1bd2debc3326b812867695d,骨
257f11bceb1ff6a734ebbd36bec16233cfc2d286,辺
258ba1b12bb06b561ab02591df8ebc71f2074289,n
25b0db04163dc2e3be1f43a476a30c7498ed41dc,G
25bea60b59c3bf05ab4d501decc5ac4e47e636a2,g
25c0b88ba020d6b3be258bf5acf2f7fa2ae3f948,振
25c2d4f21787ded2bf9014c96751d35be3a1828c,芽
25c4c2ef0d558a0c9b715c13c597315bce6af517,模
25cd360ce35958e08cd28536ab9ed0ca04a4f4b6,汚
25eea125e53f98483f38ca7a4f3ca11a5d107631,)
25f8322848e10773e7f5dcfe928701aa2c60563d,k
25faad596c079d6265fc8377e6479da5e11ac2b6,開
25fc250420982906fe2babdabee727a6f81bb759,策
2605d3d7304731d547afd311de4ec766735d018f,た
2635f06e576bbd74a1fafa1fc6e8c33601c4b5ea,リ
26638ca2cc079729e23e698666b29fb63de78bcb,到
26664518ff8fe6e0ec7c04bfad0f8472e94f5c3b,徊
267bf717214195cc299ec90626341536e35b2886,優
268f5878df75bd565a424259b556113ae041f98a,閃
268f6756a4fe27b5f4bbdc1f9a4b6db1debc2a39,可
26a1ddb4993febd071cfd06df2a98352fe9cf5d8,対
26b4b0d842dc187455bb47d1da39573e5aa2e4cc,旋
26d21d1dffd893396f120c7371f96505498aa637,散
26dc60a3235c0fd4e5c23a03cf2ba1efbe8bd1d7,腹
26edd5cf89a33e90112cd3f08a232090959c450a,F
2720000a18adab24fd70ff0778c8db83da6261ca,作
272be896ab4d88679257505cd094636bf72a9383,括
273185253ed2b97ca894ec3eec0d64eccbe4f515,惨
2734d3682869e4683de8b546d4b51a603466e9f7,P
273b94c0107fec5ec805f44cc629f88b811f2cbc,敬
2743206c0141dcae95311137811328b120d36e27,多
2743b82a6e080bade246fa394db069e8a5327cdc,灯
27461be646a30b897680387d62f201e36b1465d3,扱
27509dc589c63473710702db9f1ab5f7c22ec6e9,友
275dc43f0c3fd71bc64ef540838868ace4bc54e2,火
2762c1090c90b8b69b4450f5b3cf582b734a136c,激
277f4e58aae9bd201b13b2061af4e2722465978e,脚
278da5407b54a287c777e0117f8c78a301fb3f3c,K
2795fc71fe405bd59c0202c9c3691d606d11c964,廷
27a0e8bd971759f0113b640a71924e7c454d27d3,少
27a100e9d12561d82c5b4b3642d8884d2683a3fb,登
27c24c5521acb63930f7ba1169c58b4e081dc2da,外
27e8f13ea897afecc85d4264daf40dba46c32313,翻
27f3b24c00581704d9b12b560494e217f6c80766,逆
27fb6e65252425cbf6522547c8efbc0989b3410b,シ
280d3346e5a5c6c721215e5e43e16fa7659bf910,居
281f76559fe8d3b426836122d57b996774e4c8a6,柔
282959de68d5aeae39c4f5023a1c02c73505a759,ナ
28399cd215e72e1a0d7ad5316aae204eb8429bf6,ぐ
2857f29dcba1b2e9374206dd9830ab7c37ea9cf6,隠
285c611b349daaaa56556e59f7ba27a1de8b72ed,よ
2865d7595d9737721a17ea2cbe5cc8bd413db4a2,風
287922c36d2078aafbbcc1cc05e5b006315ad703,領
287bdecc2155efccd524a1557eb3f493b13a7a65,躇
288496e67bec9665aa4b87e589d2119a2a0492c2,迎
2898a210cb151e3e30ab1e7a312f131b8662abce,以
28aec45c9517b9a8d9ecc7f801ee6141e099b1f0,～
28ce973f72ac9382f6edf36c7d11e792cd4461f9,奔
28df9dd8f3e634d04efceca2134739eee3e444c3,d
29174523e09b751db81f50c701be9394612f1178,入
291d1280fec7453a509d709e5a16b11081658c71,向
2961e3c3ec96359c37e2403bb311cae2d857627d,皮
29696b39b4fbd110390c7fbf4e72c8d06fcace63,ジ
297a2d94070da7f943cf836252bfc81f4663b4a0,グ
2984d0c85cfb469169e6ae77f92dfd6bf75b48e6,点
299bc2749e6f812124421badaf5f2763805b17d3,替
29a8f6a74b5d8dc779e5d835efff0f42706a207c,神
29c6f43ca51c1b7706acf55614a245c33c82814b,当
29c98cee5c357296423af4190e01d76b284f5a1f,卓
29d7746f2ad177d2c8bf73884f765796cdd2ff39,林
2a035a9a13d5c80d079194e495d0328a9513892b,醒
2a1a887a97c9c539f1c7bad5d1d6476454dade1e,郷
2a2019b92c4e3c946aa52296ddab2b993f971e76,償
2a2032761888a901958dd9c290195beeb8276e8e,柱
2a601407e87e5890bcd65c4fc87aecfbe44cf2b6,―
2a973cbb86f5f6b4c528f59aaa28d596ba1e97c3,商
2a9cce23242e9b4e727ce5a1c2b487c844a0242b,獄
2aa223d57d90ca86acd37ceb8f9effb7495170bb,竿
2aabde3337f669519cfcc94f44c0d3b4c5d81d3d,亡
2aac7e4580f3cddd4c29c2a92840785812bae751,貨
2ab6a210800de62ad756e3060274e2c4f537cf7e,コ
2ace9d44447c3deb36a7758b0efd3cdf462c7b67,F
2ae5c562afb824775ec7a87eb25090b3ff08a722,続
2aed0c8ac1e6a5a30c4220735000fd6f7fdda0b4,旗
2af88da49a903b57a39a72a4a2bbc0cd6400bad6,官
2b16ccb0b23f8bd2088ece5bf52543969011f06e,！
2b382c0b3ac57982d07bfd2b01939a1a57fe27c6,自
2b7cf6d2c206be9ace0732c88cc679ad25f8a2a1,顔
2b959880a6bc216da35d5f1ffe78d2a8b6cd9875,X
2bc3c7352c3edc22c27771519364d3781a722625,験
2bccf003cf3e2bdb3a33b1d35548386edae7b3b7,？
2be840a2bb25d882607189cc3156d6ea2ecb92e8,祀
2bef79cf9bd623fbbb44e7034a913d3d3a7e44ad,例
2bf2b86bd27571133e3e1fd31beaaa0ca762c5b9,ね
2bf8fa02b21df169a31ea5ab642d86b78a3fd511,涜
2bf9886fd8ddfc2c3becb7fbe65b2cfbf1477ea8,板
2c04d253688eb73499dae788bca74526d3d0a67c,騎
2c0fa0576c888fe56e4227576942ac110f345697,こ
2c287b1b3190be8217c9f1916f096c34ef01d47a,参
2c29eed9b30f367db02ed16b657ec2603f90f6cc,界
2c45ef0ba0246ce9cdb55435e9aa8d5b2f941189,充
2c49a65e7ec9ea97250b757d46b1a001f0773122,誤
2c5671c60a4782e423513af0357dc2ad08b4a25c,協
2c579397bec3b68d99ccd53efc565e9a7911b860,芝
2c5aaa53f8b31d1689aed256f75cabad13f790cb,鋼
2c68116454585a8da359f967b18cd75c2c38865f,占
2c779be0be3c7a4af8644994b022e97c51ea4f12,漁
2c9ef283eaa5e2a67b05e797f1b95016f2219b5e,楽
2c9f185719535d28caff3bcab693bcb63dfe4574,X
2ca24bbe7a8227c48cb74f0aee6ade2ae71f67e9,増
2cc7da938c9dfb45f098745d371c33602a77ee80,稀
2ccd44b245551911dd70752120a39ba5f6f39c27,ア
2cd8d8da7673ba056abe2295de4a5cadc895ea17,&
2cfaedd27d78e8b9dba5fab26be2477e6a7874d7,際
2cfd9e9b18b4f20bf0bb922944e660f38b600ce8,I
2d1426eaf0c44d9ff977b043b41bbbe077f4b04e,央
2d54d1ce3bb3cff2d8e1a8822773c19d99ef9906,術
2d58b32a5f79e2cf77535c3d57251d826f096c85,打
2d5c42328b4aa664b1788a26e84c3d1f0ab5054f,傭
2d89db418ad2eff91323c9ec36e00eda75429f78,丁
2d9a2bfcf178d78ad58fd8d9f89856b1aa2932ee,G
2dab1c5f4faa4e435eb0760eb2de381384c21fbf,ブ
2dbfd0003e53980dea98c30d5ffc753ad8d21ee6,操
2dc41ae4bb62e7daf4105ee95911f9c050f141e6,尚
2dc5b52978fe0db56423318a995be4a578103ebd,峙
2dce994f974956101cbda827f8056c4baf55b548,路
2df42eb3e764c877d4529aefa1da0b7cb755352c,村
2e07af80998b9e60dec7bfc0dd057de948d7657c,生
2e0d164155a6c96f5750f8cf9cba0c2c70c6de24,ぽ
2e0e6bbd510e19da66d2c721a3e7819eebd0033e,信
2e3b7e5120cab6f4fd52cbeb64feac3a36e10daa,鬼
2e73ecb5bce8ae183b7cdc58f9ffb749435c351d,沢
2e85d4f0228e5785a3526870179af2bc2347f1cc,津
2e9aecdf73f7c41a9ba7b3b0626255583967135d,裂
2ec0c4b562dff1fce54487e3827e33a9218fa4ca,彩
2ec9e25b397078fbcbbd4bb354c38627782e8f30,虚
2ecb18d052b1fddbcaa9838df680cdd5fcb03f86,唱
2ed3d46f90fda2193e51544fe99440693a955b0f,胆
2ee4e822fca7ccc7cccfe08473dcc2e00ed6220b,・
2eea5c5b400f517fb216b6454e936545306ca628,済
2eeab24fe12d1982b3a6dac1ad1fb2d0a1f67889,贄
2f057d2fc630f9fc4181904d1872e0e70d382ad3,弾
2f43a8c4c0e35ba4c572d61f43c2a6cc87d5d682,官
2f4bad94b489064b740c934eeb337ae4817df7b5,壊
2f5386640bf7f3939dc1af8e1a34ed441746ea7a,大
2f5407b6d10a39a44d59ca210fb0ef1a1a245776,雌
2f626f79f621b2153cb6dc84a27e4afe54324ad5,握
2f661a08100d9127f163c3a88d09a3cb754d5d63,建
2f7d841e6aa7ae03035fec3e309eca6d013d9083,(
2f987aa2dfb5fb1a1eb8ad5597046e190ca95434,黙
2fbb279863a11f71673980686ce63a253bcf4d4a,e
2fbbae39c957b4e32e5b732a59c3d5186a91313a,R
2fbe453c4039dda5bf3d66f9005a91a53986a6dc,尊
2fc4435bdca9e10b67592fc4116771cc60d9ecf3,疲
2fcdede74b5a10daaf5cc78f5b8f68118a6c91c5,平
2fec4262d380fa7a2c5a1fb0d5adb01ec593bf79,専
2ff2922b6914bce69f274a47fc6c398efbfdd07e,螺
2ffc851a98ff5ac5ddbdca7c5eb730e0c29adbdd,展
3002ac103fa561347b08d6b92d4beb972e434f6a,恵
300a1c6943d4bea53232215b5dd84350309cbab1,煎
30219e0e57e472f4f13b2a4a97e87900cd2fd113,ゾ
3026f9f148fca79dd0f7a2efa05847ca13ba55ce,没
30303adbb8de6b1ae9799d8f42390f45bf744d9d,ら
303a22e19fb842b86487b56374de4ffbf6927d8d,線
305885b3298cb6a1a170f1f49f9283fbb0faddb3,ご
306acecc284b613ba4a2bfd145c48345460a7dfa,オ
307196be43eda409da86f00dd9801c8cf83f9a0e,Y
3085d869fe09777139a95af840a21bdd909dd966,複
30888e48f47c6f87b8347d118e28e3e85e9fdfc2,妹
3091bfb7a6054ba46a12f208fb8bb7926481c8a6,A
30929284827a256cb51788056aa022226316efcc,渡
30ad17792bf4aecf8d2a24ea601c0d95f60ad915,宝
30c61c1c16ce5bd582de0c25a468d97b70ee8756,獲
30d7e808cca26d7a74cada1c05b18582e7c7dbc5,版
30dd33b226bd18c329314deffc19882ab3400e3a,暮
30ef42c83531bc2aef26376d22c248feb87ab9e4,有
30f4deae77085ccdbe3a19cb5b59981e5c3b8c26,豊
31050be421502ba2f38b7ff50dfffd9a28d370e2,山
3109302f0d3751056f268c5b2b2feaba9ef20acc,深
310ece74daa4c6d1d329b55d5ee7da2be2b2bcd8,ャ
313bf69256793822694fbcddd91c6c85bb235b2b,契
315a7ad43e7a519c3a60bf902caf790bb659393c,致
3167e3c5fd70ec31e0e3a3e3d661ea52369c77fc,糧
31863d239006042191f9d5212ead7613e760a25a,し
3188cc0a2fcfc39e9ebbe182a6d7ec7d73221d4d,誕
31b1cc027c145fe2543845220c51fd8f228b6640,街
31c670f4839cd6fbbff9c284155ce86342a4cb75,速
31d81a1e90de3486fe117ba2109925c77c83e899,マ
31de4e1afb9d907259afcb2a7aec91f69cb97954,互
31e56ddec668dd474d5d18def48584d651cd8644,随
31e5d69c6e5936fbe811d8e17e19cf83dc7cf4c1,紙
31ea8c200d5804c1993117c037ecb4c5e61f87b5,0
31f763a126809c99d70298a638dcfecb145b893a,盗
322a83479dd6c3c4ae13be42c09680647990e700,話
32568e21bee80b56985eae4e0c48d150b037ba09,と
3258e8d8c5298795fceb4d782de80f6e6335c5fc,や
3264a52eb852d0af433cd354e1c7a09de0ad01ca,必
3268a3e88fa55759186b570eee5a0122a2f21a4f,で
327491f9f0d1e35b12a4f8144b91f7041462b8be,恵
3295d169f6806e605e2dbff8ea8d8c8565855375,比
329a4575389821d5a7caa43ba0eeffb08676b54d,溢
329c0c49a60a56fc3308111445ad84b4ebc03c90,層
32b4dbb9553da56aeb92c2facdd119d2bb18a80d,華
32ce426ce5a57aad376301d5688230675eeb61a2,h
32d6dc6e1bf83f5eb4e625cfb236f0f987933388,賭
32d8dd8d77e9211e56e4885cec7352424df75166,輝
32e450652582196787a6a691c56a2d8c6517b0c4,易
331e94952de9f4ad9f541bd1fd5c91d912abfe6b,0
3324aec53dc002d41320a22c74c4f47068d8f8a2,娘
3326602bdd59de8b37b831211b65d6ae12461423,訣
33445b9ce8e4fa7d8faa6f0c270c797b3780c649,炎
334a85863f4e61c43ea5ea53024a928bee152775,董
3350c1a2fe1dd0f1cdc781d2ab2836c08134f905,駆
33529880644949c046191d44862fed8cf82b0aa2,厄
3375d0786ff17f3fbd627837bce4a4e79c718583,路
3382a67adde0f5800bd94b0dd963363669fbb912,て
338a27ea939bc729fa2b863288cf28f701b7f57f,幼
338c126bc893878a38527fa4c09d58e2109fcf7b,私
33b4fbdf17ce55a24fd2a37c8224d4fc3207fe17,意
33c5e116b54848178c90de585a198fe5ebb5aca2,肢
33d5f0bed4b2cbb41a3c5e2366641e9c847ed2fb,C
342bd835cc9ac18328832f8b620824a8760e1296,難
3449f601c0f06bef5b2d8f829428f1726ca102d3,腹
344a212bec303d092d0202834a582417de7acf57,w
346c03d8a7917e95128f5c907106922986658705,輩
347c748991d2c7caa8ecb3b2d7479b4da014fc86,鼻
348b65c5919d124a372eea80fb58a35d539206fd,否
348c6864de3768142b2684dc2c361b4344c97e8d,層
34aa3cc589ed508b5f5eff7df1292b276f138e15,幅
34adfd929c3c7812366841a2c38d4b375ef4c3b9,勤
34b60dff77cb6575dfe358869e192e71e903a20c,鹿
34cf68c8f105e65e27253ffb65f4c5b26200d753,蠢
34d107e8b7748bebd12d56c75c6d6b868c9c2979,彼
34d1e79aa0109554ec9f26ca4e99f72b80b571dd,天
34e6f8b7d5d042be630bbaae0e149779880e9477,臣
34e83a2d83a5284d25b82555e378d2ffa597b470,停
34f5699b5461857f8ef236d4a1e7f4849ece2e48,庫
34f63f49d7452d345ef628ec149447d0fa1e5ee2,貼
34f72835969f5741fd318208db53f3fb83353a7d,清
350269c67d330d0d44e36c615de2208fc46a8b4e,片
353a32328bb80f62376140e718aa98a5c3586b53,“
356d3509372fdc8d5cd263e5020dd42c7fb2a85d,則
357ab9859053128c1e6e0f88211db99dc096a9c0,組
3581035b62f25ba165faade497801a3ad25d42f2,覚
35bc216adcaefcd7da3b4eb6623c706f697187df,援
35cbff2b9a2d7e505d1021abc5c6604033ab75cc,誘
35d1506ca2279347d7a9b9f2b970640558f22531,畏
35d6984bcec31e27cfc0c1e33e728182506ae881,V
35e30d90104971099f03b506d3aa5c7545f6a28f,侯
35eeb161f9bba9e7056abe02cb3de594cd89d49d,同
35f4e0680e9be7a965930df74a879718dccefd80,魔
35f6047b78c92affe26e145688c38785f8059f52,今
36031e7fddc9114b30edc82bc104dfd1444529c9,脇
36246dee4f760ef3ea758cc456b614ba251b0e55,果
3654e4f88387edc5614bb1ad447cdcc08fdfcea0,白
36579a4633c5b3350b06bad61431c63dfca6483a,持
368c00b16232f640ee056b086167a868e98b9f73,怒
368c4a2d17e1f668ea62b6bbe753b7f5495ba1dd,触
369e67249061d45b1a8ca44be1eb7da55b63398e,疎
36a0e27a5e84fe20d0653e189dfb5c1ed0d112f0,音
36b000b8c7e840be063985767b12350bb6233c3f,干
36b06b6b9ea02ffb0ab3e1b3402ea7b6f5a9321c,っ
36bdca7cb2f28d7d74fd04af52c601aa27b5114e,文
36d20b1acc7809a546da65cbc8d18f48b96adeaf,丸
36e020fa0127c179cab6187953ce841bd019a8be,客
36e55897471e98534b3f9d3c2c5751901db9fca3,預
3712e6934ef7f7acaf2360bf5f003ce580dbd3c8,駆
371eece545e0fb2d570268cf7df3c44d5116acbc,G
3722522d7346e574e08f1f9640ce3991a5734f77,傲
37279f6a547c38e96b8e0aaeb578bb248caccba9,蜘
373cbd9316689086e93f7caa9096d020b3320fd4,？
3744ff0d23f3a608b04fd82136ebab8cc6b12fbf,毯
37494c9b287abb623f7f4733be0a319c689e68f4,詠
374fd06e7f3f49ee8a06a77a97997f3ad9f5b73e,育
3752b84c63f7b762f1bcff367924920bc63ffc3b,伯
376a7ba31521dcaf3fba80362e2658ff41ac7cfb,潔
3783f2547c0c50cb424c44e482e7c60c5c153398,秘
378cd2816ff49596a48c0a4b3d01f66454352bb5,わ
3791feceb87be8bdef807812d7556328ea103cac,英
37b4d50b70500145cf7006e62cdedc19fa18462a,技
37bf7de79d00fcc39da64b7e574ac2f207a95c70,帯
37c7ce4a44453a53ad2b9a34b8d50db2e6c788fd,儲
37dc129df325c165791db8aaed395375f877223f,識
37e28ecae2f8ace143022164825b31c9b0fbbe7a,軟
37e7d06a43b248817c90d7703114cb74860ffaf5,属
37ebe2374665e5d92f4f059aa52bf2b39e5eae64,再
38012505889416167bc04fbf8f95765204b0422c,猫
3814ba5148e039d9a0b361cd94232551b1b99ba7,噌
381cdb401a38253409fb2d73fecbd596303377d9,サ
38352341fdb72671931e93103dc25385e29ee909,戸
38450f70d62e1edef8e33651f384f5c4ecf4a77d,u
3879a33ac8ed8f658e713d13a74c4172048334b3,ポ
38a0fd7c7589c3a2ff3b2f747556594cf576eb33,隷
38c7b3a8661817858e5cbdf85ce77290a8171b77,纏
38c90adf7f5e27cf5f4b9735ca224c9b967c42e7,他
38deb04bd5903f6ea8d70081275f8be20114bb28,震
38e5b142c140d101c8c2868ede41bf996a970f0a,八
38fe974dc8410384e17c3f1a16e866ed8e95eacd,ャ
38ffbdf8386f867a68b9d05b9eb0bfb1bc2b3ddf,絶
3906c1bd8ff63710e41ef142dbfcc5e49adcdf31,常
390b7359943ee79ba58e0230c4ee2855195f52c5,命
39102ee2f4d06804605bd1a07c93ac77b8ee8833,収
391b9fb900133bf39cfdc86aa4946048a86a1216,ゼ
392aeb77f42b330956d914dad07891929111c267,騒
3934b09ef8feb1bd8f263c3e37cd53f156e1c580,e
39bd8587522f0fff366f3e8a2e0ec756c488e755,福
39c58eac61189c59d0010066fe68e32a440744ba,V
39cf956fcffca3fa4ea37426f42db675ba29ce5d,来
39e311af5a70062c404c4b1eeb95b01da6db0487,l
3a0417da588c15c8f0e0a1f4022527ea294d9806,リ
3a07c4c8aac49853d8fe86f0bed4fc85276c6c35,示
3a1f3cc72427649a33b53056915e672bdce56a81,乙
3a334dc8fc579f0e8ef9a955d768143290fe9bd5,率
3a46afa70d20fe9572ffca1ac3060408d14613f8,捧
3a6ea2e1079a284b3f33ccc2f5c63691f3d76646,勤
3a7373227a4473a81a2074e8aa906ac7f8bf9880,M
3a7b6fd239d71a84ffd3ca95ed00ec44eb302f3a,標
3a83169a4bf4d2ef49de2324714e98aaabf11e2a,凪
3a9df7cf160cf99df447b9ce2671df111e981668,警
3a9f26c585ef7ab22d7a2873fd4be88b1202172d,幾
3aa98962ed4310c99ba1b3499b41466b29c241fc,ヤ
3aabe8a5a0de1dbfc3b04e77b23f9ab6f35cd11a,逸
3abf57ef829a4b2be9baa6302caf7e76ee4a19eb,累
3ad70adddc31fa890ee19b6c6264a1b34344c023,較
3ada06fb1c4a3e51a6aba47cccbb51b668208047,物
3ae097e4e9275635366b1b90d9554694435dbc7f,o
3b1dc117d6e840cbf46c5c88363b02ce95fdbbba,勲
3b1fd50bb4eaad3642b1cfebde99359f4cf96a03,頼
3b24729fa1c5b28b2ae856643ad620a3e30d440c,灰
3b2b3a8c806e6c40a70021b98a929496378e3eb0,董
3b4f2b20a943702d550a8cc367c1e987b987a858,作
3b50e604281d2d853be3cf1f8c53656417eb5016,底
3b54d75875281567e42ac9525bb8bdaa3fb129d7,n
3b645b825add527421aef96696ccf7f9225cbc56,暴
3b8516aebe441e191a97140beca75b027066bd02,遍
3b93f1c9be8658da9462e08d9e57fa1bd6221530,殊
3b9d156eafab21a5e8dfe495ae4d2139db35ffc4,麻
3ba9373563fab84fcc2325f0431040cadb2612d5,緑
3bafd3a2e0468d5fada5d956ffbd62df4d0c61fa,埃
3bca87aa3ca7bd9e7bade7791751157f78ed7429,間
3c21c0d7b598cc798075c7aa6fc41ff9ea5dde3c,c
3c30ffd4db277507e4982a5d79d603db412d941a,勇
3c47c7b05bdf01b48d09fc12b547f929d2551242,高
3c650fe5a5d52a8e9e73aac87ae0481b915f91cc,部
3c76074db2cfa73bf5c5a52cacb14c08be1eee9d,Y
3c8a407bb96e3664adba6755b5d1d8d495631519,浮
3c936b1a053faddd3e736bff2e00eb3ee4e6890e,番
3cb8c6f4972cf3899963fc291e41896670cb57bc,泰
3cd5287fe1a10ba5042490b13f507a7a2143be88,絆
3ce4decb36e996477e961cb9d6561d819bc31b16,納
3cef13376731960af23cced1f58b945037ad75b3,ゅ
3cf225961b79adba2ef921d5af688ea5d1a25689,害
3d029628f9e5b1c68dba9a2a0a0763c79521c819,掟
3d04308aece1279d423370cd0c40daf4ef56adaa,皮
3d0d7948f9058b553fc0f315a35e58fb8f8a3d7e,ら
3d1f4007baba4c68d2962efa72bb96d3ea72ab5d,爆
3d3e2a9cb3288dee8d72b39d619516c0a53e747a,字
3d5910a6ae8e6736cbddc170c97cd0d0c846b4c8,貰
3d5ce8eaba6b49151378dbf049e63af8eabe509b,与
3d6c1eaf67034903c20d2ad2428af6e542bed85c,型
3d6cd85739d384892b7e734ee013c3340f5bff95,く
3d99ae8e316663aed086a4c9aa001259f9b9e670,郊
3daa3077218ae4838e44555f6c7fb8e038ee4850,浮
3dcc7af840010d1d00f52b2250bbb22e1bb90dae,淀
3dd39cf3fa922214dd7f47eeb9ad9499273bfdaa,豚
3dd59ebac8fb76a9237920c0131024909dedb885,朝
3ddad9d55d98f8a4c93abe6bf12eaed020eb8eac,預
3de296848d6fc20ca227248ace316963e0215c13,突
3df60db7b661b24670681d6c021286f0cbd21bb1,顔
3e1fc4994e65099c6433df39540cd43ecea921b7,波
3e21a94d3c483ab73d82e3358aba1323f7149892,れ
3e2e75112410f81d1e6848ba820dff383df9c7b6,♪
3e6a53374e19736447e8d7bf156b3505a94d04bf,K
3e7509af923bd4e2f73b433d624f0d43381d499c,鈴
3e7ef177463dcddc1d40bf5d753dc145f22634b8,暗
3e81d1ab295df6d8fe5639cb9f5cc97a3764b3e4,K
3ec892a7f0eefecd3d2b20e9eb1d8f3693a8d7cf,歩
3ef2b60bd409bb8945d9500c6fefaf90fd7e2863,y
3eff2cb2584d751afaf0265ec90cb20d0f7b0d3b,を
3eff8318105b5d59492a91320f8c1ebcb753a3dc,把
3f109499951b9ac9b0019ecaebf21a938b7a9c54,就
3f249f07ea139ae2f942bcf3b907cf68170983fa,採
3f3ec767d5cc9a852a9ab7ae2e50927c4398bbb6,召
3f567fb72c288663cb31375891f8d6bf494b0f9c,o
3f640da3e9d734d57bb8194b7c4e4492b65416ff,置
3f7200eb72804b6ce021cc06e1ab29e34f6f955a,港
3f7742d9f883e16e6b8ca3b00d4d543878555370,豊
3f8de041733faf4938d6ce08be509cd64b35ce02,合
3faac73b158f032ebd11dafda1ef89eaab67be10,泣
3fce27622fb7686c94cea8f2b43f492267d56b85,般
3fea955831683019a3f97135f2e7fc4a93f1bb1e,z
3ffd254d3c9d90da5c8f5c5fde5e306076746726,督
4019ab3f43e876af0f6781052888cee74de13fc7,げ
402aedc7e019e1cf2a384a98a6c16cf9316c3fac,蟹
403a6c4fd4ac62ea89d84bd1eccc1c5a07851906,契
4055303b8462b503e01e1e6bb4418a73cd99a0c0,I
4059b1dcda6871de7afdad041718406f1089e446,義
4071a8442aa7e432a5445b8e14668f425ac7196e,倒
40d31a43a39cf38fa99a93b603c8b36ff8a005d5,敢
40da515f6b3dd7a0708b0da60946a6b9e2883dca,農
41000ed3ec0cd4345f6c369cb5603d820fbde9bb,練
4107d69f591b0bab62aac39a6caee32c97e264df,三
41141214c704a09f4fe737bc23b3655f51120940,裂
4115a476584cd523ac1d5b0566147ee48612be72,富
4132b4d2c79ee539b672975afdac9e025fbc39f3,廃
413eef0ca23e4cd8ec1b545f1f6773834a1f64de,嘘
4151d19ebf0a03eb5076e868d375b9a9d1a121f8,杯
4161547f6a4b7029e134458ae2c98047f1f87f9e,鍛
41635b897611e84d8272dc19b5c9cd062ef415f2,個
416a69dc1c9b950f278702cb4e2bb2b106b07981,と
4176ff6607b329a15a819b551b99248e6c8af50e,純
41931827e944a5124af452af7e907690d2e012ee,馬
41afd986c4ec55ef1fbed0b01ff5ad49038b1f67,其
41c5f03400d0fd82765f22732b70a387a520a107,伴
41cd7ff399c011d0a353a22c062e2edda534eb0b,珀
41d5e6557ff84946c6c2331dc01ec556c5a979a5,ボ
41ebcb2e97c55efffbc69f4b79c45af7e45fbc03,匂
41ed75fbba77591f42efc2c65f32baa3dca900f8,跳
4200308f5f0917a5088727c907ea6f5da9ffb7c6,組
423092ec4de474cc516fccdae2a5c45eae341f2a,鞘
423bd16f7da09ff3ec8eb0bda4087fd45183bccd,凄
424102a5fccf172f872f1367ae6ed1059bfe0861,啜
4254fd69bfda1cde015bfe35ea20b55e81a2d069,血
4265bb5d881aded4bc1d69005240d052a4dccc78,教
4271366f1c4bba1e67ec0dabbbbe56c557fab286,騒
4274b69eef0dec75b2c69bfea8a9770ccd5440fc,敗
428571f35d415e75f869eea30425d88e00adf64b,答
42aac09985c82a69c4db67a995dc65fe924da0fc,報
42b734008e3f1f95dc0e58ca67950adeb01a474e,翠
42b7d5833d2b5884ad9dd0fea58b46a6393b57a1,防
42c7d5f33d14b8df788830a99f61f4d5ff8f2805,棘
42d7fe499fa0ccb3f6a4aedb398f63dbbb50b15e,恨
42f7fb2481b92b0571badb69cf7f6271aba88c8b,見
42fce8a280813b92ba278aa7b0346b555f5c9b70,問
4314d56960bd354358632cf209b5b333ffc0e5ab,穏
43200035e27227894a4b7ec0511c1b3270148d27,真
43235bdbef9ae5259a1ff4fc5ef70b15743c7d31,」
4324344e12147ff3d4f62143313746d18c91ab8d,α
43255cbf9463044d923ca5f0b47a211d754d4340,訳
432ba1e419e6845433ac98b0a5749234ae4adbc1,送
435569f4af7c62dcc5ef3685a5fb2cb602e91eb5,骨
437ac8b5fdf17deabfe2f975c8cf730834c2da4c,罰
43ab79548ae02ea8911797268a8fa18332934335,咎
43bfbddebf6634215bfbfcb3e4b515d01f3b1e57,紡
43c705aa78ab23da0b727b069ec60906a227f57f,拡
43cf7648e6afa242011d5df8b51aadebaa7301ac,湖
43d50c1afc18a2a8d9afe7dbca9bea1e71e6c33a,行
43d7d650ede85f8a3f99d7144a0f3f363fd497d4,退
43ed54b975a23a3ac02a6de0becf0ff10893679f,件
440248457e21f219c23ad9a488fc8498e889745f,G
440918d2f0ddc2c61aed2bd5a78f3f044b8b3f0b,な
440be2ebffb8e0173206f4cf9c210fa1df9eee06,恩
443a674c469af7d3994d76c4af034180ff9ab97d,覚
4445cb5aafddfca5dcd306c305a06abf22d5ef7c,設
445fce60bc10e15a4df0173e27349d2016fde98c,潜
44820a480fb36b9fc6f6b99f71254699c76ebe3f,毎
4482633c27ee5444af8747d1ce9945a635bafda6,壁
44b1df7574fa47942fd19c3c2ebdac75c2fb7f9d,R
44d79ec43795a4958693fc444c958b2553efc980,鱗
44e5e36b53b7ad31e968d3b0fe469a37c42b2f79,二
44f62f88c58f0e69541e46024e4cce84aa04dc7f,き
450a5d6c5888e1c6220306a3bea2d6e5b6c22e63,硬
450a6d0ccbe89eea40d82fd2cbe9244044b133c3,醒
451436baad2517d0adf7b9ed90f3c792bc196239,種
4515a4c30db96425ed2763bff49f32b019ef3f55,級
451abf5f6168de96292df2a340d4236c612291be,丈
452395d39c9803cc37e0aaabaae04b1be20818de,妙
4527bc6669a3d047d7dada4c2c96adccd19e7612,兆
453641582a78e59fc98fcd2dd168377d95988f24,刻
456fa6eaed683ead3dac416757798ff976c959c0,情
4578e9770b7b2b468da8d8acc23de3ad7be51900,乗
45995cb39735d1bbfcceaa380e342a4542e1961a,荒
459a56e83f48aba902d6c7f740aaf9585a52ac21,轍
459a80f11db65db400014860297987d4e763c1c4,直
45a061a640ec9ad707c08ef17b3ba3776111a753,I
45e769e4c63294016f53015b7bfadef030f0e620,鮮
45ef9e50a531ccca66b87896e4df4764b1961ba6,太
45f99dfc1c26c8261833d0adb3c2e9076e352922,黒
460a3db51af88b339176b902842989751c3612de,設
4610711cfc9b63fcd022793c61b3f10551021d05,出
4620d62ba99bdfe374b203f7528211bae1833e29,肝
462c05e2899fb4b5bb46388b51d28b632f1e71a6,↑
462c54c71d093422ae6c5ff1f5b1182ef2861453,逃
46332f265d97a45bc7056d95d605058bedaf9b76,飼
4635f9030e8a6367f84733b47a282bd65b59d8d0,融
466dafc6cd592dce7dc7533bb3d27849e7759797,昨
46718d3fd4f13fca23c8c69445f7f3f9e9087acc,施
467c9affac7fa0e1c40b431c462a59e9dbf8a253,歴
46dcfee813fc152803dbd4cfb75ff29ddeade67c,e
46e69e7989185da2833e667e60e5517f3473835b,＞
46f6a3af1b550664e9765a8fc845becf47fe1f06,噴
471996f6cddd19f02cec304f4bcf70fd6b14746d,抗
47242175db91c13ed5709c6dd326a6246bda358e,美
4756e5d2dc19abca9b73ece4f53005756c44e54b,面
479239532b205109e21b01498ce385f2ae29569b,C
479ab39795b8d9dac81d9dc5969eb06fb3dda566,勝
47ba9251c80b31532c53d3973b2a221bbdbd57da,目
47e5afaf6050753a2fe70c726db3639109912fdf,賢
47eff190ffe496ec8e5bf507ee3a00f19b54c535,Q
481678586bcae1228d9693ad2e15117bdafce338,書
482571d79dbbe0bdb0b3404ec60a03fc4a8563c0,整
4835bc3b1a368dc2eb81e0cf907b922334750b41,h
483f9753892d606e0ce666d8b5632793fb1f17ec,l
485896e3586c60314f73ee265e3ae273b245c706,ミ
485c381f9ba0542726330db6c4921e09eced9204,P
4875c27540baa5dd3993db5caf10bc95b06f421b,ア
4896fb003227492b307ffaa47cc1f8f6657b3ac3,唄
489ca5364f388ff36d1af0eb12e2f3e10f4606dc,奮
48a0aaaca6946df4c51a249f2ad8fcf39acbcb91,シ
48a824363aef3720deea617f904cffa02a543df9,形
48c0a0556d33b9870617278acfc187cef20551e7,N
48c9ba81d0f81b6529e915512df58c181642a8eb,ワ
4902e6baab9f8c2ffa0532bb56145f1949c881ac,馳
4913ba1a187607e9065c46970e80cc035759426e,殆
4938e7b6370655d725669c7eab10a2b9254a89e7,全
4949b52e12423d7f090c36c0e92e8d375700111c,5
49c8c92b2b6ee6be6ffaa994d9c04fd8c0f4936a,瞬
49d534fd0149411528870fabe1f6db9b1899aa53,注
49e2de9df1c5f5a26ee79001fde75c068576b5ad,&
49f37ae5669078207a2bd1ce346c08e861538bb7,侵
49fd489f15c4cacf47e9115a2535d2c5dba5cf76,替
4a274a34509ef4b0650613f7b937c8bb2fb29f47,ぱ
4a2e432b43a32cf8fdc81f0b2cb9ddad9848c76d,景
4a94aa792b23e154075301c34fdfc87eb3a4ce99,燕
4a95286e69ce98d3353b27ce09588af2b286e074,忘
4ad538e447c6aac2434daee0234f44f684e79d90,捨
4aece69ae8564f6685a8616231b6939042b0a4f0,定
4af02bf035dcd3c48f0c130ab6308b6734d2a138,原
4af6c80dfee4a0b68f1c0b9e68752d21fea678e4,c
4afa8a72b1a7c42a83a554eca44381c5a3e88889,姉
4affaa042f19d7dd48a96688b3d64bc12fc73afd,ヘ
4b04e18c7851031296a3960dcd9311b33eff3c7a,A
4b05a9c3326e63a78239812db95a5f652e4a60e3,墟
4b0aa20de90a179d2f8e72134b61e9d715fcd8e4,貸
4b34da31e1aec1104884b8408a947212e3524423,ヴ
4b673f1000e4c9858fc630a3490a4d6e8642fe32,刑
4b6a5a536f79afd39b75d2591d46cde975b6faba,途
4b73ab18727104e99d04b85ebfc559a1583b0787,致
4b7dd3279eb939278adba4fe794c2a5c4a2b6b01,迷
4b8021ce7d25f10750d121a99e6a0c2081557f37,法
4b95cafd0b303f2c35edb7527f76751492f1323f,N
4bac55870f770898c4c4dc3bed074b8fd44d09e4,O
4bb43bc8a16e6ea8f8a7948650f883465e445d7c,唯
4bb8186b8eb132481a4eae9e6d8afccecd733208,隙
4bbe238314aca4a96ecd8bda0d97bb9a304c633f,凝
4bf302ef4116e26460323bc2a0402be56937fba4,剣
4c2b827d506a0392370c6ad9eb8a9a783b2fca3f,俗
4c4b16067c9c85c991a8e8a88ee99ecba057412a,闇
4c56ebed75508418c3326b94793cf5eac4ba4e31,別
4c694678f41158a404e46f1eb20925768e8d7c65,づ
4c6aad49ad5b7d0db34048bf6c8624355dc85fb8,t
4c6aeb007c8b4bf82af7f896d93d2d9e7c8174b0,塊
4c7117b993c561ee056f08eced5c4d279d44f079,実
4c737f728657e4efacec6720e4941e5a2cc1f782,道
4c7aced3e0e86d2ac5a1aae7a1ad0696900ed8c6,軽
4c858030d3b33c6acf159cc4c867f863b9d54463,心
4c869ddd43f2a6dc9cbfb3d29c1a3287d6c54f5f,誇
4c8e5ad2d8ed9e5c1b5457260c0e3a5eb63b0994,豪
4c93ba5cdd03aa2832b48489afad94a7109aa2eb,H
4c9f3282eb32b137e7afb27f1539a8576d5eba97,帽
4ca5962d81bca991d03f1e91ba9cec8793af2863,ソ
4cc5eaa3d68f342a1b254c88ee4fc50d0698af44,康
4cc60ec60402d1cd7cfa9996360ea4555be6d3d4,級
4cc9ea1981802720452060db76381f4926167426,幸
4cda7fcf2c694f0ab88cd153d6ba31cbabf490b5,g
4cf9944a7e63743d961738f3cf60c32c2fc2fa38,縁
4d2b6f833d4e308eda0123f8a12bf08c298f39f4,服
4d5833fbecb9637b373f9ecaddaea4fa20cf8fe3,脱
4d69d9eed3a3363674d4ef26378e6afd21194cb5,爺
4d7c43d28bc17518cdd7f58be1c45380240f2982,p
4d80f03c34621e6985b68fa85cb77ac6556a9486,休
4d88ba67e6dfbe39d87b7f8f6302943570588f4f,黄
4d8bb6333ea9f32338bd59e8f9fe743fb38b220a,漆
4da90fe28453561f10d9f9622c7e465656a1328f,y
4db403498f4400b10408c35a8f107cef412688d6,追
4dbdb5aa327f04f8991c51d5154ec2343fb74b0a,斜
4dd4290cb8f788ed988ee883f48c1da58109c1b4,鎮
4ddc37bace6098336a0fe27939331508848c0dfc,棺
4df66f630bd358aecff081c487fde769dd2ee65f,雑
4e020e6658ffe8a74b808baae033b516eba06362,O
4e06f6e7cb6434e445574f13880159689b926593,棒
4e1266e3ace9ceec15a384c03a5ef6881d2418ec,欺
4e232a1f5bb0c5cb02d78c38025193a02e164e72,返
4e39c0ecab34c5b04ab07a6f841d1ad2db4f9eda,次
4e41cb3a6904e8bf7485408c798f838d150f13bb,送
4e5479084fc31dd979af47cf08b8e891503fad19,受
4e54c293f1e382b06a54f9f8dc8a400d65947594,欲
4e76d4c0503764792f9fbd45ca8d32b03c5dd8ac,セ
4e821f35da42cab00a1f7287da4dee4dc17b8ba2,尖
4e83dc8843d8dfcedbeaab80cdc2e598de480568,術
4e90172e5eaa29b32f899b3dd60bd2ff6b62fb55,嵐
4e9e526b4546f8484a9ee0d419b2915b38293097,K
4ea15128a25e1c9aa8f0e85ffc45aee913240a50,惑
4eb51802f916ceccab28e04b2515707a1c8bef63,栄
4eb731764fc0676af605049e998c0bbe0abbf089,父
4ec28ac5c4e2f197d67f952defdaa6b887ca7497,既
4ecb6dcc44361f2eb14eadd5f23f937519b30e93,補
4ee4f5a3d591eceebacf1e1700d9557ae852bc59,待
4eeee4532ff6b8cccbf5464bed83213aedab9298,扉
4ef4e4a9b05b754ff22e180f37119de85538a156,配
4ef8752b164befa891763cd2758209c13f5e406a,胸
4efd4189c20dfe4337568e99996664c25d5a23b9,努
4f16e8b1df3f36d578c1d86658f59739dce0a3cd,索
4f3605cccd28d45af66698c4f95dd63c3c062a29,p
4f4d0bb199f6de23dd77192bf2d33b7aaeb3d6cd,浅
4f527527059de93bf638bc3efb7c3a06e7e854c0,谷
4f61a40acd5122d99adc061744f469bfea541f5f,翌
4f686534be054c9cdbbb389147f1d681bc75dfc9,健
4f6a5bcdfd7c5c02d593899133acc2ae49676959,御
4f6abc8fa05a7d49da8a55610a7bd66d1a4b9f30,養
4f977ff2499683b15e6d1db164b4eb8182b941c9,史
4f9b530707baa698396690966d5c110e7a426d0b,競
4fa8c11160477bcaf410ae1b5bfeefc2a9335d72,黙
4fb8faf611c1b38d89e1372e53187b70371d9ec9,飛
4fb997d6f197e55d2593d515d15b60b50ef37ba0,借
4fbb2b28d530ff3fd9d2fec2325c60695fa021a4,ハ
4fcf3541694204ac499f1e9d2b39ee54457a1f9a,1
4fe1b6fcb4a651ca589b2f3a6afb5b4574928972,セ
4fe3325cc82a8506d97e5d91096d742f7c379f78,甘
4feaae1ccbd939edfcf8aeaba1c2dfbb565d7815,這
50104f760b93a0a912fd82e68c002fd9a2707958,E
50117599b08c3d1b2394a9b63588b711a6553cf2,焼
502cc43efeeaa567d23d47f492e0accd5ed6ff83,聞
50351ce656e622500315ec4b5354510bcd805275,豚
5046b245f64b7bd4126ed346a000f6a668680ebf,別
506485e9deee165fe381095095f6b6ba3296be02,i
507d0b0bb34f8124659ed3c3287bf9975836aa35,陵
508ba0f23293d12e81f83ea5ed84ed68c5c0914f,信
508bae87ff676ef0f67151dedd1bdad61d2cee23,燃
50c1d5e7c1da7006a5d171a6f3da75bca97e5733,燭
50d002d88f0ba177be11b5c46fdfc8b88bfdfc2e,略
50e4f5cf0b5f27d441bcce002a9795a01f8126af,鏡
51007c5889d0f6bb23487657931b933fb8d7b992,夢
51105377a4409b827db95f7f3fa4f3cfc2cc786a,屍
511256552bcc3875bf57746b684bec3078342f48,混
5115aa5553951743d5a6ffa0c38020b6ca476972,魔
511648c02b8d3596a4f37855d05511c8436f7834,好
5147fee78bb99e53d711f8d4519334f3b4534d70,匠
5148831c1cf8f9173a6eb01a903430bed132aff2,繰
5149f52709f8cb432e31948db3b159510327bee5,は
514ef5e9adc28d15ae656ab0f2815b4413e6ccb1,像
51633d21832d64a4731f5998f66fb14269c3dbff,蔑
518e257213299a28141f590282c164177b8159b4,創
51904a9ca66331201ea95357500a78f9256631f0,e
51a2c672b44e2dc94ba3dbe21cd1ce562fd08ce7,止
51a582cb6d3ca7201143878f5660785477efa526,請
51c8a15de820ceaedeb35dbe8537cb0332e93c10,『
51f8d297dc02cbf0bb02c43ceb9dab9b13c1ccf8,床
520888bc347dd7dee48e7e48946fc91566577b44,遅
520ba90c5f1eb8a1933061a5d7b9a408e2353a80,覇
521c88ce85e8fb354c1d3d8ccbdaafddd5bc66b4,建
5220608495b1acf1ff38a64d0cddf0682c21046b,溺
524712dcc56a5bca5a7a5ae99beec66d22d1e6b1,春
524aaf1e6c9a4fbc95e138e2f1d1831416173d2d,ぉ
524b3f361fa9cdfd44ad59ae1be55a68efed7914,乗
5279938a1fe5bbd595a14fa1829772ef2acd76a2,下
528122509073b166c26de3b19a74e8be00ec3da6,割
5288e8f560af64f515cac2052c5e1966a8bffaaf,婚
528fe533dd7ba5dae7ac917094b7de0fbbc5da8a,仰
5291c2fd4b25b7c9aac645475dbdc172c13838b8,交
5294842c9af6785ac19000894072b4287466a00d,形
52ad099ada12453ad8502512b9ea80df5d6d446c,周
52b6d284c156aa4842b4ce49383a7ff97543b446,に
52cadd37f32f4782448a5a3f0acbe1171df7ac7e,待
52d4240428c0a7e6ca591854587bc98a5adcf833,根
52e59498a0e10d03f872ec3d026749a9eb697552,季
52ea3128f6f47e9c2d1f42d876383298aa40a185,狭
52edc5b8d0feaedfa9a8f03aa1cb135c4f63ec2c,漏
52f0b80c3a3889a7b03fb8634b511f5e9888acb6,鳥
52f5e4e9f702011f189eb642b9036f7aef1ea3bb,届
52fb6aa38c9292c0c63ab3b0c8736eb751f470f0,隔
52fcb17e4aa7615e19959c2763f6ad9c46d11c36,か
5318d27cd0454ae02d989a03c50bb2e0a4694e75,胸
53197fecc6fb7035af6597516cd37b7aad6499a9,堪
5320193ce69de8ec6d7535f6a53217146dafa623,禁
5329d37467345c8a4d828d06ff2b7e1fe2b9a59f,武
5341d231fedcb8d5c0ec0a63d783ccef588e9325,愉
537a7864555eac681ae2287b2471aee79665da59,嫁
53940ecd8a8f6a9e8dd133bb6a3fb8ef5de30ccc,邪
53a151d73b5acca7ce4c0b0b452be2e22ce612ba,所
53a1531298c8072329d0eed08d8b76b7ca52527a,I
53c2fcf86aaad07eb9935ff832120bf87e7a9fe0,晶
53ca94c36a16e9ecef0a8a9c217cbbdd823ff566,V
53f3e8d4bf8c290854fd49887840bf6195dcb1dd,着
53fe2885377f02d397f1fc4347d1250e8e2b9ef1,杖
53ffb1ac0a16341c619cd577e5e47e87911b476a,え
540f2dfcc833b5090afc4485e2917ea4638d788c,白
5443a2583760c75124d9dcadb87959728c92f02d,万
544bbb479faebcb83e1142ab995bcb65a6984710,的
547c383901d3f10ce085240f8a39ad854c5b37d6,枷
5484aff00424af999a0f9ca845766395198ff78d,詩
5487efca13ce7c9d906fb16862346d72c715003a,u
548dc7d1200a07aaa6f829b8eb8f6919d520b2d8,祈
548de99e72dedc53ff813b16d55529f834c8e641,喰
54d8b53ed20d18de5672a5ee3bdadbe345cd5609,未
54e3d442737ff7e0b77ecdb4e79c05ea66059bc4,言
54e7da8f537e6290f9fbe39f4bbdebeb5643a09a,呼
54f5707b376d4a080130168e9d82b8e806d7c81b,う
54fc6eb3817b256e63a5f59cf0e36a8ca9ad0261,逃
550426961f4fe5bbbffc51fb3f965f5656c955b4,a
550889ab7502dc9205b6b5cc745b10a441ef06de,系
55232ce0c5a63d9539f01b1c96f42004a74e0559,下
553a8ca3ceb0b247d77196a29c186d1147ad2a56,9
55409c222d63ab00cad42ab73ee5235bd4c790b1,囲
5540efd2493e390b5a34e8696c82d43f0cbd7ee6,牙
55461ce122ec787c4275ca38b993ab6d724f0d85,吹
55481c7241ce2b129a827347caef9ddf57cef1d5,貫
55616da1175e56b04d3e462afe6749163e1f6707,郎
557f1204138b620ba36f3c2ebac9bc3eb08cf89b,慌
55865295622a03b75f46b65b0f257158350b0813,姿
5586f20c180e6dd94e42ef16d8ff114513270a3c,甚
55899a93cde68605c0c6ba1b66251cffa8606b63,り
55a49201ae4b1549b0aabcb131b451122e86d19c,快
55aa07629fc30b141cf06f7b78a6a1a73c554e31,a
55d4c587023337047966e60218b71cc340a2db4e,近
55dcc2212c75a8947b5b2c6dc1bf933923c35887,瘴
55ebf86d216820fbb786cf56c4799d2c7252f18e,鼓
55ece22772231ab7b9551115c00f1128bfbf564c,t
55eec0c16ec2352d769336f9e7fa4c8351a81d58,換
56209424da4aa70668a7ab67d2dbd432ee3d3909,瞬
563891f6d9edefdbfa7d60e272ffea45af293f2a,く
56588ca10303a06d5cfab42a8c0cb5e05eacfbcf,唱
568732ec8fdd4e754f5ff705e244da931a4e132e,記
56a05ac6af23260008c4c3111078e9b6e8c61a93,討
56ad4488f038e8aaa20513cc8e811bb3223167cc,T
56be31999d523b43994520be6c1b6d56a85cbca4,嬉
56ca4436b9820a3a2a05356ebc6ae2baf36805ec,銅
56cbc638c1effdcc1a8f0dab96a7232ad1ad8b75,ハ
56d33a436f04d7265179428c11fdc4ac58107fec,f
56df588bc2bfa865bd113eb36fd1216d85b09c6a,振
56fffd64b6fa4871ca3b279819007d5934242a50,夜
57135b7f5f3bd9b6bbba64d6f56fb72371b70a90,へ
571d7f440dcf67e830e5eb72c06ee7ad867d5f8d,影
5726f1f9eceef78f5921a2ff59bfcb9629b3f76d,悔
572ddc412eea5ebc7b6110128ae1c06b302b590d,規
5754942c582eebb76ca4f75c3585599e0d3200b1,覆
57793d71b85674be16a2174e243adfc9c188ff29,純
577e37ae4a7abef912f10b3c51d2745adb457cdf,劇
57a69f7bfad1719f2256d26d6059008c0f0e1c80,m
57c5b284c866b616ad4f6e198d96d84319bba879,村
57d404c2947860b7dca2437f53c1f1bd0a479eef,E
57d77f2e1e1f2e645af2b01a9a36e748426540a9,川
57e7d4cd72dae04be56ba000b8839d6a2000eea2,拓
57fcabd6908760a3f243be6b4483e8237e0e4891,様
5808e45267cc22654a44862c933eb0a6250160d1,だ
580b35a8e5317671feba07c34d0ce22e20079ad2,っ
582f6b8397fd56ecc80f7655a1cd26fac8b4df8b,環
584281140563958d9bd990145afc5b988d4da921,ズ
584299d0419ac696e881c5377caf0253a7aaf2c9,爽
58511aedddb41032b157db4d946bf242a5565e6c,処
58592d01762928f9a11cd780120bed7c458a1a90,貫
586503991d1ec95c6bd7d106a50d02229511424d,匠
586f8eea602fd707b5015852cad84ed6d7308b01,庇
5886284c368b8a271af349a49219f0aa0c709c6e,遊
58977f517bb12218ad50f533f748bd26053aa0e1,書
58a02ef423912d66e576180a8f88779e52f0be3b,可
58c9985e7f1d7ed6e6342bd845219b76d7cdfecc,傑
58d1cfde477c178ec4420c197d7c9c21b1f64ae9,費
58e8a1fbf298c3fc220573f769e89454b412ad5b,仲
58f865ed289987d54dfb3ffe4f0a796d2cf12398,〇
590de923945403f3495ba789068d42066eb1483e,杭
59219be8c3b2b3855d58256b237fa77b93f7e099,衝
59220670f20c8f23592d1d6d3561ff69508f37cb,S
595ec8d211ae9da2918a77fd7f8a91ea51f32afc,奴
596b3987d5371d64af695213e605e474f0aa428d,狙
597242d9fcb6976b1b14fc81f61c888c393887c3,n
599282eba343e34f71179669f056b48e576e8ed9,筋
59a8cabfcf028903d1c635c7282c705ccff1d451,飛
59af64cbe4a2275800518e590eb1bb2d9c80f2b7,T
59b3b7c9ba65a6ff698e50e80566ddfb8eedea6b,蛛
59bdb736c5600ff8b9268bb84f447815d0391773,ザ
59e399e82fcc29900c40820d0e6ac6e1048b7eae,敏
59e657c74b5a5ce8863a8b6109c40a7df62ccc57,メ
59fa60e90053b2419a66a581aff804d514358209,燃
59fec76b2ad5f976feed42dee6984172a7473908,四
59ff225e82b38f02db28c2493c2030760da81d07,繁
5a02aa5cd1f48a8657d2d4d9b0bfa574836dd431,徐
5a05800094244a7eeddbbe25f47afa00cf12feb1,素
5a1618d0812405d2d35a288e0b8ed94417a5fca4,崩
5a2668a366a19c7dc5d345fefab4f0341b7b05d1,泳
5a26fb766274d4789cfc9ef55e57f879b361f33d,敵
5a2a3270a057b98456a9f072b9524d31e7e05165,小
5a723d76b33e447cadbafe3db1f82da10e139b61,雷
5a77c8e1e100727a09f2767274d011c50765498e,姫
5a87d81bfa3eaf92d488fb72abbefd208cbc7dfc,応
5a8962769f2e172b79cd9228c2e758ab59194925,T
5a91bf5f5deebb95c0931b1098eea49f5632877b,d
5ac8fde1a7306f015107bd1b34e780aead0f95a9,Z
5ad757850422e7f5d507ac92eab2906e48afe631,P
5ae1c74906aa01b41b84b154624ae16fcdeaf87c,入
5ae7da8350e082ca3fec7c41c47d839a81f5d145,例
5b1bef119e371574661845eeb38b9e0b9209a4cd,力
5b1f6db3bf50840b0f3db4f81ac497c8958ada99,巡
5b23fa08a5a329c64bab31a95f6caa36579a944f,戦
5b3b6dace62caf8be9eee52ab995a9375359a766,一
5b40960f463a3fe507438b95dd0fd71f9a70586f,紛
5b4a0bdec348a195c395c9b7efe5c975ddfb3225,境
5b526c55837dafef9d3b365b24fa55319c00824f,翌
5b5ba68a386c053794df3519bfbd011ab70872d8,律
5b614a544035ed336bb8264b404e8e69ae8da469,喚
5b6f004780f5847e5102ea3cd9103120997727f4,治
5b7aa0e20c2d6382fb74387f119e966e21f2bbcb,招
5b7ad71c074fdb88b711f91905baa5e7e26dee3d,ど
5b9a77eb160e706d3d7aaa21344363f04184e507,観
5b9b1d409defac48f654346d7aa9e05d4ca88d0f,適
5b9eae3b10d6b8ecb8dbcd7ee8c5eb94fd13d8b4,置
5bc2b8f97ec69508a5992d540bb5827ec905930d,妃
5bcaed00d935bd212eb9e6fca6093c765c94dc61,玩
5bd1029057dc70bdf90f9ed70c38db107420baf7,越
5bd2a1d60fc5c61d981ff576af247abb2b68a29c,整
5bdfc6cb3858b7b92669b13289dfb9d28aa410fc,軸
5be4a0eaf5529a5017c643b7a3e93ac09c55281b,と
5bea0ee9d58d800b6a8b50cf90907e64170ef35e,珍
5bf2b85f24a558117b43228fb631cb368f3d8298,盟
5c2af3b03428730eb506d7058c1febe42df5f2af,温
5c2c87db687c17d56f0a41c92138695843409eb8,体
5c4764901502c3a7f2dfce5646a620cac8a5018e,反
5c4837f4ce587d9109c20eca865645369fd1dc48,便
5c4ab6fcfa887e41862fa420493bed92302f9186,五
5c641151efa23fb2d69c23786966e64eaa9c5692,枢
5c867a13f4f74783c4c45b58672f3f7e8dbfdbff,懸
5c89757afbb36ababe572d653091e017a2326b57,』
5c8e9e58e3d3e2bda63f9b2f97d9d0980ce262a3,楽
5c906c43320039aa98df9d4e124a514e2144636e,能
5ca0df5bd898ecbc7e3364b8b67dc3a482f8ea7a,ゃ
5ca4d5e83764e3720ce636cc44cc7cf2363f15ec,志
5cafabdfb512957d8e6cb5f2364ef80ab4020a14,差
5ccbe9af303d83a0dc3ac4ff42b82acd17f93a70,貼
5cdc28801e665ecc29eefcdb3de3d01d096368af,い
5ce1082be810d897d56e9f34a69e208f37e844f4,色
5d0315a7d4d0d0b4796f6d025b5fe96f7e4aadab,海
5d3dc1503c28a3bce5e43afd42c0868d54018ba4,序
5d4214b923455165609d0c28223fb613764d8018,T
5d549ee0af764223799a4b94b841be8441292454,語
5d5c93222a00cb87961b48153ad46a0f7a2e8053,1
5d736437f337904ff289f240fe5385ffc5759462,保
5d7cfbca1faf9c5b691025c16cc1becc7601351b,幻
5d866bf5b5f61cdeba358c54b357af00a10672fa,剰
5da2c9fcbce3641d8ec27fcf7277f43d3ddde3e5,縛
5dc0531fd80c2e238615c29e6733a6122016f424,勝
5dc8954dbc5ef9e9ba4e0466b7231099a34f139a,繍
5dc8db9abf2d7241e34c82ed28c137e35a191be8,階
5dd065f5feae030eb68a85094b057807b25125df,マ
5deaa7b41c6e450329abfe98e8d94cf67fce015d,k
5dee00fda655750408ad50b6aadd0b86d9963a3e,x
5dfa55a079cf8a07e366a86be31cacfa42dec664,状
5e00a46ce99d130d666e243fbdba9fffa8cb46c1,菜
5e26a1470f46311ed3704042255d96ddc4604518,夕
5e3ccf57fe553e48a02606f7c4e952a539e1ccf5,会
5e4db0f7a1492e64fab7ce22b52cfa32eb58dc62,…
5e52be1bc3ef98925765992c16b579acf24a639b,台
5e56f8ccc08f3b0427b7dcdd03d561504941353d,叩
5e589645ff1d1a737fed3cebe3d236313e9f3000,勲
5e67f3de345f5567d9c5fde43d54272bd43d2213,喚
5e67f65840762ba8f389db510203b7c4163ab179,百
5e9240df86389ec9524ecdba711bf5482cd86dbf,ノ
5e9c7b974eef5166e4d2ec73867c59bdd93e4e37,茂
5ea2fd57230a92cdf3a7f9a82e5eb3e63409bffd,党
5eaa44046cb0693f8cbd005bc7e06bc48694bdf4,.
5f1fe7605f412f98dfeedcdef68963d299db8d6a,刃
5f65652b6a8d9ba886114c5a9e3545276f5c1e1b,案
5f749730de29f943c368eb378f7ca15047966b18,づ
5f8b614990820cfffbbd771bd3d51d5021b34074,傾
5f9e613125d224f657bff47077c6e2dc40e4149e,安
5fd782b2728d0d9f8db7234fcf039bf098379392,咎
5fd8ed372f06ac532f863658d4486a1f5f5c1b55,須
5fd92428ce7e6b202842fa00676c67c3b416274d,窩
5ff7323b759fa55a481b0e97d5831ae31c62e677,最
600757aae88afd3a453aa45ea399eeda5f2fda54,モ
60136ce915e3949fffe33af310c35e9ea40d2304,挫
6031a03ae3c7121bbd4f9cdfa574e04d76891751,贈
604d7112f7a7a28c38b6d7accd393ce4fc8f5c87,閉
6064bd743c46830586246392cdf4d23cce9afca7,符
6083b98a850efe90f98596a38e48ec2bab96964a,机
60907cdc3239fffc79f8d3c630f680fd53f4a895,m
60a0aef093e45a9d2380c9bd408fea50280abb4f,承
60b0a07cd48427621ba334990c5c9f97e769d5ec,ん
60b389fc8672e83efab2467a3fe0f4b18e3c6050,漠
60c231b3475f3682eccec8168370adfcfe94427d,唯
60dd762e2667ac585d60b1dfefec58d2c628a798,ぇ
60dd9220c5d6349b276a1cbec52653135c010b27,べ
60fc8df3e75f6b2d7f81e3434700502b905e2fa0,尾
61087a9dbf6ea67ff819634d85f9759c7d650b6e,殲
610e1afdf61649db1bac8631496d2b9141d8c11c,史
6113280e5a185395d371a639edc2718959f9759c,良
611c218454d0ee9d64c67263907b4f18378ded77,常
6137d439dfaa50815b2d9575e1f7a2c952316d23,才
6137fc12ac8a057a16b7ed4fae90ca90e126884b,利
614fcad8f6c036faf0f736bda3dea63a57003d27,妹
618928ae10d52b756a7345ca5eaad4164446e59f,染
6198198170642deb66678a7590aaf5a78c703db2,巨
6199e48b768ca1ba21feb3eae0c296f5956d4358,ユ
61d250c41dafb9cbaffb35f4aad99e5b658e917f,取
61d860c30151074646f0dbece460f355f689dea1,へ
61ea3cb2b5cdca32fea2e059ece619857f6ac9c7,n
61f3100619e7b6e2e6807db080701da59f066e45,章
61f5a714457de394b71c25aa71ee4d87e9176e69,木
61ff81e829291b86b9429c16d637211cd647e2be,怪
62090fbba79b0f05a46ccb64a20e383cb6b239f1,良
620bf4a8cc2d697049021dd30c27be31ec7e0423,呑
621a188efa5999aa076b69b9d3c7cdaa1187ec93,探
6238ce9916ddbbcae42699c4ed41699c089dc8d2,竜
625a35a5a0d9997802164cbe42a8f96c7a917766,ク
625dc3a7e197f06eeed4b81c9843015695cdbe77,紋
62baa7cd1fe4be492fda2b57abe1f683754587ea,ひ
62bae01323f93576c256e24e4fb13e0a7b635a09,涸
62cac5fe8cea8e3614d26ee8f29cc0721c88290a,甲
631982ece39702bb54929193d751334b140f73f9,ュ
6322413399ff44c0fe4d1be3471f9f35465aac39,u
6328d987ffddea03746b02f6fad90edfef80d6ee,予
632bbf6a8457edac9388e6a6af7bae8ea9d88518,毒
63379b2bcc773c5b4ae951e5d75015f2905b1cdd,こ
633a1a881be6708d2bc20d38f62730d4e3fa7a8d,災
633f44c845ca34884952b39594823cd8f657331e,令
63467d1b64671f0f49c4cbfd23fcad00e721b775,稀
6351222250c2244077fc8726093f16b52cf4677d,険
635b1582cf9385a7b665ce89c6236c41ab2f76c5,高
6365ff5e0d9cd28e4fb59ee6fb9afa3108a03273,芸
636f639af1b2ea2f9215bc47629b4734c8b550f1,屋
63a9d06a8abc6addb7a11ba397d999d13f05df62,争
63caf7ff659e98695fc9f2594db91ad283b310bd,制
63d4ef83c25cacc841a3c506de8ae3808a9ef589,B
63e08582bc435ebb6de97c3689841c6ddd7537df,眺
63e56210221a3aa0f086f9a1f769922a506dd445,蒼
63eba1481bc04e262061f24010f49630daf97eb9,t
63f1c31ec62bcbac888e489067b14177c4ba7f70,祈
64095e4755b5fc608ccac7d9c064f914a8243f7e,穣
64155d83d88c1ee12b21dc7ed8df9f9d1e4fe5f0,黒
641d66f5918c4bd1e8e76482f82ac3f96c1f3b83,欠
64268dabf78063582ffd73481c8a4b1d0578217f,劇
6436bb5126d68e5051413e28e6e2c08e19497aa0,盤
64446362118524958b487f0327b227b37af74d2d,る
64462ed33c1c6bc0ed34e951cc2b5c35f3af6731,資
644b89bb3ff39414f036a8b8b74e124d1b6c60c8,集
6456be2e695432c115085f9cede4c81c8d41cb8b,告
645943595534447eb96e84cf374ae02cef84f04c,針
645a8c0948369ac33c7ced6b8ecee97988ddb579,傾
645b7e2fca24d0007306e15407df0d008cd5e647,折
648c73518019912311102f31be80ad60f6f1e4c2,者
64d32e2a76af5785ba32cb7756e65e5c2f0e2229,赦
64d509fa6d556399167e82d8410fc19ea607e7aa,紫
64d67eb9deda462986c247c869e0f1031ba62f73,兵
64d938926942d57112f34cfdcec209c5b3f031dd,深
64ff653385bdc0f1fd5eccfcd40617138c5581bf,溜
650f269972a62feba3a00a2d2780cea0b85f36f9,o
6518dc51a4ce4d2b95bb870c81ab1306c7143eb4,丸
651e2a4aba5d98bc4a3dfd78ae65aff0d969913d,宰
653f63e6f3f155027d588aa01b2c3b4a8b9b34e6,戯
655f3f603617487449d9229d2d387fc72f81a884,財
65684d06b350d3d9751ed8565888a9bb70dd2905,伽
656e57c1f833f20d65b4ae27ba31a1fd72db9b1c,o
658ec4385d87e8c3316b0ba7df82289d7c01eba9,め
6599f5a6bfbf8f664967a49eaf7796854fe2d8d2,墓
65b386071ab3d25a7ecf96c63720fce1d595e1b9,仇
65c02d8bcef669dfdb976f7d128ba83a2e49c81f,産
65e6af1e0b751cace96e20849cc370388eea30e0,徒
65eafe7e2ecbebbe297bd1bbdc5f1e1c772d97d2,似
65fd58780c3d634df581708cc98f6197eaab8a4b,暑
660930c1b035293997343d57281f314a02cded2f,w
661322295065e436c29fce27c75f34458df648be,電
6623fa431e9acc05cc475c2091b5b7ebb1809b68,連
6631ca50f6648feb6b3a9a13b06cba1bcd2d6cb9,祭
6645f3f3dd4b09894f683d387fc00ba63c96dd3d,故
664ccaff654628fe8b0b9d28ea13f7c81dc59a26,護
6664e592725000e0debf46528f3dc58ae516d45a,随
667ddfadb1bbe91a8261bb74863aa8740d851806,c
668615e29cf7b438b77ce87fad7399b6a88eb919,（
66baa07956c2dad1261c6d75dd01d7627fa01fb4,争
66e45d65524010a1ab710369d55cd769f1157cf4,理
671203cd3f8477364723722a1eec5c39f1839d2e,吸
67174fb6530753abbb1cf73516c64dea8e0391cb,立
6733f9d9e333871f27ad99e0be561426cdfef24d,賊
673560a7b3782fe1762ec12009fda300ad3a9ea0,詫
6752acc901c8edc032678ac2870021155aea2a78,微
6763eb2f53dfa922da89f538536e89cea0f4b0eb,哀
676d1b6178521444feae4308fb4f556988048d84,塊
6775f06ca3eddd53145891f06fa3c5f5223199aa,A
677f17df131c455bf8ca7b670e2425aa9699e43e,木
6785d5eae6f7950d193d297b257e63dd0074c82a,用
679a8fd1fe885173d0bd65ba13e179b35bc324d0,リ
67a87615a5d97f0b866a9d50bf8647e614ae60b3,商
67b188f78929c1b081a55ce19432375bcb29864f,卦
67c26517e66d6748346578271dbf9fe65c2be5de,鉄
67c2ceea0e4a209a61b3f6e3260aa26420c11f52,ェ
67d8e0d3596be17e684e43fcf3c8c93ba1a37550,群
67e1ac663cb63956b54baf722f1b39eefcf91b4e,厭
6809b6c888722264a7593b41beb0e6ecd20ded5d,痺
6849a316d9282afdcfee1580741876aee8d7956a,き
68529c91a197a6f96abbb4154da26f24be82c4f6,舐
68534a80af3ed941c98194ac8c2ac7d62396d8d2,器
6854daa2060906d1a0f69ddd44f9ef7b28065f6a,抵
68792f94799feb778a50a1fec31e30c0264b4db6,一
687d36f2ae6fc0ba4f4ce6f4a49852016f8288d5,z
687d3ea1aaf71174cd721ccb0c7ee0c24e2dce08,・
68a0394f748af16b2b0b9727671fb27b20912bd8,ゴ
68be38cd08f68f86fb044328fad14d1cd1370c46,(
68ca368ea5cd5a5a2c8377dad88e12167be5170f,女
68d5ee61e876efd3beb3a45032ff928fb318b6ce,が
68dad03413f3232a9326630216cad567e1b1bcc2,聖
68ffc5d96f3ffa6c848276e89078e3e06a8a6ebf,相
6927c3871da8b013fa4c0f8ceb6bf6bf9dcdad4f,序
69339dcab4bd7e6d64865d06f8941ffef365b4d7,忍
693aea61c6a0103aa3728e3d79293ca52eb58713,ゥ
697c53292e2d8805278e67530794aae6513550de,海
6981554d4959c3681f5674c0af4e027cb899517d,鰐
69841ad96875828016c5210c4e7d8170bc25ba0e,潰
699497eb95c47acd348a4956eb0f2ac69e8e6844,耀
699fbccd8ff4ee9a85b68abcd7afd55fbadb61af,い
69a3d18f866a245b16ef5b735477dfe844fe073b,：
69bdb80866b5d4efe005ad94c16d0c5a84c281f2,滝
69c014ae0236effa5c7c9a07815b75e279595993,膜
69e34b61e8f68f1d637fe7bc3d359f17399ea5a5,足
69e4e11bfa41dd66c06769d3cabc7d2936d73bda,打
6a02e7f0783124936e45e99f1d19f2d4d3a2c693,態
6a0cc0f9c7f7e55478e58cdb139d21b1abd77d7e,蛆
6a1eff2499126a4e6077d064a05df91303d04e7e,連
6a1fc34ac8b92d4a2c0267c0e938821dbe29f7c6,慮
6a25bc2286448596becc9537f29b167902c328d4,膝
6a2a43ec396f00126a3cd0a841693fe0a2dcb200,場
6a47ab1d19e8e52ebd7ac54b21ada71e97901eeb,残
6a5db7dac7b7dddb87b5b277186715dee61a4b03,片
6a61929ae24232cfbd6170863f3d8feded177451,r
6a7da728e8be1090771364275c76fc7d1358fe21,べ
6a91aa838e9f930b2c1089755239d5f3d098d7b0,キ
6a989d15c85f2679e777b72d7d1ad3ecff3af6e4,救
6ab4fb1acf87bf236c15a4477ff539314a5d64f5,朝
6af3c431bfbc229770e787f2f70dbdf3247785e4,舞
6af473316f2b1cc6a2247526d5ad5e00f7250397,購
6b0eb645b94933569f920e13a68520a763268bcd,：
6b1d252cbf5e3654c330ff75dc2b58b9d56e530f,紅
6b848598d6f729e8e9a92b5c3815e34b9439a0e6,由
6bffe4d413fc774258269064b649446b79f5e80c,骸
6c283b5f6394d79c013b848e016e779bf173528e,妄
6c2a1592f22f53d49a3bedfdd0a36c261a22ea45,陣
6c2be49ad65eb65c0d3d5c29613cce1957d54f64,務
6c3989c707b161d786ead68f4566a59b16227b80,ふ
6c42ed6f04b9886644865db9b088faf440b7a060,衆
6c4c207e6dc3dca78b6dd90b072dad582e6ccd53,独
6c4e74b34b81c8c794534f2e4d1738a92d94dc02,結
6c59d19f22d0d78bfd16d2a58a46b5d689a914c4,ω
6c5dacf3e2193d9662a20203eee02abca7a71633,救
6c70af25fa4de7ceee6d229b70ad2aa18f0f5e46,雹
6c7bac334483a95373bc041b32d0b7044bd15cd8,忌
6c84b09c036455cfbd09f7de069e0f43274b0b5a,証
6c99d212a906b02e98f12cafc1d06b09e3ed0317,P
6ca40475bf5e9c43a9054f3cecca6d3e85157144,抜
6cbee1325dbb58a841c1122537751c2477c5266c,ナ
6cd0b810eb6fda06a6c5c0baee36fe75d60448a9,急
6cde0fce3d3cf9f825a86d1834c7e4c7cab839ae,父
6ce2cd02f79a5d4ed7069fa6182d4ece9558e1ea,々
6ced1772afff005aef4215f730c8a558dc8c38aa,綻
6d13714a60c16bf23a882ae0328d3d73de90f485,握
6d1436595ee21bb7ec84be4f00e4053e16ae8c31,却
6d1c1514408cada4d4ac484db2c34be07f8a8498,服
6d37100658851b90fc52a977ffe04bc67fd9547d,活
6d419a255e58c429f8e097081ca98794aaf44292,霊
6d4e8050a28bb99058cce1dcf1cc272092d179c7,璧
6d7b40f2fbf929d05145b6a6868391f185a62cda,今
6db0129e993d004e334bb9a2ea99659c18c2da48,？
6dc1be650b076a273aa12bf7eecac77b0e08d53a,露
6dcbcb2564d4733dd59f50e7e40f18407303978a,講
6de3be693969fc4ed8ddb19ec1e8d74961a4c4ab,茨
6df6b61347de135d8a156017034ad6153a6d954d,辛
6df8f75babd32fba60b15313b6241873ff3059f1,造
6e11f409d067e18efc2f6dd7d9408b4bdbf3d527,夜
6e2c5957446ababe8383de98334ac7c7e923b5d4,屈
6e53e85b2f840fbcb8dcee18343905d85a615b1c,緑
6e78da545779dd3023310c93b3515e702d38ae06,怖
6e8477e9f5aa05bc83ee11422fd3ac76b8c14968,専
6eb7300e76e835a90bc456286816eaf10c465226,砂
6ebd9b9cdd046d6a09234ebb5dea1521c9265588,ニ
6ee62fbf4b2a143a91285937ee2b71c34333560c,封
6ee6ad92f2656d68a26a514a1962228ece611bd9,成
6ee779cbc61cd4dfeb55f0b03ae3a5f1257dc029,怪
6ef9b139adc8ea0ece11884cc4b3d67632915d19,為
6f02723e3762abaed506c94a331137606ddae052,声
6f0939c2cfba44cd62a8d2f421431afffeef8f23,牧
6f14b79e6edad911651ebe0c94687e98e22d2ff6,兼
6f42b8274e83b09d0fb43450caa2a4aa8ec864bc,昆
6f5d8c2bec38d862837e9f992256840441dc5f04,殴
6f802a29013b1d759cb996defd9b7049ca1ce158,加
6f9087f15199e2dda334bece55880a7e92ff46ca,ペ
6f94ece29f60d6fb4f282e799a888d0dc84a8c96,E
6fb73470c12f502280ef342260ac4be9651873a1,都
6fb9aa1d073f93f03a775a8e6a99947db7e214db,ゾ
6fc7cea49b11dded262b2b48e95ffef3d2190ca5,慢
6fca9d5015d8c66092924eadb12726e6420ffe4f,談
6fd13c9346f9f4febcb3f9c861b2eee6a40e4086,危
6fe853ac9b82daa90d6d529260d3338f4cd3fb16,2
6ff42be95796d98331101cc223af7a7ecdb81db5,孫
7001c4e53ebbd93f102e0df7d099d905b3f6d53f,耳
70307f6f5e253575969064ebf98fd8dc0a48bd1a,媒
703298714c066e38c334cb0e067e6d1c189eb787,慣
70413eb688da3f74db8cb250ecde10cd77eb2243,奔
705c7cde3b0593d29871d73cd5fb72a0c5516351,衰
707f819483c0765de792d7c4a0ce61ab9fa5188d,如
708e10ab480839a6978d770b54556a8670ebb97c,垂
70927435c27852f8b6f59a849d99875d500acaf7,髪
70941ddf93a9ba5b7aeb3fdd99e504187b835a9a,難
70a01fb9a6c6b3a21b7844afa12e7d5122fb9a1b,才
70a8ef902008c631d1f0eb81c4cc0a15f57fa16e,霧
70cfb55933a25e3389094b20749a090d36826d6b,疾
7114f7590284d3b5672ccc79863069b0adeb7698,執
711e920fb50bb5d64ff987032cb432e219d89b91,帰
71318064f723cbffe8c78b091e98b4a35a6d6433,頃
7139862f2e2adc5ddf21014fe763df787c051ea2,返
71413085596cd69ab53d4047ffecd40597509da4,実
71481674a3e5f956f01bb558eb8a43af5fdf52bf,鋏
715482069a6f791bcb2d5b010203cafd648dba9c,暴
715acfd4551ca14f12d3e2bc520e5d1907444994,不
7163b5551a09aff10eba4d4430286b259c4f4383,確
7174dd85bdfdece7ab151754e6e0b36cee13a38f,ス
71db5590352c88701889826ec6703b85cd7202fb,悟
71dbf0afc7ddce003c56ee26f31e63804e56d240,落
71e668894609b22867bd9753a056bf1c8a1c90b5,蝋
71ebb21eb4a0c2be2b28d20b1a63140c656277bd,斬
720c3fe272b8ded9e4ae00deb9565ea7e67122b9,尽
721201fe1cf7d9e930e9c5b8ca146b6a057a3197,町
7222d158cb21274841db8da3ed3800a003a333ed,？
725c4e75a7354093b6118ba4d988fbe78e6e5040,w
725cc0c54a0c7cbffd00415bf04bbd1d01d93178,☆
726ba2949b945eeb01018f8427af7c46a01a0335,さ
72785bcbec2b7c86f63153543fe67a39a8d7f2da,せ
72ec18b89d08506e1f353ff552da75f5fcfd10d8,工
72ed2a22cf82e30c2d1eb98d6d96b7792b179ca6,ぜ
73001fb68ade1499eb9414c14e861ced8c7b2287,汎
73037061b9725b35278206d11a07826745ab4d08,泳
730de1a42ec6f1fd5c75eddaabf185d2cc318c40,羅
730f939f5c8de59b39ce23dc3012541ca4908f44,N
731081794d3f97bd75812dac3024948279e535d0,靴
733475cec1f7e130f6bbd084ee8215460b72ba7a,結
73363dcad305c2c171812fcaba1d34c4169a66b2,延
73371b7e19d4c2075f7ce0cf8c195cab3f606283,眼
734e9c621ff17b4d7e7f20e7f9bc86fcd44eac4a,創
736724d50e9933d76450a644451ac4b45d7126bc,メ
73854e56753171c8225dce5a6c8b0f7aa82750c3,冒
738d865d8aa216542ad130bd79dae28cad3bdca5,初
73b83cdd8c857097d4a5d4946a5c6979b0603dfc,厚
73c7d6e807d924279a780ba9a25ae3e72d3b0eb2,嬢
73cbe2459a87d1fa242e32bad0fe3ac7c28a411c,種
73d4f5de21a2908a5337fa55db63a0eb55eecf5b,あ
73ebdc576cca0c0c799f5b09dcc7c35a257719f7,並
73f4555a0671aaf68996cea433f50694390375f5,各
73f7610fe3f59b7e40859cd8f739432a2c766dd0,o
740a13f6181c3b68b870292c5748f63fe052e419,咲
7412bcad4b7170ed0e56e9bcd25dc9622aa9da28,A
7413a37eaacf8a3fae10de5393e34dcbc691519f,つ
747b7568f6884cbe8f68f89408842986abca8128,援
7480a63d2e79123a316f5d4e7571ca210e5912d1,-
7497555cc875a9267493f368a1c25b5f6bb3ca32,”
74bb2d83ee8ac0d69729010514b013c7e72fb180,弄
74c30a51ae00b12b4970e042603de82e55a99051,装
74e5cacb3fd57eebf0426b0574ededdb07c68661,わ
74ec07a7fc7913aca4a8e61a259ad9172c697df0,叉
74eef0c4ed63f8921b560ca84407ab0cc2bdaa5f,貴
74f95ea3a5b6811c04ce5ce090551b81349c7319,墓
7531e5a9c547a8958be4bd28e3e5fcb3634a1725,）
753378a6ed961240783673f6f1d60bb829b41203,U
75363d6634d1b8d74c31c823ed4828de37afd403,訪
754ae4ac48546edc2be58e0de0aa436a3e40ea05,責
75cacc155c6ce62377723c14f9ebb5b5f2f58b19,が
75fff98eb3a93dec1e8a9f308c38d22d38a9afed,離
761aae7c0be4d388373d022134dd4e0a76b7731a,厳
762c34bbd63f1b55b2bb750a8c8f096ed5ebea5c,煌
764291dbb58409dfe5ce8213b84475f9124167ce,）
764583198f36961e95908f14502dc62f7b928e20,葉
76462ecacfccbb984630448fa888808459fc1479,納
7654294ea8ca867e30309ee3e616360667714fae,肋
765c7b11a118a0f18d16376aa8ab74db45ee19b3,推
76ac5774e67eeaa456750e2bfd510246d8c5df77,刀
76b8864b1589f78d6c858a90bbb373559895bdb3,嫁
77124429860bde3f80f85da3d0863cb6d08ee605,降
772cdd0136401dce88662f2b47f4dc4926856ad5,扉
77454323564f5db06461dfa5bfe84f6e105befc5,助
774ac70572e56424b526d43ab840de0c8a5e8a59,姻
775d954985b5f727d1266ef402321b482e46336b,魅
777f9a2e662af06b9ddf91955f22e217cb41a920,憐
77801eafaff3f3593b23d676b43e06b39a7a9b0c,も
77900fc252b5cf3b087613eb1f25cb878fb53acc,被
779b671ed7984978fae797ba2093d4b000107b11,究
77a0719d6fc4d235428a063a1dc1353731e3668d,革
77aeaa582da4c3e965c57792608dda1b61796974,忘
77c3e200cdf42799848a38427e9fbd2ad6323da6,落
77c3e5d6baa595ba0110ea578605f5547a291198,冥
77c74ced1b66bfc6f28935a1a7c3d8da296485fc,冗
77c7a6028c5241073ddb017ef1fefb1e538c16e9,玉
77caa0cd77c983191ef33cb90daeefafb31ddee8,盗
77cde2ecbd2cc3cbf18135c1121d691b650affb9,久
77d31f260d738fd5eab2f43c31ec72d5e7e7c623,理
77dab278c8afd61d036de0832dd57eb3624ede00,歴
77e0d6a0d4f1f366a473119aec06b12264bf9c7e,丘
77e1be424872b521117162e8ffb1569507caacd3,U
77e5d5262723427f46ba8118ad036d347a575d4b,誉
77eed7daa23efe650af120a20627c1f8b906c15e,f
77ff38831d9e5f549de2eb0ad18bbcf0f3c0f81b,依
7814a308f21ccaac6a4be9072ffceafe3a8ed10a,荒
78214aa15f685d6e7fbc220382d4faa86a7d3407,弱
7848370f9dc12831eb157936f656c283a7534946,変
7860610940c6e8656e367d2ab0aec14d79c92dd0,瀕
786cc40365789e42281e00ff276872011ba2308e,S
789c60d67ae5cc232de1ea5d03c789000bceee8a,含
78a4991ba4ca5c9699bdaf6fe5e4337b8ea9c627,額
78bb8ca940c7b71024f781c913c52abde01b2251,錬
78c23d555b9d800dbc36b5d2c674a0babe4c0cd0,の
78c958236ed9c9c2a7dbe9e4c9f719c4b46e8ffb,民
78e3075648310f2314aa6afd8aa644ea6990d012,躍
78f274a11432a32e84be5b8bb2228ecc4dcf8307,s
7909f5076203c2133989dd3d4f6f77cb546f36bf,普
7934e4c334a7c3e079df8eed6720edf1ff8523ab,踏
79401a42f0b2d4e82f8bfb08af523480ce699ba0,近
796a62463a842d5780cc0d1c3b6108bd96885c59,叱
797d48c5a615a66216d8435698137ad08e4c1531,遺
7988e3ff70e4821750e18a64be7d4f3ded37be1e,奪
79a847873b366f179858f1dd58d1f93999afda12,試
79ad6fc7de6e837bddf13d581db10f4c4ffd5793,浪
79f0e2f224b18822112cb555116a1054e9ee194e,去
7a07c3ee14971f1158595fb0c0f1d5de00c71699,弾
7a09fd39f839e6620d8dc5476a19a8ad8761261e,汗
7a26658421439fa372ef97a53af5d89281e9dec8,M
7a29a942f6f8f375c238f2ff50c4b0a3f7295056,奥
7a40d5ffa1a66c54eeb0f25d3d24c8f8f68baa73,廃
7a63edf7f0ff9cc874e3ee61dffb6e5046849318,眠
7a645470fea35ffb33417811d434b43ed76420a6,X
7a844fa351f576ee57610dd2fca536b82674009b,薬
7a8a3f0302c84849a5d2cd04dde3e1218082fff4,欲
7a9d56005082bab693833ee3b0fff34ee4529ab3,V
7abd902fd62a95afa176fb2a4bb2b1d71614dbd6,檻
7ac3974742aea9bb57fd35d294a128028300f725,y
7adf0d4e8664ccd977f460c600209ca2a0316e6f,責
7ae3f7c1fbf536a22a463732bd79dae763a49981,益
7b0246a1d28f8f30efbb56a87376d81498375536,頼
7b09ae788a36f4deff00325fc4a47ce9af53392c,記
7b1dddef8a1613ca61952cde31cb5a0d25a8573c,慎
7b2a05a8e0cce734c72441b9a8e0b1466924dcaa,徴
7b37b054d104eb6748250c40c580e593ede5e21d,D
7b38d734352836cf1b93dcaf27505b2547ef9689,b
7b4e95032c857d47320d08ee266fb0c308fe9742,徹
7b666563248ab8239dd9ad0da1b86fcf3c2fc1e5,負
7b7c7c99536c401074ceea641acc9f66dcdbde57,点
7b832b3c7dae81d70e31f9b799c0d5d3c51032bd,フ
7b880a185f9cabef15f428b02042060f8b6abf9e,花
7b952bcfe31112b88f3cf04e710696810e0ff89a,兜
7b9e055590e36a6cc6009d7f0e5293a4f1c9aab6,髭
7be1254ac0749e51dbb2be0749bf9c5c10075301,湛
7beeabcd3cb292379e03df20699f6d2029dc1dd7,ホ
7bf3c03215cc5378c646df1daf0fc0b1fc61e3fb,洞
7c0efb63c2d16ae18adb9e32be818426df46d9c0,鉱
7c11eb08728e71572ad6e554a9e97414de18d7f1,立
7c180db1559b24be445c41279e3cf1ea38347cf0,趣
7c1a0524d304607f54c1204be28b2ce678850da9,外
7c1e50c336aab85c1f7379ba6331ef1f2ab910dc,喘
7c2337d54ee6c7488d4b142a822640312b9c20bf,襲
7c468fcbd72df5cdb00376e772d74c9d8ef4c665,怖
7c641e2a7e8e9d9178b627fa5ab6a1a9519b3b89,”
7c73145514d087e1b8b89b5c39c886b628c3f0b7,亡
7c8d12b8d2c42538640d26514f28fc300fc237bf,崇
7c929801597f8321db332587fb584e1afae98703,頭
7c94ce98b2abb6bd76ff66b39930d95b2a144ec7,仲
7c9a68fe4da23bcbb004a5a4e54477de7d716668,天
7caa26e0826def3c8fdc1c3e8427b85f3113bfbb,慣
7cbc7cd779bf948528b9c2a53d767870fd54a366,娘
7ce812268772981312db88d384c7a927c3b3e055,市
7d02ca00cae535e1c738ce59de3d96f62dc7d620,説
7d0e6675776d77105a0c0c40961cc83e08187ed6,延
7d0ed5583ddfddaedbd800a8a2ae59f44f1b359c,ぱ
7d3d18aa337a2b5edaf4fc8f4ab16883303f4553,煽
7d444e9809f9bac1c608a2e348a2f03b1fd610d4,召
7d5eb97db25e3324cd2838346c6d0baa4e301711,尋
7d66ea921b3206f24d6b65a9e7ce6114c29083db,呪
7d7cfae9c49d7c320d6cf12cb671004a8bc87d51,葉
7d9439078ff4aabba53b31cade1b16d01812b891,暗
7da487e19ed4dc87310378a92b891a23a259c9b6,■
7da8bda579cf27e99fcf16a26d287d2d8b457773,傷
7dbd9c279db9820df269f03cc8d45584b9e9ea00,核
7dc34cb840f340e86c6dab09e64abf45d2d90149,駕
7dc9ab5311b60f3179e777542788a6eb5382fcee,蓋
7dd1d9b3deec97c4529972a9769b73d68c6dfeb0,本
7dd605a2dbcb58112fcde2108d2c0f0ba085258c,雄
7ddbed4589b785cc20a08c9a2eb9573197c3854f,儘
7e00ef8a1cd2c9b0115896ac7cdae7b2ab49c0bb,境
7e43de13e1a11e7e2ff6f9e954e741d4bb1071dd,く
7e4689adc4f9d5170a34f840fd6834eb50932eb1,幸
7e5ae933c15004164412781b5502d105fd2ac755,元
7e65e4f5dc70a865e384bcc810c0a5da03efffbd,f
7e6dd0ea68e63841dc0b19230db2e66d463c8a7a,汰
7e928f474ee44c25151f00302331ff94072d74fe,】
7e92948c5e51cbd6db1596ded1611ad13652f478,源
7eabd5fabbc8c2a1907d0ca7f599d512ca751bfe,歩
7eaf6cfe98e8976e420ebffa3961592b68d58976,鍋
7ec503562ffb8b2097aef6ab5a91fc2f6fc1e7cd,殿
7ee016d81a3b4ff9b2d85e1fbf4556baa0e8d593,カ
7eec98c878654eb8c215fd9d671de6d28b6229f8,周
7f1209338cc9aefb2d4b8501c1cc438ee9b01ccb,怨
7f1aea000c32ccf5e3549a872dd9e502c649a94d,&
7f31f9a3faad026da867b6587c036660d786fef1,飽
7f375db1aaffc9d6aa9e9cf81ae4842057f86360,息
7f42897cf90cda07c00b548433327d4789ac24cf,重
7f4713527003342b4a438e5c5c30899fb4bbe077,超
7f5edebbca6318e74cc18afc7f27b74a9a09cf38,3
7f7a54f7164f235bd8daf5a49fe46955971104f7,錯
7fbaeb2e86e5705887bcf8e57aa02692dfb1354a,憐
7fbf4b948fcc1980f71bb30d68d9874c2035e193,担
7fce8cd93454d3eafdf25a51416d8433af425f44,構
7fd6ff4e6631d17532ddc03e70e6376354977b3b,手
7fdf8714cee24a6e901757b0c9f0c2cdff89fb2c,の
80011217306b528a378adefd6d11a5f64233a801,候
8003bc205af368362d58f9757f64a9bc86227415,錆
8015a5f8b8d8ce71614034dc91da412ecabbc44c,栄
8018319e02b658b4faa857495b2eee963ff121fc,国
802ae94439c46e1d13940ecf495bf449980bb2f9,仰
802c5f09ceb6d954951c3e2c310665a7f593c682,了
80307a97f917412d9fe90dadea40bc1875b5d151,据
803a485043d5f70ca790bd7cf34c367e19040390,テ
8052b9428d74d78984c90f469a2735a731f49c9b,飲
805a108a975be3039f5515b3585ac991db83f77f,人
8078a61745373b56d69a7020606803781d8f97a5,政
807d0a1eb41c49c17f345288d9fa0f060757d033,若
8082033f0ff9057eed858cb1b82e9ebab4820d1c,刑
8099bdd1bacb13d6dec62e6e8ceb9ffc4245d3f1,又
80a1c9af50089e7fb374e7183f953514912e4506,ウ
80aadcd9a6f83880884b765161d63cef8807e713,企
80c5364f7edbb0700b502a0d60ced4d86302edae,そ
80cce94b1521683471ab9ffa23695557b7682c06,核
80d23f6eb05ba851828d9fb9a0c6c8727f1d79f1,誓
80d46efe4ba2d9214eca31f46f9d0dcea6f9f67c,3
80dab89c0349f370251b9d8d1b857130a5f3e78a,挟
80fadf2d28c38d1cb8ffe0ec781728a2f3b6b1f0,具
8122c8d8c83178bbca4e75198b9f0fc7697b76d7,没
8135b33a18735d0705d1cb9a1373e26de58ef58c,臨
814889b11b293bea069f12d2960356953f66e88a,噂
815fa7d34e5b5fc865f5e535d92a6b1fd1a9c19b,決
81753d47d39acac431dccb250083f22565c613d8,歳
817b1ecdc852199548ce8ce952c79863ca566104,器
8197829bc6c898760db5123e66c719386ab5ec49,描
8199e57f7c5ce25c659b71742affde5aa0a5df56,宿
819d46bea9af37045319b1c29833ab2cf96411f2,兵
81a6cf05f88d1f1ea60db08590e89dde887053b7,給
81a89fd487a3ec9673e6d7707be18fc38ce40a11,関
81a90febed831427651a8d3926c748c922d1511e,ギ
81adf1e1e85a54bb8894a9c0ae96ff8f64d457f8,護
81aed2e0abaa0dd9d3b836236710e240b5163213,S
81b495deafb674d557d665e80b0a27c94cbd4419,負
81bb6767432382182a348ec13a86547cc2dfc82f,2
81bcf1c957211718f639839f724ca6b898c0505d,師
81c7cf4792fe05e9cc08af80711a0e4eedddd99f,離
8227667245f9c5aaac92b3f09d49993a4e493378,で
8233dc19a28e4548965b84ee07c58711bc1ca6ba,違
824355dc5af37461f0210b225f60488ec94d11d7,冠
82751742160a020c84decced03d900a0453388d0,霊
828c7e2b2573c360bc66c377c8e2bf40cd702ec9,引
82ab07814214036fec69d15fda30ba11a5e620e9,中
82df74a62ea268354ec0667e5822b462a585827f,L
82e930614863b5519b5250f1326e27748bc9eadb,遮
8312ddc71e25158e4dc76e88ad7cb7bc2a755fae,捻
8353ae32f3d2e266adfc2ada67fce07bb38c7efd,務
835585159853d635b379848ba357ba96c59f989f,見
835bf937304725aeaf1213d7838ec82c011970cd,偏
83626095350373ec4ac32ceaac8eedf643c0a1c0,軌
83662537f7c106ca4f673236ac26733541d78e39,b
836ed44bbc6b10296850ae412077d4ceab2e3092,以
836f08d42ec975d603a4a1fa6f4182629a373d96,教
837e352d6fdf07c2db3edf0a500bb812b5aec2aa,織
83c18083edbdc5c4f28e719ede42bdcbd94df2cd,k
83c9e9c50afd66871cd6a0d38c31467b79941539,ぁ
83cf44f719786bd496ea355c8cc950a6704e6c12,年
83d943e15415767d18ad0ae2f70b787d3a49daaf,瞳
83d97ccb779b3fcc64aa0b0d04ded81faf778924,陳
83da41cf31d0d8c7213b5d24e90e7f9e74617e1d,へ
84368a07763e027e64a2315551575d0d0257ee3a,月
8438078b922a17903f600403fc63b66090403b3b,伏
843ea4559c4beb82592b86dc086a5713d2a6ccda,緒
848df88b115b69f3a5ffe50b33fc13fecf1bd542,杯
84a469e88af258548e47ff818ce8c57f0e9c7378,燐
84ac0d9779e5005e621cac518da92ee2b6bc61db,精
84d36bdd329629189fd870fb4244b38a369d909a,は
84ef75fce22f7323c72f090f3ce6e4998511f95b,窓
84f6b25fbc9c17723b37711675cb5b847b71e91c,母
850d2e0785c51dea5dc8cd63960a1a179fb2de36,秘
851070d7bb286e0d60db984822e917815213f4e4,祝
851ae583336331d0a0da92462fa91ea437b0fa7a,将
8520ef9ac7840cc467965611c24771744ad7d3a6,糸
85338bf09b68a381716e8e57b1943de7669f8fe8,U
853854d05ae383c46c5c9d179fdcc909cd08e723,繋
853bbe3e0af9bf39c6beb9b1e34ae77160143673,材
8556fe9bc9ed30907777d9ee982aab7cb4c58a8e,示
856dd89c65c0562b33259512de1eeb1dec53c5ea,芽
85aa4695fee39c98c0482d5f76c890485f244452,宣
85b0f958834b3a41159da5b0842e8e551ebb6bbf,尾
85c5937c32ae1ddd2af951ee847e5be981a9ebd5,川
85c72a377f29e21ba7bb9651ce938e15e5ff0788,姫
85d83d9ccff2fedff170d5aed6262d564c769416,ケ
85e64e6a635f16621f7fcf3ec935eebc0efa4815,奢
860e9254027dcdf7ebbde6992fc750eb3582c699,土
861ef1debe9380442aeca4899a7f68e0afc2cf68,魂
862303c223b90d3276424ed5cbcc1e40585f2a8d,鈍
8629803bded12d2a0913abdc5b77727def7ec97b,緊
863283d021e86ab26e4173e2808a3d54bd5b01d5,従
863fbf0fbdfab2c0ee6eeb3133f1e04ed3b67bbd,陽
86481d9b1e3845b1e1b3c550668249038f2a9796,匹
8656317979b44932eb54ca3ef370eb58c5d55fa7,読
8658c2375f19e496fbebce89158ec042486d6297,箱
865ce9ffd9987795e393fbcd2465d200eceb7e06,銭
866050cc9581d81767a4d148e7046f86f623279f,三
8685edef42573a9b90cf1d7515ff1aba69e11562,謝
869b93f30b8020424d14a61d0b769088fad4db1a,H
869efbdd26d91759fbd046f29d3d891cc46f9f7f,野
86b76ff8c57c002ae4e5c91dde82f865848686e8,崩
86baaa4f77e91c831c25058635d2dacf9b358a9c,辱
86cec3e79c6f2aa1fdb9d32ef164ec71c2bd6897,判
86d2ef499f027dd591661ef5d8b87c52cdd8b632,蛍
86f2af96cb190d44079645e8f678fa40e57ab143,ゥ
870772f0ee13505e6952541896b34fed82cf7384,N
8718bb4fc6f0a23e30402035ea065e9e4574bb82,告
871e4b7fd8398117eef3dd80086cdfcfee9655de,前
871f39992d4507f231f4bb67d9ff12b60867ba52,筆
87664ab395448a9231355619803b53a7ce34bee2,遣
8778080ef915c3a3b43091a50a6190738d17746d,め
8779047198cc0703904793bca921e1a14d8a7362,伝
8779c960fb42b023c964799a303c5dc87423e91e,M
87844fc8d546d8cc3afc232cbd55d828c042746f,：
8788730371b524aaa2e315e26ee8d733fe9f6a60,待
8788bd1c6f9b1c329dc08e10b941f1f9c3e2cd79,O
879ccfc79f100db872865c6c127a7fcc64aa516c,許
87a233f05db7d9c2c92286a0e019181321b49958,訓
87a438e785709b949bdd7d1cff6e19d879413c25,王
87a97c8bc8fc48ff9ffdf5b71a3b38f5934dbf63,払
87ab15be38327df1b6640b83b2a0dac1961a53a9,ぱ
87bb9ce378d43a195669c1e491fd6cc72068906f,穢
87bd696565b5a685bace4d53d7c41c7232bd7e7b,局
87c30ae52577c45a97959fcfc0edf35ad49f9094,デ
87d899f4d1b18d0d315afcb2ceef883967efcf95,我
87de11d2b967533d5c11f1ece988d8ac94a6cc84,臭
87f1d666cad6ce04cb9685f969e264244abd32e1,航
8815aec3679911e6f44441388118a9fa97fa73f4,虜
881c3760d56297e80c7f9848cbb4bed7d3dce66a,T
8825df640ecd8694f51ecaf394920b122440ca55,愚
88592b8f83e20950714e969b9b698b7801ba05ad,1
886057da5846a36f1cb38900f32cdaa340daaffa,i
8866ca56dc62d4652844fe5f4a2857cecd0cc4cd,抉
886f818618b8c3cfd21c6eb4539b2e4c9cfe5f50,曲
8870c52e8f581150593a075bb0f4c94e369ad8c5,反
888a29b15c09620a4dcd9864de65a8ded65b13e8,h
88a5825ebe796cfe8faf6890def95a270eb2e860,受
88b145dac56e933e1fd356c2396c4e86b7878c15,手
88bbe04b7c739fcc37ed7207676639099b746cdd,o
88d56a95c5a810fac941af907b3fea0be678fafd,刎
88df98241bbc9c5712b679399a2682c38ee058a4,陸
88e9b8b479eec30185c1df6ab932820f38a22511,輪
88f49d1b4943a802d053fbff9ff9be36d1fcb643,G
891dc17935948eb90e0c38a051f34e2a6b0a6a56,浄
8948e4235a9b57efa1dad36522b350f12d66e424,蓄
8949d4a0b6208c304488eefc7eb50e0f98c3da22,ち
895190ffbfb2fede84981acf9ee68339462add7e,執
896c762085c4ff59aaf3b6ec828b87506f02d388,笛
89787b18460a390f458801d71b45c62798ba66e5,挑
899ea1af5f8d36d74fd2b5b5bb041571e2552617,ケ
89a1d88e8f84d270e33fe13e0abee055f5be755e,ォ
89a28f07e9fe8398e03b772dc873c2ab987f581a,真
89aec41ad54f865defd5d7af30729fdacc59cc05,麗
89c1b4009e1a09e29f4c49dbec44f71ae3991a29,青
89cfea0acf1549a14e1f50d7c5cd37938435be30,選
89d6e125e3f0436e018a70a5f6e74cfe70c399ad,擬
89eedd2e5e113619142878dceba6f3c396ba9183,殺
8a0fc6a283c8af48c88b2648078a230e16473417,B
8a27f04bb88bd37038404354b73946927c7166f5,F
8a2839180673543f6545de06c84ef9c1168f341f,ァ
8a3f5127f6170523d7bbe1c7075cdde9b9e77f46,過
8a4a0579511e3fc5f15af488bdbf722a415ed794,橋
8a4c2501c1755ab7516cbf39a82a01858dc82281,沙
8a899d6180b8395c0167f06e303b566e9bf050a7,港
8a8aea67d478159d8782deb79b4e2e971b72def6,母
8a965eba5bc08cfb3cd256f0b4b5af9c58dbc77b,て
8aa7a5b2d0c0961b0b9f1b62a3883e76d899b40d,朴
8aa7d434da1e512d58ce297c02fed4d273c793a5,ラ
8af038509f0464c989fa99360c62fb2fb8e35f2f,フ
8afa06811b4616e7a84e050802ce2e8921335016,f
8b179d7209dbd2ff35f4046177270d7f063b294a,L
8b32f864e32d561bd5caa219a1d9714418d8656c,撃
8b37cc50199cb79221b4198a9010f1313ad875a9,6
8b40454fb31c4b51cefc77d3bb5c5197cc9954fb,刀
8b4d95147a4a22904b41065e81dc157caff6c94e,険
8b4e3df63def1ce32d436a9f74da62fb53bb0041,描
8b567d7b038bae28e337e319903eaf86ccbd0a87,偉
8b5a915d7a9eb2897323b72497547d08fafb1a98,箋
8b5d45aecd3bf3901cbf9919013fc84416246f15,ぎ
8b6b0c20e5d6720cb6355181eab05d80b9d23cb8,ョ
8b6c346aa820c4c1b16a9e141fb1aafdcbac3698,プ
8b6cb5e66bae83f6ee1e26299f83d172cf4aae30,だ
8b7311cef0df6c066c901c1f3d1556397750d3eb,沈
8b7f1f66c06855d668a1291d4848d44ff1822522,／
8bafaf335f7e46c83ee85114fa0fb53710670bb5,後
8bb94e370ab0298eff1474da2e8241972b371264,男
8c14b452cabb9cea374526134072c4fe3a0b0709,操
8c21ec953225f090e543d2638f3198b98b5cc33b,華
8c26eb8e38dd129ca5f6af9d485db7b894b1d7f8,穿
8c4e86f05090cb155be34a3a2b0c35043bcc3ba4,刈
8c58aa59f3e3774a4b415b9661cfa5d660dceb64,量
8c64ec8f7bd371609f604493669adf3176fd75e6,M
8c8e001f159824fab04c9ec433db2bbc642a06f5,ま
8c918e606fa62ceb158524ef3997e29359b2f4b3,戻
8cafc8f19f64b242f68eec75f6d21fea6f0f3f56,分
8cb1ae197b536aca3985ec4bae054caceb0ba45e,雰
8cd8eb789f3254ecc2253e8048aa43a7749d1a84,潰
8ce5d63b35da6ed572ba085d553c5f0cbf898415,カ
8cec3577413c38e1c9efec0dedbb7a2560b46552,態
8cf0f827e9f92fce55ce165820d9dfcb0c578f06,堅
8cf883445007cac430b2fd255bdb513cab09adb5,ム
8d07f5f141030d7880f6f1ae9e13df40b517890e,歯
8d0c5181c99935ccf10597ae9d170e063e1c31ca,在
8d0f922f7eafc6aa79429953c4b070f85f65c004,箱
8d0ff3b06455f7b9876902e5334ee91dafa5dd18,酷
8d1f9f025a048ecee0579191f613dc018e3514de,牲
8d27c73d2e4898556c4269ecfe44287bd18a782e,j
8d2c2d0b709aad88ba38f7e8c8a318db9a8f52dd,驚
8d2ee36fc203015bd96fbee8d3d902c6e7f61776,涙
8d363be08be2e7f056fe300906653042cf5bbee7,威
8d8592b050f92c95b237c536939df233ca886756,痛
8d9acaff6149d347a332e6f761f783a6391d6094,k
8d9d39e6c4775cdc00afe810e9d0cd7e287fa4ea,承
8db2887356e1de9edbe320fc060d51269c3c141a,機
8dbb6281af417aa752173f8f110a952df4322f35,媒
8dc3d1244a19a14f322a9b3ee978257fb1a833bd,ロ
8df843bc2259388ef37af3d050f730097fe3992f,重
8e033e013e142d609839af25fbd0c17b044841df,踊
8e1e8e97bc73d5650067b0ebd39485e36f731020,迎
8e2888d08ad1d2a48ea6ec574666691d981866ba,半
8e3fc48f217019cbd3c73df56d86f25e0d27d15b,誰
8e44935c0ac7b8c2066c93b8b9fcfe125c9b0793,宗
8e481cf47ab066cda4d9ac596fe41022c4baaa33,怯
8e4ba8ffdd03ea5f9622baa760247dc551533aa7,ワ
8e6e6869871ee1504ea0236f3868c19486248cfc,B
8e7c7a558d207b165417cc62824eb5961400abb0,評
8e9b2f11493955bb62a4ee8f03e002ff01aac7fd,両
8eb601cfeb9ded75b84fb0b735e113169673c4a9,有
8eb8f42e4d414da15769b31f309b40c19175b89f,誠
8eba6934341ef991462574bab05981a093c3e7d1,簡
8ec56915f5269f7db6f78881d9d1cd3133afe98f,毒
8ecbf5efe25eba03b9783a058530fc00dcd125a8,瀕
8f221316470c6a68cb0fc6dc9b40db60790d7fad,営
8f22bc9fa90bbdaad3c77e06b219d1225f1eea47,染
8f25e173067587882dd831a7484fa2227fa0bc8b,ー
8f2cc4e69221a9bde1800e2b07042ba51a03c1c7,幕
8f3763be2a7bde528bbdf208aa3fa27ab24cc44e,陶
8f40cef28fc91ad13693aba18f4d18601b74c51f,了
8f4f093b695f223ed3e3c410e3cf460915203f1a,卒
8f51d74f01c1a33d5aca4250f6192da245de9f56,択
8f6559442c5e8df3799500438c734a9e8274dd0c,御
8f7f795d631950cf901668f521b84dd7e6faf5c1,P
8f86a30dd7ea6740f8ca71ad107a6e5441f72df2,濁
8fa1dc3b29ddf8bce72e2c13d26389fc0ebfc749,改
8fad38dc2418affa02f305d18627445b91c65128,主
8fbaa78bc7de96852206a1d8dfae908efe3b9aaf,波
8ff2b91db137261f4a6ec542e42448c64665941d,K
9014ddfad591572d4050274653ecbb452158ccf9,確
902765783ab83750950d227130146b35374a741a,完
90442974f39df35cf015ce3df72579421421175a,員
904a8e1efd31176b6428cd634c8f774faa962d09,導
90521df01ce1c8cc1f64b375afaaee49121bab5e,十
905ef0690e296c83f3509bba11504f0cf0b8a37b,J
90764d8bbff23b4dbb0b57573f405682624c35a5,元
907ff602d7a2218d0e84c1ff24711e8e4e832c8a,因
90ce7b36df81465dd8a8ea053ef1ea50210c632f,掻
90d04b145a60ae4e2a911c25a589f5ff8c9ee005,笛
90d48d87afdbaa5a0059e090ca676abfc4862a3b,感
90eb35801bb53894df814813aacdb76584bef400,パ
91116000547a29474c6b7c1308755b72d9705cf7,沢
9112279b84eb07fd2f49a15062f3a40bec507327,験
912c4164e333de14054fde4942449b54b65ecad0,権
91309fae68c0502498c81aee92cc6bb8974a9dae,捨
913c7dc1e998ee0ea22b63a3093022dcf5907bf0,焚
914aed63b70668d170a855503e64428191a4d294,悪
91702679affb00de03030dad53b24692381eeab8,声
9195914f5f8ab9f2744c80535b94d6da3703b13e,普
9196a05598335e7f3f4f3df7318be1f63400ce11,祖
91c366e1d8cf2cb822b7b39763ce2e16e91b295c,h
91d0922a4a07025818e32237dd4da35121228f96,題
92022e1bd56bccf77357e0f3a4ad32ace17d6751,4
9211a6a54ebe6a092647be9c6b5032911d0ebcb7,鏡
9217b013138d0bce9f67ad99c7db3ab5d247d3b0,通
92187225ec19bf7ae7c497c3045d69339ccfe21c,期
922d674bfc5bac6d85268137d106e625309a25e9,渉
92551f3599cc7277076a6895be72119206c1185d,南
925797a141a3140988bd4c080d90f021317409b5,際
92658ccb2142d3057ea7e5809a9842769c1e2571,ッ
926a863f828bb1f387e80fa92bf59592bb999a86,簡
928b1c1ccae5c962b5d0604e244ae8a4628ffd25,魚
929607b0ac406690659989b17e7bc136eaff8563,矛
92a691e4f6399d73b9242bfb58bb19e50c970a79,思
92b4d0b4f9b2d4f9314ef2690fe8f9c9454bdd97,働
92c0810cd9560cef5ec3d38ad95a100a93363a2a,悔
92e1ec158f0e2effb7c7cab65dbe657253e24e4c,レ
92e9d81ec1ff2d2c1d32785adeec32a243c6928b,2
930a838d0ab8dfb34563150e9c2f835ac2780af5,.
932cfebc7ed8f9aa4c4ab1f4c5098908f35aa145,凡
93367894eec1d38abb86ded1af578c263c2f4426,R
93368aac31b560e270d64846bccb0bd95ca4a6ad,死
933795c531b0a471dca7c8f4987b92440940ddfc,コ
935b7601c9cbeb2ff5471fda99f9fbe61e950875,績
936d788365bd0dc5749457f86fde9edadb9aa168,嫌
937b63b269c2737d7154ea43237cf1d6cb65831f,…
93834b1c3850ab8f915239d59b8cb52569f8cbaa,動
93c787bf5521b38e6e65c0fc1b5a33bca250e8de,視
93f78eae40a9de9836a4f24ec2e037812f3d8e18,酒
93f98370f0e5aae66f175728c5d2fb216807887a,鋭
93feb5f2ab6d946a932e65467e1345c6e98fe719,賢
942d34ec4a19edb9f220154bb8b6b3443a69356c,S
94338119d55045d7deec86f19e999a6f54a81464,期
94616fc0d7064005b9f5dc9a8e673630ccd865ab,懐
9466a0139a90d6f448e1810adacfa2c7fa8edc4a,U
946f7edac76f03db254f7b6ac102704147c2ed87,歳
94731c1282cda20ecd5b13070554c07a2ca7e46d,来
94975f704cdc3ab8ed823f66b0e18d262e91b6dc,償
94b5edca5ac16b9f1c37e5fb6ca19f7cfd97fbc5,牙
94c179f2d642f153513f773a0e76dd74b169dbc4,意
94dfce2aa99973ede71d93e33896e2bd19f7fff7,任
950053345aaabbb650608bd05ff39ec452ce2678,凄
950f62a34e81cf333f235e50320d078e22eb10c1,巨
95299482e4fc6815fd0c15cec645b0077cadf03b,食
9562dc924984642671aa9e76f18ca3eb6a54fd1a,明
9571336b9bb2535fd57c92cba25a77ab485da966,条
958693be83d7d97ae1f3f74dcf175d5b3a2aded5,喜
958a62274ae7b4176d14c47924b1d814eed75bbe,p
958cdf40a240b1763e4b1cfe7acca8ff8748be67,聴
958e24443cca80902faa487affc4497ef734136f,d
95da0195ba6c88cc1e6627786585b79296ea10bd,で
95e03bb15016d0f1452e86ae59403372a7561ce6,守
95fe2f5a12a8831a64fb2b262292185dcaf25fd0,阻
960898bba789c78927e7fd6e50a2922350a21b49,魚
960e8b887352486675fc1291d01fb65bcbd534f5,詰
9615866548baa28ab2e07f07f63f959c9dc288e4,ー
962f6c7b57f3258aa065d4c1292dd6d9ca6c194e,咽
963c65e9c935963d3b63504f0bf871dc6af5a816,極
963fc8859c4c5c9a70734ed1d1d58936a905b8b4,産
9652c40ffd5adb0c74df7719ae169c3357fa4d95,新
966a2aed117e5fcb7112774b4112b751dec9f419,二
967790c7231c71e5caaf71dd2c995f542df69f6f,ゴ
968656052c22c89169edeea4f317b07330561199,明
96a0aafec662f977873f4348a27403c512eeab43,免
96b5ea5a50d700042d85a036f0c6070180c91a2f,容
96b7d7f7c6834f3682333f1cd479982c704e690f,抵
96ec4b356d26e8133b5d3a7f87bb4555d4f89114,選
970ed38d890959a1b3091e610ce511c690b9730c,費
971d7014be31c785d3707b0d48d4ee360b8c92ed,ド
9753ce3477d19d70ffb858692f73ae42444afec3,H
9755e8b5e88e4c105fab32d60b3e2fdf37b961d3,モ
9763673d2bbed99511d0681ad274d4bc180b2cbb,）
9764bf1bed48484fb6735fb376ae045f4455e890,拾
9767f296892094fc4d33bcc818d824d8dad8edf7,齢
977dc15459c3e7a1378989d78ade2b8668c85fe8,軽
978ea5928a590d87dbb41d4650f3968ee88d7a87,状
979248bf92316942abba394fd467ba8b609d6cb2,等
979f876a51f519508923f2888cc6da9170480e34,治
97c6f1de287d2bffebaeb063f1813a07d77fbcc1,欺
97d95a13ccead0bdb3bcfee20047e91ff198fe36,ト
97e68b908be8c8ac7bb7861521b219a263f0748a,匹
97ef11218ce70b99b0171e7e5a1aab55659db4a5,ぎ
97f5a792126f7c00410879acba26b9d9546359fe,谷
97f6f005d7f200dd96477fd0a89b0cca37c67276,褒
97fb611a1ffc5593d9675283967b76b7a3b8d84c,称
980a4220895d2cacd97cdc9fb4e0dc1b7987f115,絵
9819c33d7c7c7fe5ef2440e0589392ba18dcf091,非
98244fae437783181a63cd5641fb5439380e30f9,広
984496e5e8277c02cf42bb8d65933de53d3c4f74,過
985c8a55290ab5be1bca4dc4a97ee5b68c095f23,2
98702a558de269d5d1e27e356a8cfb59f671a235,副
98773e48eb2979f9dabd52a6209a81d8a6943e27,芳
989ac7bfe38cb04e18605c7c8b45197fca489594,裏
989cf9815638a1596790ef581c5d38d81916796f,況
98a81950282f29094f6aa3f83b61eeb5fb8999fc,隻
98b20127c122156f1426a78566a099c79000f143,現
98da6c8459aa82af1247f6e83d3f771f1b65a5c3,隷
9901ef2f08f1ea4442c3f91b773e1c7061bc2857,怨
99101ed2baad7601cbe4e3b86aab9f8a2cd73509,感
992a9a8d6aef0c76e7c5e46c22240456012cbc7a,衰
992a9b5f3256be2e938cfca5680d83acf3fe90ed,西
992cd4b4c48a47f5a55bcd08ef707de625886fd2,”
99324892f2778dcf1d587da255fa6d33709eef59,首
99345f5dc93ec828a03a245609762315b758999e,役
9986e831682020b737c8cdda796852596b08d330,ペ
99a94d109f23f771dbdb3ba19b33002c1be8a68b,当
99d5eaec091eb0a7adfb11e8faca3ce052156bf4,品
99dfabb8e4f176d3fe024d9bc1ac541bb0926470,M
99f9155b77804cf02e26fda2930f3ee9e2b06f63,鎧
9a127f0985a40080c1e023ef5d1de54ee2384f2a,飯
9a5fca315a43a4ae4604b6aadd117bf022a9e057,照
9a6a54117bcec9842977358aab4e0c1dfc209733,口
9a6c1d07cc0ba7280f006e0a7b2bd6ed691ff4d3,隅
9a8ec0eb66ae892a2216a021cb7b84fdd9733bf8,狩
9a9ef69576e1520c69ab470c0388edc0a0caa907,誘
9aa45d9ebc57009d3d9f363f4dc949aeb00930a0,寵
9abe0f09f2490ff55df5dc8190c613f7d1d4b586,騎
9ad31342bdde044a64bb20a94abc4feae308532d,臭
9ad6695b818896c6ff2fedb395a340e613701cec,城
9add0b535ec4820881f0ac34b9548e78abdc85f8,蒼
9af4d345dc1a3cc1167b2e2c01f175feda8681aa,B
9af911c90fc821003c4c60389594e6334bdb0331,ダ
9b100464b555ae40bce0b7efde9711cdc46cd8fc,p
9b26ebf6724c84767ca97ee11ad22fa60f5748ed,料
9b3ce54c93227fde4c146849e0ced40e1a199f68,捧
9b4002fac90b76e29e5a8b31d4046b64f0da651e,昼
9b419b12f7deca9ec9c8a9c89c66b7f41da4b72b,種
9b6bf9926bae061a4acf70bf33cd1eaa8c96d39d,ぜ
9b7c453ec380cd2d4236659fce9289f61813cc79,心
9b82b7b403bf57808f8e7b042963127865810e64,権
9b8a6a30bc061cc32ce9eb3fce7d1062088e1b93,騙
9ba428b6e27f3edec8773b5b51dc065799f5814e,羽
9bae44540374f84de51d2b951d31931cc51adf4e,イ
9bb61114d82e3990ddddaa8b2d073f9e16490128,束
9bea3aa667480aef58cdf8e33ea02ef3f1b06774,！
9c188d030a86ad5a7b027def483ab728054004ac,像
9c1ce24c01558c8ce85c577bc80c418cfc416808,巻
9c1e0f3fb4cf56a11444df1acec2414badb81d8f,愛
9c2c750001f977d327c6da00ea73f7621d78a941,そ
9c3d3f148b40d3b537338e4439586aa6b7e08306,k
9c4321fece9bf2da9ff08ce878a3511cd9f6c892,篭
9c4a1798cedc7304dccb994de95ab90597205892,琥
9c5213e8922a7defe9b08606d3a1b3bc89a2a1ef,使
9c80b7cbe237b859f4daebde505af0f4e3571a05,礼
9c95200a5ebce03051c5d3d00d3f88bdab936c10,殿
9ca64cb6dbe34d02f0c221293baa4a7830b70146,ド
9ca9cb624e9dc3befb1e8d510c445a56d0a01425,E
9cb46a26bf7288c65e14bccfee11e0a029fcc1c2,醇
9cceb8ce82e2a312610fc1981ce86fba555cb511,R
9ce535a50e5f6618d0d596ec9c692b2cbf84c868,失
9cf13317b6287768136c84018478af69cc8967b5,胴
9cf6846069804f184348ae8352e52e87e6b52340,巣
9d196c37788a447847a27bb535f3cc70933d79e9,多
9d1c97411104b8ac7ed020d22ae9910e9ac31d21,撲
9d3b0639d5e9d0e9f49a313edfa65fcbe56dc168,願
9d3c056ac7071279bba2cb822ba215851616b804,襲
9d5944024a00f6cf85edb8744f910e00e85ab1a9,遂
9d63e8135f8d69e7c84aee556a2c78f24b453080,何
9d77e0ab8910826e1a76fa1d96dbc321ea997326,孤
9d7c69333c482baeb2eb2bf41ff68211a5bfa0a8,若
9d7d0bd2fb274b46253d7be3f6609ccf88af41d2,献
9db2d1f91fcd50d63c62c7551ff3b4fbd7c8f0cb,俺
9db5eafa60c2f84f655f04c79d7aae56a48c352f,r
9dbd0c8b49e93db31f96afb336a6b40c804473b6,倒
9df16c5324c5fe5d97eec39a8da7bc0d404820cb,4
9e12cbae9b29c824bc685c1887282f49598ddd2e,労
9e27ff3c60fc134d23fb7b4c46173a4c45e80fb3,B
9e32147064b68d3619668608fdaaf43f103e902c,る
9e51ec9423e20fae59b27f24b6acee638540a712,砕
9e5461764b3b8c0186fe0566d94762020cdf7bca,賊
9e834eeb084c8b6a27f912f6f904c5199b5f5fda,苦
9e91bb89ed429f378fbb8673546d229f6224c4a1,固
9e9b62e3575c1cc785df9dd48884079aaae436a4,聞
9e9c2451e6e1351c91943d284aaf4d94d44b8ad0,a
9eb4f9909fed6ca0c63c744023a14daec8d2a98e,牢
9eb96a7d935fc35408d23465a8e84c84ab72fec0,雑
9ec022eabdcc6e671f208086b8564ac972ef10cc,皆
9ed45cdcea1eafe59b03bad8114141c027f8ed59,義
9ed584bca81ff5d14d63f7afc2955f7744b354c1,勢
9ed8c7c3cc9ca4a0337c4fb0893dc0b7dfa163f6,途
9ee04c2fffcd1d73c51ef5433c27840ec02f9e8d,4
9f111b4f89c9665f30fcef4fd121f0374454077b,虹
9f12b8d75840ba8000115ffff2528ef696aad6c5,R
9f12c1264ad681e3d57ab50355da0480703ada37,エ
9f429d9addeffee5216d3f6d935edc353af6598e,卵
9f4342ebbc62f0809f5931b859098e032aeb1879,余
9f4890c048657d1295614dc32ef97e61d07a3a58,麦
9f5d8c75d07d8030a27d578106ad62bdc3f5c6a7,同
9f5f7b2312c7fbf9defca38f64c4074fecfce5f1,効
9f6d1d880f48c44486b332e6f6ecc361e55276d4,存
9f776e37add775ee7906fcc21d3958ab09452290,じ
9f99aab1780d39037ab48e56ea11bf6e47ac496a,死
9fbd48a816d87c2b11ce9d0364122a9f421d7273,範
9fc8bb4abe87d641383ca7ef3d07e8048d53013e,H
9fef9da4e628f91c12fe3a78ecdd2ac92e8dc089,拉
a006af6419a176e0c38834d13c976b54b35f55ea,恐
a01a250ea3b7b33526ab5ce8949c7bd958372627,覧
a0234459ec68867fd1ab60e779bf6b489dc991f1,絶
a046eec7851e1306b0799037badd062913b81e47,会
a060cd95f7c7bac7a04dd460d53fe1bdb7834919,方
a0836652040ebbff50dde145e9c9c0c8e30a00ba,系
a0841d966a67c1b1af32377356771a112282e9cd,を
a086fda984d24589c3ea9d59f8f4127d7060f5fb,ぞ
a0a48c5148195f01c8269076dfaf91372d56ee17,鐘
a0ccf4d60c86804f4a827caf24b1d50b2c9e94af,M
a0e3d8d32cbc586c31f677c809df16e20e5976c1,禽
a0e4ef851f94e1e0625bc3ee2d85db1723a5dd44,バ
a111372c2ba412bb1253570ba4ae73e8f12f0a36,虎
a126e85c319e8259bc441a4575046e38f9770cce,地
a1386e399a2f0fa7f69af6d05b40ab1b3a3d0408,か
a151256624e1996595e0aac8a14ed6106e4b0c94,髭
a15a7b0cde5ff0232f0feafba0f793181cd9cf39,収
a174de73e36ec4a6f34b23ebddd89af0957b5b06,ベ
a17b89a6d28a5d4c20c1a6307044700f0922239d,ガ
a1ab5bcab4c49bb75121b75012f001428857c650,狐
a1ba8e910d25d196df61baebddf9bb7bb69b31fd,み
a1bcfa20f61a273f37d0f4edd95ff0601c2efeee,車
a1bd3362f9bc8bb96d114ca86d4108f4553d91ba,軍
a1d32d9081465e2614533a2472e80f42e1010640,墟
a1d87a12af95b197207b08a14d0897397770a5ac,拍
a20513305ee88bc031185f7e6f179779995856f0,糊
a207ab83452af404029e6dbdbe4fcefe78acd71a,生
a21900feffe8936ae242344d1a93d9ee01f32ae1,ィ
a24e26db49f41b5fc2b96c973b9e47fc220ce03d,研
a25e25dddde8d0424db91e54870ce1bdbae9a789,沌
a26ca26463368d056a60f1d3478147a45a78531d,犬
a27caab1d4301e553d8053123c06981918150721,俺
a2807f19aa3d7dd2a197400d6f0f09633020a6f1,盾
a29d2bc2c5320a1ee6783cd3dbaffe1d0eff98f0,図
a31350a9adbef495af3a2af731eb90845eb4b08b,気
a34a044add28852025f790bdb961102391566bfb,原
a35e82864d8e50948e88bafa164ee196a1eb6790,p
a36366c2de510b1cae3ac2c306fc7c31697b6386,誰
a3830391c8b55fc50b6619077612c12398b92ccd,鳥
a3ab82b326f93f572d03f4621c6137e675090a7d,奇
a3bdd5887a881be8edbe328df54a5653d4fe29cc,恋
a3cd3f577b097fb9c97db8882e7c89a1445f9d64,ど
a3d5ab69e6eb74e712dbf3d0da1bb856c679e24e,石
a3d89293d678caed0639151e42e40fbe987a2126,著
a3de57a353ed80d82e2665fbf3d867b544e655ef,封
a3e675ed19348472b3dc2f579cdf6eeaed52f2de,暇
a45313d27cbdebc79070d91b0af7ad98f57fa73d,L
a4694cec0cb50599ee8ca57a93afcbaa3e71a76f,澱
a46c97712a7c4fd09bdddcbe08b100147b67840e,O
a49923c1b47551f914d2fcbc0e28103f0b58f1a1,班
a4acb9a2a83add8b48808b8f66015a29d7797a8a,本
a4b08eb210181ce471a03a834f6b908c85c2c7cf,寒
a4bf05cd60e32fda8da11c22860cb6e07635970e,B
a4ca0a45caabac0b96f11014ace21a5b0407c87d,掌
a4e557b527d9f430a735d902004042d707e1fa9a,移
a4f81cf8e75474c4f50a3b371993b2924c449bd6,頂
a51f87554849237a86a6eea41affcc9bc388a526,叫
a5412b9b0cd2b9153c8afeaca44bc109c74460ac,サ
a554df98785e5b482d06a9576749dce52ab2860c,抹
a5686a92385a6533e5e118f2bcb7c3f029544a1e,＜
a58ad3f05ee185f4b96d57d6a11f7c374f24a1b4,弓
a58b45f713290e6d3d1912d02ab1c7ae14889cce,＿
a5ae262c56fd0fc34a96f4e763ca93f6178373ec,薄
a5b6df3e75aea7c046ca5a738a72f1911499a98c,げ
a5c8340cb88544a5c1aac4e359690215f857582a,）
a5d553cf017d7cbf415f7b6515b0861c0fd0f9f1,永
a5d685fac85fc80684eda772b50b1b10b4cd2be8,次
a5d6a5992ab84780f934701b998d6fb8e3199bd7,隣
a5f1def4368d37a225eb59c04fefc2e18741904b,濃
a5fa37b458f3e6892230262aa150091ce3a713d1,射
a611ce063fdc4e2335918fb0cce72fe5b793259e,V
a6373f8dee20211007a76d219b9b0894f2bd34ae,キ
a67c4eb458c2bb00b5b6d50fd5071a6712d0dab4,古
a69073444a91111fa45e270f1eceb30b7e40ac82,楯
a6d026db6db6fb218786f123fb62c08b59986a24,陰
a6e4879dc4c79b8a761907e831302f2189f56daa,H
a6fc0864eb7d85debe59c97686a54195319a02d4,破
a730f457d71c7cc7db39ffe0cc4a70f30eed044a,弓
a73b43b677f88539de5b542f241d3e37bd9ff1a8,水
a7439c1992fb047fce09cb2a5592d3b233cf7a4c,数
a75fa7a4ac6a493243cca6deef359a4f4f64cc10,A
a76ae853ebc5ea61d2473d21b2350b424a8ffd2f,渦
a774a1986d059a91844c37abe2aee49f3f5117c3,綺
a78a5255f43e840d67fc5bb8e7e9cb7c787808da,隊
a799e9352ec677d44a2079c1dfa01b16ff7f37ba,予
a7a404a2591e86e35fe295527f825339fb8e1a34,解
a7e4385ea0a4586df0028a074811e953ab36349d,l
a7e64bd8831eddb29da49ad7663b7e0b371ae17f,狂
a7f163a5e9ad75f12130735f12a7b3170a3e414a,広
a7f8249497a50b279a7d75e135a3b9767079a303,損
a80dd61ba5a62ed5c4ec11ee0a48dc3cd653b491,拡
a82473d0490373819e30e60e161360f33e554862,沿
a8328109189078d786ee4aea97edd5ef7bfa4fa3,＝
a8541fc07ceb91390a3aba4a21f6f797337ab632,泥
a85ffda868a36317aac4dade03d905ae8ccb3a70,想
a86aaec6a476e3bd3fee216218724afdc52e42fe,角
a8787572f018ce43e8d07e158d7c9db71fa29e5d,困
a887a9216b743e08df34e4f927e2fed830989ef8,掘
a88b4943abe4a572aa3b6d7995494db127fe87c9,剣
a8a8bfd22cd5a1854a9cc7fabef9825886761d2e,耳
a8bc76149607469fb13cc544536fb2f0134e1715,被
a8c3cea2b52757fdb6377b7886dc1d3254090c3a,粘
a8d6e11d812f23048a8fffcc2699650d607ce79f,貧
a8db51eca01cc68bfec0738004922faa1a13b6fc,「
a8dc3b282d5160b602471b0a54266bc96efa4d7d,疑
a8ec1695b33e678cd0ea46e7c6c1e013ae63f1b4,私
a8f69bd4f7bd1b71402d424e7d0e7dd09031329d,半
a903c90e72bcb6106b7788ff0728fafac65dba28,に
a92605e5c91d160956e34280b24e227a8ac0ced4,邪
a926d3f44972f6f3b3b76f97538daaf43df1641d,首
a9518490d136a4c519c1cc49a857bbf372fcba5c,ぶ
a9717930675641250328774583ae9f6ee3cfd680,奨
a972b837810ad269eb0c995c5d3819c443e5551d,K
a989e708309d991a736f69be5754aec64c1543e4,如
a991248b28d30c60a42638e0aa4120154fab181b,陥
a99577d9e64d7a12f3f6c651383b760a6c77afa2,恥
a997de689113395fdca9b0612cd964c3851fe417,剥
a998676421c7a08c9eb8ed218a2bd7e33869c90f,押
a99ead8ead493f012b7d1090126a2302e1f01375,志
a9a0817933ba029d1a5e45a9df3266b1329d667c,姑
a9b2b38defe210bc24da727e29283a07b5adc43f,復
a9e9e75908e855dc5133c0fd917a1b83c3030692,獣
aa1e4f857553bc2c14b30ba028c89e4c8cc037fb,奇
aa2007e3e80921bfe40f1800006e370bebfa2d8d,A
aa21c5a89d375c3e22d218c2c468c6bb81c9b6fe,覗
aa2fad92c329cf8794b0e4507b3925bbfc53b61b,C
aa4e9584d0955208ce7d68723f4834ffbe9b4b0c,紺
aa9e05a6f36e6d22ea74485b0944f9d822ed1062,投
aaa6252228929425ea96e76989cbc9f1a04da8a3,ザ
aaa66d369f4b6aa0f6c760367e1848439adcfa73,那
aac6fd5a6f32de6e6d58da083bc9ab633a7fbbe9,ヨ
aac87d1520ef4182dc24dfb3f5f70df24ac82143,幕
aad78faedf4e3c97876e3da9cdbc90f8d381b3b0,蜂
aae2a0f863333a4f531d79f1addc910bdca648b2,上
ab0268359e572cec91d07c1f60579bd8e2bab4c3,O
ab4958bca84b4015d89e181595a37235376a2727,異
ab58806577e7b36eb93219862ed36734352122df,族
ab80e6582f801d02c225d2d37201d929303dad76,評
ab9fa708d5f50f1745559bd0c22f837cc7a40690,頭
abec43a45ef75ff08930e6b302d771738a7ff463,ン
abefbe140a7e1057736a9f45f9238e739364ddb2,卑
abff1c07831028f3adb35d3fb3d228fca7c3049b,端
ac19e6cdf5b065221b898c39a85400b4e6a7de7d,刻
ac2642bfcaeda71ad8ab6e1cee30c28e54fd99d2,レ
ac30a6be68fe31ab738648849b03d86b746a75ed,品
ac8585e03141d73b7a80561e705e71ef55aae800,辺
acc62f04c12fe1c41b5bc8edaa55bb459b7efc57,ミ
acc6696358b5b9868c9cb649dc3674530a37c978,K
acc6eb6a6d1e4241c4b476672dad0ba02338ef57,味
acca575a6d85da6a53484d66ba7ab2a200f27713,維
acf813ae28f1b9c84985f620ef4e87797f4e7c24,招
acf85de3f52641ee32e3846514c614523220e7b0,錬
ad1822251fcb892581122e08ad5348c2dc0db7a0,ク
ad2cad1bfe2416c193c8b12b3d83f7d5d4266aac,葬
ad2f3759a94c882198da05948101faaea83012e8,館
ad4dcb0b905e00c9405d3045fb8c57eacddcaa6f,身
ad55e63680c610302fc4e95a2a8d058daffc87f0,掛
ad5c846b2d2e350cfd3bf14e1cb5679b8022be98,盛
ad6e9d7c7116c2462a5ec52eb548adba46942c6d,d
ad71ea877944fb4d6ff3b7616d55bca11e20d973,ヨ
ad7a178d480aa2b4c0e64ff53fc48fa197d64a28,ニ
ad7c6cae3061a16eb6ec773a850bd8ce0be7b791,翻
ad83369dae2eef6b14b417b5a2cb32b72e6b835c,屈
ad88e3fb9f162a0113af590d3110dec27889b1e4,徳
ad9783f9cf6147077d3e729a50cd0266acbf88af,基
ada229ec08fe289888a6c5162f61d96b8e515808,況
adb66e328d774041a97a46dbb6ecabf969c66aba,袋
adbcf20d0ce8cd698791bae5e0e510fb04233653,太
adc682b17b4a2486f7c199e4c648771caf73cfe3,談
adcab94cd7242233ab68da6532b1655ae68cec35,着
adcd4fe1a244a8604c4eb0805decbaef84bdc0fe,塔
addcb48275064bcefa9be06ad0e79863f3c1715b,認
ae04c8adc2950765de784e149476163534f973fa,中
ae081e422b23beaac28e2a2156f4a258b49a0bd9,表
ae0ebb45eb6babe30f2cdaa7651299f8e8ce3dd0,勘
ae1070fbe4740191f2eea74f32e869017cfb12d1,水
ae189e1de6a3c5efe2a189d2c3567501647f580d,第
ae1bea735ba5d31fbbbedafaa58c1a42fe82a289,倍
ae1f0af1da9fcfd34e2f52f62934a3e35f68cc9f,迷
ae219a77082409fc3bcc0f32da5eb4b41a6be55a,絡
ae25635c2a4fd7cb66a82c84254decb3a232b568,彫
ae28507900ab792a89c00a2a5296461c6cbf4d5b,A
ae2a2edfed7ff1f218c48e7552e4f41cf181eb94,え
ae3cf43c4ce1a5d4317d618d75903702cff29812,将
ae4b419ba2d2cb42c81475714bf073ef2c3bfdb1,性
ae520d3aee5ae1431694654e87ae5fcd52233e83,僥
ae663f4774b80d527ef7e6be61ffaa2d200fd2e3,論
ae6dcc17a6b08252e5616fed11fc312569a7c4d4,家
ae6fc129246bae71f32303c377d9241770608835,遇
ae80530b9a9f1acd2836f50eac09be7db3ceed14,体
aea2825fc4e272e0ba37f2197099b363b0f9bf6b,時
aeb1996b3f5e001089a03fd5e577785b9312ca2d,狭
aeba61227ea48c96eb69678e8385f3b2b55b4184,微
aecbcb92fa1eda3879da54f5e4a39b3ce944144e,直
aed662121c8b7d6b26696c694f07e7771e3925c2,【
aedd5c23c9e2c28c4ce6046a85bbe03600d717e1,噂
aedf3c41ecaa8d8af7e258c24fca16be7e3eef0c,象
aee34f7c614a2f257798abba1c74d96b7c39fa37,内
aeea1c7f16a76a3f7d90f0f3af8a0d4ec0ea28ce,古
af03ce30e1e030c0bda6f325987a076153ad1e99,光
af11cf540f51e719d01b1e85fa07205d1b5d9165,ウ
af1597e27aeb66c5c510e5093f5b51014022f500,刺
af40274615a7cb03cfef3ed5d750fa93794b741b,複
af56b2ebec60a5533f6098dda76ff31fca6b86ca,虚
af5da2b2b1bd15178c5a4e69a4df27f978c134d3,雄
af8215fe7dd46de0bb991c80d05d5e46d88ca12c,約
af836307f0026afcff424f8abf4077ac0b0dfa99,挑
af8f2578db69c70fc404fc588254ee40a01ed35f,淡
af920694f7d751f16bb7001d0c111d1aae9de19d,乱
afad013eec550965b5f5c4c89c20b211247f7203,オ
afae013bd7c19e64bf7ddade120fed084f7b96e7,継
afcb95df5600137eaa58e0b2561d01c9b6c25521,ぜ
b00443e4a7ea44b165e5fb7df1d2f12fa0fe77a5,悪
b00ff8f3109e45450a0329fea85b564f9bf74f77,シ
b0545007cd546ed6a7ebae63ae2b1bead4ae9b9f,亘
b056102773e26595ecbb834374cc6f39a58e4a84,等
b064fdf1d3ca6e32c56b7f1749f960d7f51446e2,考
b069c3f87a3306a04c3b2810d7a9b946cd19f265,恥
b07191d8e8f91c0349d4051a2229fb84fd7f76f5,限
b071d95be292afc9092f694b7699478f477b41b6,知
b072543713f21620823b0c7b22582233734feb13,約
b08290a68269d67abda310731ff21ac7979dda6f,益
b084cc6d3b50d9723c2e69c6e37b1cc15d6ae399,、
b08fd42b809e53633d651c2f35ae4a3bd06e708b,々
b0a678258b6bd58ef646082d329d7013167f6600,固
b0d426e160fefebfdde087c3bf65b9a6898c6e03,堕
b0ec62d583adc529f5961bb410c1393b216794ba,昔
b101774d41385d7bebbc10da7d5bfc3509ab18cc,肌
b12106dc73f08f6a45d68dba7f43a7654f285110,a
b12a08c6faae1eee2756dcc92918d2915ab20f57,拷
b12f80520645cb5fffdc1f7f446e7a80ec099259,化
b15ceeb16ef2063a7ce62e42bde9b5ef2ad77d52,試
b16af61fba02b9be783b12c83d325a0555b345fb,審
b16cd4a6b8837dd68aa97cc334a3f4166a3b54f8,築
b1913606235efb01b4f9744292213d46691a1bde,l
b1a59e66613500dc05a8eceddb44a80349e99393,覇
b1a676ada3a77046d8752ba2214dc8975e1b9709,唾
b1c149e640ac303683082a982c31365db5169fd2,薙
b1c1aad85a97ef74526a9b3d82195ec19717d743,必
b1c684ca2fdb59d9eddbf5b5810cd46350e46cf9,能
b20ce0ac3a4532e021e4fc4cf428d702faab391c,親
b2105cfff9c61d7c14134774eeb3f4434334d694,売
b21499f8389d3c4eae6945585dd77c97c667e9be,秒
b24a24aabb28c007ec8593fe844bb88abeaeed7e,虫
b25b2a888a9d53fbf9eb5bd673892e2a812e77dc,末
b25e33f3ceda4b77dd2cd1cfe26c2998d6eb3e92,お
b267d2ff3a40b8954141338da1029bc5b0135f58,軍
b26cb5c0f5186153671c84e16b3d7b83f17ae18a,畏
b274d30f9fcadcfe1f235a11f713b5af67ec4d75,至
b27c09fb9d8ae93ba5dd1a19814e29a8f80dbd94,諸
b27ddb05a20a12057893501f7afdc113c7f12f86,敗
b29aa5609c98dca8fc9e9dca730762a1ee1e9b06,驚
b2c43100c414e6fe5375df064b9c5eda157050ea,繋
b2c937e4070b6bfadfc5731b53fc53d5caba452c,ら
b2da75dab1771c6d14e00becb3c948273c5863a1,溶
b2f3d6c7a88ed1c9f0c135bb4b2ab6cb2ec28eab,盾
b316d6d478885265ab2c6aa9a9cff5acab4e0c5b,C
b32c99d54959ef1ac82c6a0d957e7bb1c7855b05,参
b3754106447b0ac5efe7f019c597da527165e002,も
b37f41a30481f0292ea0cc4699b7ded0563d661a,ご
b38b0ec6f4221b8d42aa1444a562744c80d044a0,D
b3a7a281b360a181ef8fceebebcd5bf0cd85814e,復
b3b4786973ef898e9bdf0ef28e61094d90470c74,)
b3cb649c504c1bedf30a2a04f07e34888c4c8dcf,瞳
b3dd450f2f40782d54e1e1eb612e77ba8094d436,頂
b3fcdffedf79230562478cfc2a24bb5b93cd9b75,ッ
b42a9542746dbca25558b2159f5c1d470ac305a7,獅
b431db9b426375c1c6d034f99fab3bb0c23590f3,林
b4325c0aa21264faaed5742cf0e040492ccf7aeb,謝
b43dcd2aca5b62cecba3fecfb0649c87ae0a9132,年
b447feb7449996985fb5f11b9eff9c87a7ac57c0,募
b450d971b2b0d033f97238f2c7284653d866db56,幻
b463c03397709c494517c8e1e22014fa4ea9a3b0,寂
b498074009cf6db8d44ed7e6c4aa4efe059baee8,ま
b49b6940675953c5e7b26a572755beea1153e2da,寄
b4a3120bef32b249aed1546f203c6164e7de1249,艦
b4ae8d8623d16b5596ebe2e945dfa4a8176d7e2d,ヴ
b4af864990b868f27db72685e5ee1e2c51aff755,詮
b4af8afd034a39750e18c9d509a5dc27fd0bfe12,h
b4b0c584bed8f2247152ecd80b6f2beeb5d9b5d6,花
b4d59519f857cbaae90b5b4bde0861312b1cd1ec,h
b4da4d2f86b83c642c36d90b2abe9b299c8f32b9,控
b4e4b3a33d41ada643c55d5914ef174d6e8a3bef,第
b51a6689709c936a84757601e585f17c145f0dff,垂
b52c5fd2556b51629cc1f60005b8476c75a71079,孫
b52e61088bb12349d60a57e2781cc42b3934af4a,槍
b540d347dde47f90f174129847d11ac02902cbbd,右
b5501605a4ffef51ef0f73e5277a806bbbfdab69,覆
b554098f040b835e91a8e32f209a0730a95318b5,子
b55bbe57f38cd640f5d64d39eca604660952602d,底
b5689291a4287f87d483e0ba5c9ba4ff428d3e43,老
b57b6b1aef8dc28c1a58f04be443a6ed82788e6c,触
b58178075259314055af1f21fa9d860d63e4dd75,凶
b59149a268914acd2f706182a27cf1a98ba13aaf,編
b5aa0d095e3e2802b9acafe1c6c86127294afa65,無
b5c09e685df969a861db696e8758621717ed20f9,密
b5d3dd0d13bc4265d125eddcda11645a633de1cb,幽
b5d779d9a16beeee78dcd6548eb12b1270007d62,消
b63e5abc5f217c3f0f5ef165de18f996da59bd50,順
b643854f82496daab830760f7d9ec456aed7b9cb,報
b6507798355cf2198f5bf7bb0cba602250c76a8f,ゲ
b652f955ff51cf8f9e0f47e030a7617f062a6ac3,裕
b66aad9a823c4c9a4042c7b225055da50c3076c7,尻
b6754f80fe509532dc79111bdc8fe9fc6a7638de,妻
b68c53ba8c3f66447463e2ba6888c6347c27c361,陣
b68d637e925b7029efbeb414f8fcfd4d31c51e4c,ィ
b6a168660f8bac0214153b95a22f3d6eeae0feb9,謎
b6a2ee2e12f9880e602d3007c6887959dff5a2c8,修
b6aca03a438cae458a96a5e2c6a07bb5f0cb94b8,材
b6b8a3a00709e44e3d6ec4e1d0e1634f8986f495,適
b6d70beb5145dfb98bbbf58d984f2b980d5a0660,慈
b6da10b34769bc3f724e129baf5504e419d2a9b9,巧
b6e408a8690745d66798a766d93e052eaf0face7,熱
b6f98854a27dd515a76b774415a2aa99588b01c4,横
b700e825ee085e1fbe4bc2c01b78abed8364197b,説
b703e29fe538ce34a09611abc3761a4ef46351c3,妖
b742e632e339c3495b53f620a2a46c6ab9d14292,ろ
b78dac25bf99f15f185668e6f5670d2fff7ec2d3,？
b796cb904916890eb7e1ea3fb671c10dbfb2885f,障
b79b386de922f3e6998d8637d781c122abbf0bc3,犠
b79fe517c8397b58d953c1f182e0798bc5b23e1e,婚
b7a987a3974ad4dad6c6d539f94a6af85395fcfc,雲
b7ade76691a3db0778ee757fb54c498bd39bf68b,興
b7cb8efabe1282a9ae3327b7a668956106b32146,息
b7cfe9f3a969c02bb61036e2cbadbce345dfd1b9,ぅ
b7d4f498beb07089f35bc11a10065922c13f8090,踏
b803c5d9672d01d46c9e4c0877d64e7d2915abaa,黄
b80512af73d84a05dd8bd4809be56520d6fc3ad9,弐
b825c33df5d77514b98d146bf85a1c34a3c77119,デ
b8714373d5955828544e2750e2fee6ada30c8c72,残
b884649580bd618f383ef82e0f78555a3e52b7e2,忠
b89fceea55e71eb75045c3540f39c2c4538c6d81,財
b8a4f54f17a78a47779a2bfc95481f940e7d5a3c,恨
b8ad763a3fb8b04d5a0005dac754e9d715b257fd,ろ
b8bacee2167f1703f226b950675120bf4853364d,猫
b8bf1d7650cd133bb5b685b95b05ce34d3d55bdb,抑
b8cca4ebb9744caa49d3afdec97a8b6b06dca037,節
b8d153446a04ac4597d1c42f8d7dbbcae5ef6866,兄
b8d2d836298241edeba2828086f95fe88cffa9aa,舌
b8e2bfe97558e8971855e21047c76eb619ce1958,出
b9168e3bdf3aecfed031998d5f1ea0d552a98df2,鶏
b91e2fd1e802b0db2f01aa842e2d0300116ecd4c,識
b92125ff30a2f64def4f7a525de94c6067bb1aa0,似
b93e4b64d9575f99a9cd2f67598f1796ec58d964,採
b97f4d6c98104ca564a778fb2860a25ca6aac894,冥
b9b34c9eac4e62c9315cbb6858fd9c72fb4668dc,七
b9e9268caad44bc8cb27f3433c19974c73c6ea49,8
ba06b0b2ea7fea6fb52e514f6c51897c373c0c0d,r
ba30b6d833f33ab34243eda47e8683d49050eed3,ポ
ba37979e91c5ee805ca1b006edf51ff8b0853611,褪
ba37a2478ca23577a08b25366dcddcf92ed7aef1,回
ba55a0384b25c4b764b92c90cdfc355c95a16352,が
ba7371246470b6c335dc4d9ac6c4873fe4dc5ced,決
ba7db6318e7a76361673c91f1eed62b08dad7e5d,亀
ba85589fedd8ea00ef22dfbc59d30130ef13a8b8,C
ba8d6e08c6944b3eafa0d7c82ba5ce81a6f54f86,E
bac85ecd801c7b5bc6ed009456e88bddde46026b,幅
baca6d8ceaac7fff1dbca8f0a9249fd7304bd17d,眼
bad59a68449fe3110d4777a6d5aff6a523ea1f3a,幼
bad7a8024cb6d0b87a94481e27957fb82a685044,奪
bae1cf799bc5cc386870966fb5355bf039cdabc4,歳
bb14f31876e1d0c2b5fa578faca734c925ba9a6e,攻
bb178e44490dcaf4fe30cf51129f70c25ef15a95,価
bb255a91a8bfe85922d92de7945d4677ad7aaddc,上
bb41f8a91c868e31b18abd6385aea60f5932ce6f,焦
bb53892fb237f64110c6078b03b683fe214f1bf8,揚
bb5ade46b0109b2ce81059054f3d009633552099,絞
bb6036bfeea928ac288f8acc781239e3d6a317f8,乱
bb69a6faa1357f24b57c3dba9437bdf9a2a67581,虫
bb71d9607e062cf198c27dc03f411552c7a0797f,檎
bba3daacdaeb2b27a0e01927e66e405ddeafa541,兄
bbc8f5aaeb580ca54d72eeeb0e99dea81abf7f02,故
bbe787732c79b040be834954603a4cdf9612cfe0,秩
bc1b3f2b7dde7a29c598dc592283f1807f37166b,廻
bc288312a4e11860355720bd59e5d7d94057a433,逸
bc2a374bf750da11f7764c411082da20d94da627,順
bc452860f22b6cfa076286603f88faa0250c09f0,跡
bc556d29e0e936c28d24f3446a8683927af9e787,場
bc59b7fa13cedf201487faf3e61c16cae0d5180c,臨
bc68c9d4ec4093d7e0ebbea51bd9c4811daac6b7,怠
bc6f7ae839ebdac382e7d27036380596d43824a2,避
bc729e76dbf53ab6f7f8c0073c291f09e17c9667,香
bc7703d66809a9ee37eae5eed94d6bf398f4b3ba,彫
bca3aee6099cc489e742e781aeda10de7640b52b,通
bcc34953b259aad9d0ccf62d8e9b113dff6b0549,N
bcd011a255723e7c47da29eb9877a3b0628dc633,助
bcd1db7f87bb6051521c80e35ad2ea0c57ca8496,習
bcd724f90412f85145c597abe7c5e81b753887b8,酵
bcdba0c31c136f67cf0d2c332b1ab7f16061b003,T
bcde360ef39959c69659702476f5ac731c8b86c5,B
bcfeb25e2f228dd3a6684553d2990aa6ce72a90e,シ
bd0546828e67423b5e511b688d49f77bdb07563b,映
bd2a3c55b1369a190c00f5f6d198d37998bce6ee,永
bd3d816726e93ae4215598e545f98260850a3827,揺
bd3f6738a5d624b02bb167da4b9904ce7b1dbe70,続
bd7cf36f7b39cd3d852ea66404bbd331049070db,兼
bd8a5c3b324973ee62b241650e8eb38cac0600f7,不
bda43e75991595fcafa3c68905f6570aa136ade8,掴
bdad4a2bd5210c698e142c13babf30ee7a994736,穴
bdc349f01b58d8db2210660b6bbc08d56a62d451,写
bdfc8f0d7e4c92d63a67ec2a6dd82bff0cd78d76,ョ
be02c9993f5e9f86d75060ac78571bc9509087ec,久
be0f1584d3f1f39ebc0b781e955204aa988e6576,征
be0fc1aa17798e693c93321f2baa43ba7e4fed12,頑
be1a269a5905cbb3ca51ca71a78070402339e17f,敵
be35b246f1528e6161b8ea98197ce918d6e68e43,兜
be58c23ce99f25e3e35064382359ad996dee436d,m
be6659d3dea5de269739e0cbe1f8544135c23e1d,晒
be7bee4577aba8f3df837a8277dab5c153298590,3
be8d9ec7e6192ebc5bac8b9152197a5a61171325,策
be9677dc13bd3a5c3a4c9ff6cbe05488238aa1fb,り
be96ec33f1e4ce0b495b8741c93a30c3b435124d,O
bec16ddd8053cb7f2061326deef0879e115c0350,安
bec84cbf21e13bca580003399084658161ddae2a,薬
bec966f1ad9a6432db0af91d994e5cfd065231ef,墳
bef4d10b5603e1a767dee0b530f996da9a4475de,雇
bf06e3d4c29c53b59d48592ad43c27cb88459ba3,罷
bf1b4af61145fce2479b0e36bde1ebf24e3b6766,β
bf1f6714d46b1e375e7a973bcc0f8290c1c7971a,O
bf2dd9b3965af87fd4eb893034198ad41cbead6d,ゼ
bf3cf9dac11a01786e748447c29e85c2e22d4647,師
bf4a47c89f23164eb62e0f22c21524fd36c63b07,き
bf78fdd6c0fa8d752595b558796bbaf715bd3e6c,弊
bf7b254d4e85a8aeda5ba4469fed642c5b948235,野
bf7dda31396fb94a4943be3558d2e971d262ba0b,ふ
bf8f7ced7e77c625809093de99169cf5c954372d,論
bfa5cdbcea2caec0fb4e1c7bd3ad5c84c2417c5f,S
bfaaedfbdfb26329e3495926c7d9e2b709bc4547,留
bfb264059112cf58c5f767da6fbe1baa7fcfbc20,悠
bfc314b931199c491548ceec13cf080f0942c011,I
bfcaad85faaecd8d20b216e78bd618627da6c771,愛
bfd13cbb45de05f07f05ec8a463e47ff8447dda0,親
bfe3d3f03236f5de4aa4c889e49ab762b3fef112,及
bfefaad5f9fc58401272447a87b86f065bf8e523,模
bff3d4c4789ad49fe4c3f2342206e2ba9ea458e7,畜
bff4d09f6a1a6d478684452eb5d63e737a3f37a6,s
bffbe087278de26b9bdda134b4bd5507e008957a,習
c00446e7c9690d67e9fa511cbe27b6ca2eb1e890,誇
c023061d77172c42f8ba4950ec34fbcaf0ec2601,判
c05261443a30a7b7a8c6b10eee76e7107694857c,輝
c0537c21c34184227ef79165503cefa2ba30f927,九
c0896370e68256042f713597a0195c5d43603245,潔
c0b58580aec403b93a7bfc97db966531b51030e5,牲
c0d8e9e2ad29570474bb546ea3e19a7298da134e,毛
c0db2e45293a5d80c0cce29132b12c6fbd033ed4,ぐ
c0eecabeb0817177a439a010582e6d6fa81c99f8,凍
c1018f1f7cc526583482799b774d36870b45b6d3,曲
c10dc31909972328b2f58ebce859da626424c04b,幽
c136dd735e8a02e6da45d717e8d1809272fff28d,（
c1405fb4b33bbd11d08c4a50f856ff0586a70f5f,亭
c1843bf6e044635843958ead85b72c44bab6ba79,指
c184ecf10906b94d133d6eada6a92b8408ac512b,烈
c1af2f2aac2e1818e873722cbc32e0991076e058,仕
c1b995bb4fd1f33590eb2823cd1f13dd14a1439f,背
c201c9a99e758cfafc2b30a020b309a6a6ac24ef,壁
c213fb35b882347609434e18ff1b5fd158bebb13,食
c2154b6a44f9a0416170eb2e51ac6c6af6745022,祭
c21a1b51b473e7f4f960eab0dd92ec4f098dd198,千
c226d852304596088a62d950a660da55449a168a,危
c22ba576b1f7d5979de19e610564d37dd9a50696,誓
c23a2a4147dc158df14bb0e4a0fdde62fe7ac38d,業
c24c41e0b71befd4175e17ebad30a03d9c816793,炭
c2558bb49374aa542ad01a5de045e7a5a24a5cce,v
c293d0ce14d05cab73560a033ac2e02cec8b894d,音
c2a24e57294bf6079a8ea323126bd2efa68be0d6,a
c2a9ad8069a729e17bf1ec9d2bd2a545f7ee7847,ュ
c2af70dec47c3bced2c02e50156670411a342430,拳
c2b15dd9150ca78cbddea50d60f958252f4e3c03,小
c2cf596b5bef564214c31de261421644408c2dc4,伐
c2d9e1c667ada1a35e7a24f8a96e086d7153baf9,吉
c331e4b3621f66f9d4bfecb7a4ab22f566ef5fed,距
c348a0b3e64a691a6f1768cd0e0ba9b300295556,棒
c372be502570f6cb692a0ab1ff9c137ff3284b4e,空
c3922eb665da034519076cb45985eb0c663442cf,済
c3d83f6e97ffc366326238d627667652a387e072,火
c3f2e8d7dd0253e2a521dc760c3632d42cc47a29,射
c42bb95ad6871e15a07c67c04ed8fb8d7a0c3f6e,寝
c42eb3744794e608b3277a8565e0a7310e1cd616,テ
c44012eddd4de95d62af7a1e7f7299b60c34fac8,ほ
c459b9853bb0f3fcb94d9a7b04846cd5c9844d98,布
c45d787e71877c2e4c1ed2d479373802829ec2ed,E
c46c6aaa1447f38ecddfbb4822764326018f9d92,厚
c472d23bd5746ee9fd40c3bfa00e2a3a2c32c177,束
c475d8df99ebfd49d0f37ebb7cf573cb7f84b629,碑
c482c0572904afab12f80976f4d6e5f32d1a2870,ズ
c49d32b5c804f92034ff37e23f77cf81fd19da12,間
c4a2a106aa26921b711713baed58bc01b294cbc5,鷹
c4c5ef2000b0483201e95356aed885351bcda69d,目
c4cd8271b94e9ca15e3cde8d2161d2c386394f2a,鋼
c4d7d9e4ae5e28eeaafd56e87309cd10f662a616,撃
c4e8a22ab204748b8f611bc6e211fa7ac4376463,！
c502e2642ee1c770e5bfc362acac3c578f01a32a,江
c514dde170d6bf7b1cef2562e63a0c2191a28d58,売
c5185e13caa3f43e40cedd5a4cdedf57ec5ff325,買
c534b2c99225fe6e3e9165ebd4aa7355e29bb5a5,雷
c537d6b39d672a3134a2ed86dc6357bb898c43e6,開
c53e3b365a26e143814eee6ae208757202ae061f,更
c54c413d5f41e6d60dd119f0c8600718545df69a,冬
c5504be1ca402d2a231f3ecf96367ea85217bfc1,T
c560fce5ee20e7f5c7cde29699de7391490c9de3,湿
c56926af99baabb085468d28429c3e7e8bab0ccb,。
c56992100140eff095f5b70b885fe3c1641c8d58,伝
c5703b05540cb817caff21a4c6446904270d1855,挙
c57b2b5054c60c0560ba8e5866996eb56b49dfd5,阻
c585eaec306a51a0a05906360de3297bfff8627b,げ
c5b126e80c323e96a6d26c261584299baaae835b,客
c5c99ba732169d1ac8b569b5711390a00f753a2b,讐
c5da5a3c67d7ecf88af264318629e18a3d9f7a4a,腕
c5ed09dfce5969710efff0beb1437cc91acdc266,懐
c638ca5df29195264a8f76773b3b716ece51e95a,闇
c64bf8e6a41c52e5477cc94a97ead0eea2f7078b,素
c695cc88f8bda5639741331de8b216e453e4dc88,","
c6a64ff03bc647998b3978cf6baa71e72b1a54e9,鹿
c6bd4a88693c3c4b336edd6c2c82e3b25c8f3d3f,ダ
c6db94313648a53cd2647950beda6e987a3cca2c,競
c6f8bfb9c17ef7613f3f7e83d91ab410eb29f2f7,禁
c7129b9ba28050ff413c1759f9ecc4c6624b2e75,バ
c71edcf0a5fe76c54f170f932f6fd93a22645009,取
c747be8d2eb53a39f7072ff29bcfa3026f253fb9,在
c74ba08a4b94c734e9586e684a27ee4f2d31a7f3,ギ
c74cd38583cedfe8c2f4c62fb3cd3d08bd8525c3,侮
c7612f2c53528974ca1d15d99df7c4086c05a5bf,N
c77afb667ed340554c2235f8ab15542e516af343,衛
c77cd632c2027e6587f0a811eb51ce7de95cf95d,フ
c79624c3b918cfecfea3e63b281c9d013d572f6d,揃
c79c7a41d6921db58a6a838c8559b062a4e6e810,夢
c7adb15571c0858c37897a1cbe9379c621661d3a,統
c7af4550911a87ec90f45a88889a743e8e9a2673,イ
c7bfde563ec5e0a674d7f965c36be0a3679203b8,東
c7def073edf94fdfca81e477e497925fc92e53ec,供
c7e259e7f03553982d2ed92728652a637f69516b,表
c7e9a808a001c1b33c3afeb158ea90ad4755bca2,舞
c7eac6fceaedfc5662b7d2614cf4fde0f2203a13,到
c7fb72762cf5521285e3b82d9162502f65a139ee,誠
c80bb8628b1d9c39441e6281fbf0c3e255b01745,冒
c81faff4301a4b1acf1602feba8a67285d42bdf0,狩
c84c3af8364f76e41d78d07a0da616feeae6ede5,チ
c85d460326c401abb31fea192dd3832ec4bedfd5,ネ
c877630e3c5e3da3436c37b1d24d31ab6af3b1e0,覧
c87895edd3440cc5a7856a59cd20e74ab37161de,拝
c889122b036edf094d50bf0a742f56f482f9358f,厭
c89c268754f603597cbd8a5e786e387f3cd45e78,占
c8b6c9c239446838a62b6d5bf5bf55e237005f0f,孔
c8b7822e716cb9ac153bcbabd198abf72bde89fb,退
c8c0a339cc659dde25712ad7aa703a99c6d7ff4e,北
c8e8762bb62dfdbe8162c63707b46e88532a5cac,抜
c90647c0dccc5b746f95b86e3f83294b9b65b393,増
c90b5d9af92cf3c2be9d42e6a2cbabe48a87b2e9,ェ
c91954bdad257ff4dd606515eb15e64b0f11fe54,G
c923ed61987db563b44683b60c8787723bc3b6bf,考
c925fc46e3716db822fded2a1ffca5e7da7ec148,得
c93a394584a891fd46050a79dc5de1976c5c7430,愚
c93b853e16941381dabdef0b7d2eb53f4d2dd48d,↓
c94292d23d34fc69aff9bbad67627f950af9857a,y
c944cc8de282a422767398d6c0b7a85ecb50ec3a,捕
c9724bd1ed719cb0807e90b65806994ace7677ec,ゆ
c9e470055e258b4bc0c8d3eb832325e12cf19ad1,消
c9ee8f6f6c4360ed040d9dd425e8e504c4dcc6ce,t
c9f0647d04cf225c671f8c732d2fc1efb60e0c07,闘
c9f1cc61ffb86271a9814ce5ec70b513ed659fac,読
ca1990b4644dc608ef6739a9e582dc801a8fa90e,帝
ca2f513607ddc8a89f2445d32fb50fc49b7e8515,寝
ca3125ce40fd5192cb9520126e67f0ff9bb3359f,b
ca39156984dc026274559c4e020630f7295204b4,鶏
ca41a6d0eddbceb1788aac747b569a7211ceb52c,限
ca48f8daf5e525d24fde544bafcafe7a89e2108f,為
ca4e5640ba285469efe6abc881cdd3e2a8e7ff5d,T
ca79d28efd03d87536f292b61921a8f798cacf6f,加
ca7b81ea98d74944f5e760eeabb8ffb5d3ef4fef,猿
ca817b825baf0e6c46ca700ddd18cad91d6f055d,者
cab6be1e6ee51690c8ef643bdfc0b8f27b9b5dd8,丈
cab77d1011cad64e51385e4db0eb4afa7266c72c,観
cac10e82d3c53bf6247e1c5961021b94916e4d42,抽
cac49651c443c7fdd1b3bf6d3465c7bf5ad51b88,走
cb08318b78609197815e7e405709c9bd8aa46987,継
cb1933d4144ff2c55d6a3413215efa61ed12093e,丁
cb3d3b5cecfae385778503c8c472e9ca93cc5f45,守
cb3d9dfcfca676107bf910448741638c55b199f8,望
cb3de3027abb8c5f9b8e8103327ccdd20c81de56,殺
cb4aa7eb3fb173b222ca6608e61301c5bbaab9df,接
cb62b765e43824d24aac94478a22163c6af7627d,張
cb66c31fbe23f3c198429abc69b20882d6919067,詩
cb9e0391a5c2a2c11a96e337e8a66e15d781437d,ァ
cb9f75a70d91790a6c6c4cdef35c4540af2cdf88,斬
cbc753a8dda1e5c626746f9a1f17b2e054e1d1bc,滴
cbc9e288649d8e0aa56a0f58f0a26a217284642e,静
cbd3084dcff3b722604b7626c6aac30e6ed368b9,答
cbdbcbdc092213616a42b3eb7399f5f4521c6ea9,粋
cbec75aab2ff2a1e379aa9fb9c0c5f6f8d35be57,平
cbeec62fa5144e747f0ca9b7c37a18afb8689cf6,興
cbf54a5fdcec1a4fc006f7aa6fb4ffdb668d965a,託
cbfd5eb6fe7907546d2136aa9c35bdab41ca219c,情
cc2c5417ca51694052f1e45fb11e05e01e75e406,地
cc3665bf54de874dd7a33c964bf14cf1159475d3,鍛
cc38d10058bbe89fcbb013fbd553d33d69352066,飲
cc45cedc81f68589ac09f0baf68f48717f236644,貌
cc5d5b1818dbe83c40aaa913f4112069009118b5,憑
cc6d44b1bdb4e92b11d691dcec06c4b7a1241a76,警
cc6e444fdca2652ae8befddd77ff1f421c6f11a9,他
cc837b8822785df9e987d6d641a48b0ad2632258,グ
cc887c26b2e8632ac9269e9633b29162b7f4ce88,計
ccc7b477ead93347cbff4e3e3bedbad8cbf2721e,a
ccca82364c962a12e25a73d47e76e6bc099b3975,景
cccd7bdddb4df64a85e46c811acd5aaa5446b42c,現
ccd88daa1ccfce72c62ce9debc4586d49ef33830,病
ccf4515b6bc71cc6c40205f4d247952b6da2179c,己
cd00064c759f6f25c79e8f751fa571b56d6b53c7,錠
cd0aec13d5e94ac499d88d1a356f767bb276a263,利
cd36888906be128152107dab805177598d89b82a,味
cd38e381c81389028292b837d1857dff1c487701,降
cd44ea5c7294fe2892305eb16f136d9cad5bf7b6,む
cd4644b5949f736379f6bcf3cfd2516cdacd3c1f,気
cd53f370c477f0535de1d05da21f96027c3aabb9,埋
cd593acd995d132fa5f4d7f2daeb7befe96ee773,郊
cd59c654355f0b5a423f17113d008376b01cc78f,蹂
cd5a4ac1343a2d1307407acd8c0b3e02f883b19f,后
cd6393624674c99346ede7baa814154ab7232838,街
cd8385f4a84c94ad1cb62088120cf2953b281def,漆
cda290c390656b872802cb2c64e3c239e627e8f3,摂
cdc719cc749e553407a8c9ffa61b565559dba3dd,老
cdcba260388e062f57aac0fc726227d7fc70c3eb,伺
cdd00d51c5ecf55c72089f00cbfe11449b32b1cd,大
ce27eb87fac2b38a3d9056afd22de8351c328bc2,資
ce337beecd1d62ed6933085bb272755b9175c862,源
ce50b454b6299e3510017b255fabd696e0a3fce9,東
ce82539a8842088bf51590ff85e145b89579eefa,昴
ce8a1f0c8bd5ca26aa72499852df827d4f74adc8,つ
ce8a3c3ae3e1be7a973a11b3fe657734a616aa35,ほ
ce8e546d21506a256c182d502737d10e502b2000,遜
ce9dfcc2719af0570324aa2fbb88cf146d41f475,団
ceaafed2b30e8f7f5fbfcb97693fad4ce3041d24,類
ceb29d6cbe35d91cc230ee24688f14ec76a58ce2,躙
ceb6d308e41c2a65d770c12b9a2a23504a508d8b,変
cecd538c25c967b411a75d2a54d2f405d2ea88df,統
ced70e959589c366b95551909e41263bb372cae2,面
cedbc5041e4693c723a1bb528d9f245571fac899,ん
cedfbd49ebbf015e7edbc99bee9485dcf0691c92,後
cee71697462547a2464570bb504207e913a498e3,匿
cf199b71749c8e4a6d5c065f4b3aa367f42628e1,女
cf326c38f1ab00793f5ec7e6f4d90b21ff7fb864,劣
cf522e3b51eecb816ef096ee4d34745d135817b3,解
cf6d394decc69660ca0946ae010d300e42771b0b,L
cf6f1c5379110ac3053a581f036bac113a7b09e4,潜
cf7f041eda4b38cb5fc1ec875293f4be05f1e081,ネ
cfa3c8b74c0eb908e23bcd6acbd582e8350c2422,ぶ
cfb84ef31abe6e8f986f60a11058e696136e02a4,樹
cfc52a0907693c717e527087b917bfa236fdc928,何
cfc52fd571b7de91ebc481437091922238e0d4fa,侵
cfd3c5e69518fcd8a416d3e3bc87515c6ef1f11c,満
cff46c75da387db90e2159c04a11f56898559fdf,縦
cff5ca6a8a1b0c35123ae647f5690a6009d15e86,正
d005055e397737497983da58d6e365bd0559df09,西
d034ce548f75dd23deaa086e055cc56b58ee507e,貝
d075e3027bf4835dffbbc2fb550ac1d6ff83ae2c,湧
d078c6cdcff2d39831a7a71c5b2954e16adbede4,あ
d091282b9080c7dd4daf67c2cc4a4998efa95040,竹
d09a6143a497224c2b898f204f2a83dc7cb1074c,耐
d09b0eb4f0f3437853e37f502a54da4c383a39c8,3
d09cab382b27d3f0e3e43812a87ee1c74a3e18ba,疎
d09d6868bc40293e930ac287ed9e267e45b67385,M
d0ad2158021d9fca7545e5eb9a5d519680bbd75a,均
d0b6f95703470230e247fb29451ab8fdba9b9b03,録
d0b86290771bcb7b2a0c678a114e061579686435,I
d0c576543b02e0d09f3d9153eb5f9066eb50e6c6,婦
d0cf770bc7dab9be958b41b81929be0ed157ca81,異
d0eb558da9f13eef91a82e03253d9f021fbb6076,所
d0f9965aa44422e17ce0acb300ee502362d89901,拘
d0fb4da4115986e5c21719120df3cb51525a2ee7,D
d106cdcef89223a6295fc9c8e1b67e73da2db5b4,妄
d1295ff14da8ba65352db5f71766547fb1ecff5b,始
d14b5fef2b87459f37e1efe37a1634df3d39f231,も
d152632d38bf48efd997f1f7b1635b506aa3a5e1,進
d17eb659911a50110d5bf2241250c80c3398ecf0,奉
d1b599d9206cc1a7bc957d4a9c764323f5da9ff6,引
d1c3cb1501b28991ec3ee19af49c6b6aaab7e488,迂
d1c9c0ed4430c535a732c4e09f38a212e0ef37e1,ィ
d1e2e23d6698d7b84fa579a84cc3ce36b23f1526,時
d1ec4b52826e89716e5f8da7ed275701c36cffc1,蛮
d204f6dc32c97b8e20fdeae537ae7b1973f46ee0,智
d21cd7555b9d032647f3151fe0d409f37a4283e9,堕
d2270f81bb3de2c59593f9369ffc1d9388b0eca1,依
d239efd1ed7e00e56a24d2c486c4fa4aa0a48bcf,×
d252fe1bfdf7eb5a7378493025b607d36b16d009,儀
d2593976d692d8e0a68e1996965626a386f4c2c0,扱
d26330a7a28fd4ddd7076970a97d8ed07b65db30,区
d267981697a8fdbcad59004c3bf7c3d95725ee84,』
d27e5df4bf0b2121f19ef07536c4a447c8ea0452,暁
d28106d7edb526ef04137395b5a7a8e3449280d9,森
d286e12818b86e36d390abc00aa9f8a81875fb8a,T
d296778dec6b0dcba484ccd9d63348963fa1d9b9,涙
d2a0220d4c14818ffb9c4dd43f45805bea7708e9,程
d2b2f0ad4efe64c222e0c03aa4bfc854431fd252,゜
d2c2c9e102e0e6fab9ca3d30476dc2c9eb759f7b,罪
d2cb42ef6f10c7857104c23ca951695db0da6d0b,議
d2daed36a67397d89e43d35d943c358c297ca2cc,ホ
d2e2486f38c8666dc47f00b3c404e9aa88251d3d,夫
d2fcdd044deaa2e2acc0c1c4ec391954b34d2b50,接
d305200c56aba6c3c0a9aa993e46372c7299a05f,v
d3393ae7fba8277d59b25364323a94aadf7816bd,倖
d3497ca1e30a9e329fbaf5db4d7a9734bfea3a84,茶
d34e9f7b1df51547bf90a2f78b183b7a9f5e6fd4,土
d355ac33b9132ffd8d6662b077dd766f2d32be92,強
d3683f084bf86c9efb0250a59ec61c74186b8cf1,達
d3696b8418cb0956cada9ef88049cd12d95d0e41,響
d384e8b598a6f51561f734a590105717ac75727c,先
d395cf819123d4990f8bf61fcea111868fcef585,さ
d3c8d61512db29eaba30434e8c584c813306971e,世
d3ce1cab9c4fc96619dfea4d782e8357f2e8ef46,m
d3e321cd8bab8285d586df7b60869ebc4725c18b,眩
d3ec4a8726ddf634f78bed712e71fe75cf068171,化
d3fa88438aeba8ac4bff844b275ba04f2836c772,溶
d3fbf7c82fd9a5c06102f9555d98918a95cc9475,ブ
d3fdb623f3d4f75765d955c849513456f58a7018,昼
d41cda5091a2f145dbb607b98274f34c2118e3bd,r
d4330c3ba7625fae94da00991ff989df6d0ec0b1,悟
d44287776c7749ae6d42b23a4a9ac64f7a08315f,血
d445a62b612836a87aef518784f9312c6a5bc3c6,翡
d48256fcc4c0d4ebe158aec6a62d7769ac8df5b6,乙
d485f9c01099c2292ae46790e5d9bae7e74bee74,翼
d48f8cead762ae065c923d708d82b5cbdf8fe8e6,ぬ
d499af09a5ddb1145fa1a4ab4603b95e6c592d3d,貯
d49ba2a415769aafa9dbc6b07e390411ec721b73,ツ
d4c1473fcb6a9874ce803f78e6477cba9e6ea51e,従
d4c438f2ea6db93ef87cedea9bef7d4f6aa9bfb3,慰
d4c777698542eeeaccb2e18657ecaf3b321f790e,5
d4d31af6ddc04cb7c62ae1b724f4db8b2ae13540,馬
d4f35761bf87afc1adff26384fadfdb905b06c98,省
d5128e93c07287c596d3a6b0b07567bf4170eb69,養
d531fcd8c295e69f58cc42cb557ad1090c6c9946,滅
d53d928d14f35c722122ca34a6cdb816ba040154,供
d53dbade6be3eb1031deaba0ed9470ad860fd57a,伸
d5445743578d9506acd8f6ba5f5d413a67111db7,色
d549cc93d125d68da668705e7709ad98ffade997,剛
d581ad3cb072a298b3f4e3cbc64203c4544fb45b,己
d591d0260310ca22aa43048ef6d1240a3236750c,F
d5b7e8fc20f9b05e3f0e94026377a8c091da9eaa,う
d5d20036c877e70446cfb4529edf477374f62f44,特
d60b78b16a7e5d145cf4fce8e86665a13b3d34b0,紀
d617984e7bb355aca6bbb9fe4193f2f791a80fd0,惜
d61933fc261f1d62bd5e2fa97b4a7677dd10e432,合
d6281c71253351e5ba0e9e365d5db00e0afae4cd,わ
d635d6ebba91a6cd6c49dde60e3cdd1f8ca0b062,枷
d63a2fcecad5ba93da7edaa24dbf0be9f4b7e620,注
d64002e6cf5ddd286de5895bb6451dfacc4bc2be,紐
d648646a0f6675ce799470fdb0657b237e51551e,法
d64f5961a53dc109928e103ca76f58429cc0f931,ィ
d655b0b4f27bdebdddc47f97d492344ba7f672ea,江
d65cf150fa91e08f586def1c6ad87f4ba13d3a8f,”
d6705db9a9c684127da0a1be27efaa63d52152e5,厄
d67810a9d2101b3ed860b17513d10a3ddc3072a6,季
d67af0bd84d72742ac8ae01df9e014cf4923d9cf,急
d685def700117d141a74429503aed8af49130df5,牢
d68807eb48699964fb7b97ac3b9e37b9d01e8f7d,隣
d69009ddfa6fffdb3e1cd50be2e30faf2540ce16,我
d699483f945d61c6997c09f8f65be88bf8790b5e,S
d6d644362a720d15bc69594f70312d91ad2a5547,雪
d6dbfb180713150af086e238daf1619cb1117ebe,雪
d6e67841422856b2bffdd5128c3b56b9132e794a,行
d6fbaf3bd186c7245f7cedc266930ebbf5f7e94f,溢
d6fccbf9500c616bb263589bcf5ba1db7a08fbd9,詳
d7203b37eb0deef8ec83b371d54e779d7d33d5d2,税
d73f564771a9d92bca13c8fb403ed7fb08f57203,推
d76e8cb780b06fcd586010e71e5d57f161da8b9f,岩
d7711e991205ba370273b7ea597525945631e524,訴
d776f09a14fa2910b940ab85b06f745eead51e05,ょ
d7bd84fe0ecd5bdc9dbb558888fa4714f0e2709e,鳴
d7c44bceb6c8660d39d8f40c4fdf617e911764c9,ビ
d7cb17800379ccceae72539ec80601f75a660306,ぽ
d7dd591595d34bfa18373620a6b7472b165013bc,付
d7e544256a891f68a442a4c21890a55e2aeb51e9,格
d7ec907d75faa0ed4c16a17eff1eef37ee30511d,活
d7f56f646cc074bf1afbf6eeb6066416b10882af,T
d803242f090b504e927cf4990aa8a244d02dc18c,窟
d80513388a365d99454cea87507e5e0c11996b22,抑
d8434fd1b6826c675959ad2550f873f9e33d0731,緒
d84b6cc724ba9be143f69cfbf02d7f470a9cad85,勉
d85bd13198415d551c13ca9b197d4d606bd80f47,汝
d883cafad02d70ccffa13a690da3f63d17c227ca,v
d89a4f4510f8484d6b40f9755c005c6c33e7f9e9,c
d89bcb7ffd55e68b3e3aebec3b8d709135d7f17c,攻
d8a426263bb4dd1fce2413a4afc108abbefc55d8,肉
d8bf07766f6374036d6379e4a9c8774bcbbfbbfc,働
d8d285bddd150b761c2245235abebb00777712d5,蝿
d8e584687592431ef6d42c1792e22552ade4d341,ト
d8fd5c1a9c93ad1cec0049064400bb64e7ed8313,ジ
d915430f0e639e0f49e2d570fc793413df81548b,称
d91c59328bb0396a80ea97d9bcd8b5d8b6244798,要
d926b3015e3f0d384b8d148e4b245110ce71bd25,正
d9440fb0c92f1821392343cae4abfbd5bbb334e9,録
d9570d9c3bbf029e0ca95caf99b04ee696f5153a,各
d964eb0f50b4a3ce899d78fa31219aac87613a83,毛
d96f3108ec533a722e3702b593e9fabd961468a3,.
d97c61d1bf367fc1d0899860beecab4c396f5a23,編
d97d83edcf66e3f71cef557a8d9cd299e825fec7,ず
d9993354974085cc3439ce0cd9ed0be64bf6b3bb,席
d9c7b40b33cb31855605d689723552e2a3cbcd37,R
d9d18d2ca17354b330851c1657f926dc11c318b4,伏
da03fca1cae3a19ca85f7568cd6ff8b68f6d1c7f,払
da0414f30b8916989a60a68c1d43a0329cf185b2,n
da09ce424777dc10f51dba9203d7447f9636dbf4,改
da462b7e0b14359189d47071bc95fd78819c3f54,享
da58e544410061f685eec5f478bfd083343e9d1b,乳
da60b31ad544790f39eb3c2458f95b9f8e70c0bc,門
da734609f0d8c457c90ac422f234f9b29407c9c7,伸
da7cc87f88edd0700f92c62773261e8d422420e5,国
daab12ad142406247535dfab3aa27b82bda5f083,位
dab542cc6d9618e94a7d1f52f55f9efbc1f415c3,印
dabcdf27f5114586fbf91b549ecea08629a7f010,技
dacea39381e37d4613366b52821b5e11c2393a3a,霧
dad1cb270aecad1d0da62f3163fec901aacfa84b,傍
dadc8de7717c6683216a00a3ee53ef5c78bd7d8a,タ
dae09fc8fdc18da9b675920832774f03f924c4ad,隕
dae192f77d18154fbc5d98b85f0ef26abb0e0c43,渡
daeed948cc16df73419e1e635677ca1c5e578b37,短
db3813c909d102eb1d678c53deb7166a5e12e8b3,曜
db679e37369a3f89c68ed03ddb4a5f2e983aae45,象
db9b237e05e9e54c0ac43874e4e3eb05ef2744d3,槍
db9c6aec9410d5996037f6e7aabed5ebb319e1d8,領
db9e35c467e51d288eaa4de3ffc3ad4ce9a561dc,徨
dba1132e23b8cf728833b70b3b95944b9f7a3722,均
dba9392686f13a875612e0d7b1ca92f58dd29f1e,捕
dbac6a48c6dd90b479ce340b37818827fb060432,減
dbbf677b12be2d4b5c47d366c5d26c50bbb74f9c,存
dbc120b3bd383cc4e9e03fd4403c02cf1e531c30,島
dbd3bcfa2d6d716feef506f5c98a9dced5982b21,頑
dbd8bcc0a2db1db1f616ab790d6442326643dfb2,r
dbf81b376c07948c9cc65d0d27e01fb18bda5e4c,人
dc2237fa1ec22e60c25b406bce001b1297ca355d,i
dc42d0cdbf1a10a98daeced8aafb5e9eca685a3b,恐
dc49e44187d7b9bce48feb25d379271a40c99c78,害
dca125839be6e8e281afde2d0e8e5335cb05a757,代
dca97221980d66a30722cdaa693f48c177656025,挙
dcb8d27ce64895d01b9628cfe742acf9dfb6f635,失
dcbcfbe4bad51235f2de20bbadd338c79209be7a,力
dcbd0d20a6939fd5c6a1794d3fd9f7d0741ad846,暫
dcbddcdf487284b0ec16b70a68a237f83225f044,妖
dcc79d060dd8ba41da56491ad6409719052f0b8b,儀
dcd206efb236db2e948b20ba54a552cc02f6bccd,穏
dcdfaa4aa728e73183c301d2aebcd9e042f993f8,贈
dce345dd6a53cc55b70a704f4b8dbed4376e25a7,使
dd0a161dec3cb0a04134465b7bb15de4fcb07b9e,！
dd141d40661084b57e6302412b87966f97e67b71,W
dd2b52a7be3566144ca11f423c3c55dbe05285e9,圧
dd2d0aa6f0a8960c8dd5f69e99146e82e955edb2,募
dd375e915ef6d1a04d258dc54f7ca64832b19dc4,否
dd53410d4436341ea7a0918940ae351f109a2ede,ぼ
dd56b2f8f17903d03832ef39a3f17b4b5530400f,趣
dd832ab33a7581ad31a73f95773ba43b9de58b26,悲
dd87864ef0704a14bfd6f66435d00fb3323383ee,般
dd8ab15d9975cfeb6f28aa36abada23978395528,腱
dd97d75ab1917be9c1d5e821836f42ea7fabcfef,架
dd97fd56ab3ce03e4dc5d67c236a6a80434010c4,金
dd9bd60f0e30f812017f921796a358873d32bb39,想
ddad6e428ff4a71debb5b635096ae21d6ebdbf37,E
ddb2b29303ce19bfcfd570f47e02370a2b22f3ad,徳
dddade5c50f2d8c66563db8ce7039b4cb9747e70,旦
ddf94b48ac1447fae84a785e848d3cc2228be516,錨
de00de21b847e50243c898ab53bf1c82a5fa48b3,ヘ
de310e5c94c5f5c49ff428acf27c74430e9901c7,好
de5b25afb32c0f281b755a12ac6e0e5b73648f46,投
de5c6ff7049af816b44d5e61e49f19c4b599f983,1
de6691f1713bef6c6217ac7262aa4d9fc5c19607,哲
de6fa5e1421e053f4ebd4b5a7dd64fe6984652e7,樹
de701849c51be7be97f0dc3422d31a029801fada,蒔
defdc6b7bb4e61b281b4002d15d65a1dbaf94455,乾
deff0a0f81435a04ca44ba91dfed58bf3a472106,腕
df06d2d6e3443dd4d02ba9a87edb345e3656b922,こ
df4e995dbd2bddce2a988d182a7664755ef9af5d,サ
df4ed0c769732d186064614ea1b1dfd48359bd33,忍
df54dd08cbc1d16ee4a4b72395615de9d88e7c31,座
df60a9a2eecc01380de8db83684be207a71597b6,仮
df8b6d09abbdf7b4c2015513d2e6e36413e6ff55,宜
dfc7de3f24180346362c581cebae7b08dd00d15c,述
dfdbf1a861b537f20d946f96cb5f5dcc885e90dc,D
dffb9113bffa51a5820c4ced22b0178514dde6ce,赤
e00c3fd410743a07237831b48444ff0ec24b8913,調
e017affb27cbbc00d26d8718105d4d6655f51b2a,北
e030a29d7455e4a8fd83efc7072b498902cbded5,岳
e03dc7f953f6660e7e52c8ab323251104e1fc772,美
e04577496c6f6d9456c5feae6bc3cfa519ecb9d5,衡
e062cf809da216b175cebce6c8b14d3761f59adc,衛
e07aeeab228d2155b6b45a08c71e806005e6384d,蹄
e0803965a65afd5fbf28b62327094c82b861c4ba,友
e0acae5e9ee74b1c37304b5ae95a06a0ff06a680,寒
e0af0eedf6d29be13d3dc28b6e1ca0bb39d53470,腐
e0c11051be40c179e9adf9be3c2188c3aa36feba,葬
e0ee5588df22f7894d10cdf6163de705b85e2d54,配
e125e131cac3142c7fec0ded8324a143a9bf7e46,遥
e154fede809626f65bd33f875f8496ad93eafe78,吟
e1613c7dc3eb074f2243f420418a0b64f20e3564,肉
e16466a7fbfa787c3ac8d1c36bbf8017eda4cab9,8
e1718be2ef6a2c58700e3c834c954026d1336d59,棍
e173c8d9e8e8d5a83dc8187595d717057f00b0ba,減
e17549c74878d4cc7f161d581ff481caa3d6e000,鬼
e178de85eadb0b55d1bdca8f90b1a1a8ac4e4cbd,込
e1970cb994226fafa96acc4666cedcf495e762b6,長
e1b636ad2f21129cca79ea27c43edfbdf486e734,呼
e1cdeb32f6059e91a80cf5d6c711ec58d0360341,奉
e1d3e70f5566d70810b26a27e45ea5db34a1c021,計
e1d4b7707fb7cba47f787bbe91d3c3a525566c45,船
e1f2c9c98bfa26b584e190969a6e5b6b40d58bfe,完
e1fb0b743fdcaacf3dc7b19cdd741cee97c22bac,蹴
e221a0e0859396e25fe56367ba9ccebd58a87816,幹
e22a14e140dafbf62a1806f84dda980f7a5491a2,゛
e2656094e03f4242a08d36f6c72b1fa7a89622fe,止
e27d7498be1a95c16855e0bcf8449208d03f9906,四
e27ecdd068f00ef6b45bd5e34be64d92754f7727,庭
e295ee2eeed18611810c0227f70463d57a4272cc,u
e297fe8c3e725a0dbb5d99f903c8040d033be135,跡
e2f57eda6e86d22bcee64e4a485643595cb753a3,槌
e2f5a21df99ccaf7fe44a1a3c8d89691f4ae2aec,構
e2fffe59acda28d8abffcc5fd61567b9dcf9bf7a,遊
e3097b3d6f1b129ba3a9737d0ac8b85bb40de2c5,誤
e30cdc62e25d2f94c964b9b2e338a904685b81fb,研
e33431a63f0adaa1f63ec00434d245d255fd8eb9,姉
e343ef2c7fa4c13d6caceacb7226e5ca2431fe87,妙
e34ad33f95af450cdab89d06e9a7dff059e6d815,檎
e34f235af14b9c7cb614e0f62cc7e231296fa735,名
e3501a7214f0b2d8dde574e8f126c7c0efd39518,滅
e35a205d39d1603de5aa686ad451d468f87eceb1,拒
e370f53070d1f7100d7141939dee8f3489d5447e,物
e379bb0fab87a1d1dd7c28b9445f6aaf7dd48843,弄
e39c13292b42fd880d197ac8e9882c70633cc061,赴
e39fb723f7be8d97752cb6630fa0608da0b53099,蛇
e3ace4e813f807efcb9f24828a380672478e834d,和
e3b31c80a2cb5f2a23c6667061b4a67db2622eb3,憶
e3ca1ddf01ddb170d717ccedb0b4432212726677,写
e3cfd193785bdfc15ca7c988688bbe777031375a,氷
e411a4632e937a7daab4b1192c9e00772b13fa85,W
e42fd4cd94ec1a6a59a74fd39d9e496ed0336390,陽
e436055eb3c8d9e6752a1f634015afafe73ef2bd,i
e44261a7f151f635d3598ac31e07ff69e3b4dd88,念
e448242f6ed3947e3503bb108cc058e0a72f60f3,れ
e46a0dac3ee28efeb5c71f7ff331d4f5ccfac520,呟
e4fb0db70cae29d85dfbf92703c90792c476e7b2,R
e508371b2adc2100ec1278c45b16919c5769fbcd,話
e52a1022db069be354ed3426d50c8f60879f4c5c,掃
e53a8f91a7bf46a4943ecd9b2cf6c110a378c934,諦
e58721fd980a4ee042e482447ac4d08ab9985ce5,ヌ
e5a6651402e7d6d078e6f5d3afd9463873195917,強
e5a6ccbf449ed6d6d37d0e5433165827e04c41f4,類
e5cd74b4ce4351562f76b601e072b79941d50617,終
e5e0795590a6dabb9b0279f0b04742ee9ec27115,G
e5e35789ec9ac4ba3f4072f843c15f8f636938cd,格
e5eaeea64d7ae06df4a3696c4f2bf2d1f8e89a87,ラ
e5f08d81986aacdcc5e994439eeca2a553507fd4,達
e5f41d5156e1768f15ac8783c5e7590ebc9e2eea,倍
e5fef8306b7d4223cdcd6f2c9adc32fa1d65a880,章
e603b489fbc74b384be185d6a442655f8bf67a7d,緋
e60a53016790fce817bbc2b948dff87795c6c80f,C
e60af295c53a343f7795331dd864cb27a0a55435,即
e6229c1a5bffdc22f24529ab0f3819d1e39f744f,揮
e628b132455c2bad1bb373d864da75c4fdbea957,測
e643d8145b8ae8a52fa5cf91d8d0686f0e250f76,線
e6490b98b4c607d964b27f0f0c53884c0eb000da,オ
e66a09ae0d7e2ec41ead0c742086c2f45d5104b0,十
e6701d548aaadc59de2b2ee489ef5aa7643193dd,ち
e672ef0b9617eb09d9aacb87d57942c69abd00ac,根
e685f0bf04a892795488538786ae584cbe913372,肩
e693c7c9d6cd8f45a1f6e4c352ed775bc399f267,憎
e69e430f81cb505a3ba1697aab999d15fa9c83e8,此
e6a751e373722337ec6b29b2c492af0c36a78770,液
e6d3f1c18bdbc9fa6ca47f37c739a0a6cc871571,L
e6ea9271c80a148a1b437065ce8ef0e0052feff5,a
e6f0afb84f6a61f8c5f6cb46fe6c582cbbdf52d7,段
e6fae335b19fe976a77c1fc208876c526fe088fc,羽
e6fb08c601eff27d902be06cf3cbe400e1c2776b,W
e72141d7b81c4178bfdf850849fec43d22836c31,嬉
e7385fb549c70d8216247150173951271280445c,特
e73c8661a548561e4ed3455e0e61388d60075ef8,住
e78c15d21c13d5eebc3c2d3206fbe81141870aee,郷
e78c4d1e72c923a12705b3b5ad769f109edc5cc2,撤
e78ece01672ca2708936d3c7b6d612b13d695bd4,皇
e79fb29f171d9f924e1a29f2683d84228ce65c07,携
e7a6c30c45a198929b046422406c788efe8aea09,添
e7ae82c921d964338c194c81e4794788d0bca295,歯
e7dbbee4f39fed9bbe0c7b01c19b6ed8e4fd2934,南
e7dfbe67557cb0ad3a59748f378c69746093853a,i
e7e7e61700c9adb2f2fe57380b293364c5575a76,タ
e7eb5168ae6b071710c8d6942947c075b9bf1b73,酬
e8101d1844a313d7e134eddc05c197cc191c07c3,言
e81365cd483702d65c96e3133d85e659e05216c6,芝
e815a3b81f3c149bfd62a9c7a81fc906f2b16c8f,機
e824a478f26c5938ece83a879dc808157c09f1af,尻
e82b43fd6ea98ce61a45c618b9b85d1d950b6aaf,追
e830d6903c69d060f4c75c39cbeaa0b8d7761039,労
e832b8c4048125cc017ebe17c82d4a2ba2949e11,ば
e83ebea8af43e6e26641393cd08bdfec0ab288fb,列
e851e9c29f84a7fd176126b178ef19554ab3d904,側
e85cd41a5bb5e95b9074a1defe2231bd7cef5665,よ
e88d71b39a43c36165b62a0ff80db4c5830a79a5,図
e8a3f83d15d519fa9f4b0c0928cbaec196b7bf5b,積
e8c02b22860039957bf5c57efbbe08b9bd26c6ba,！
e8ccb9e540b5b83fb3c51bf7c680821039c77dca,流
e8e626b49921a9d309e31429e0842729350c076e,み
e8ed199ce62df9e442de49d1cbdf44ed91832059,か
e8fb12681effcc0786ac75b327a9a7327f3ac75b,具
e907f6bf109e3f6d16a3a767c4b88dab5ce290b7,園
e91216fa28c9f279349d05f99e9b364488687e21,鳴
e921d9da104c95c8ebdfef8d1d0d461c6ccbe64c,派
e94619d3c209e92c145b0a20f1e6bcc538c981d9,揚
e964f74ae26d82ecbeaf3f2d921aaf61d3d9dd2c,憎
e968f68c36719df200e9fbc48ea58fec3297e8b1,漂
e9752688583721deaf02efb29024e35007529555,店
e999e3c89f2bcd6abe940be365cc837edbbd5e0b,訪
e9b1b4d2f5af3df6fdad479535f559e40c0d886e,i
e9c5c1895fa2c35f05184d3d220634d85b454346,優
e9cf7246bdf1e8a1afce5c11856c24347a7e45a0,先
e9f7be8d9cf1b36cfc97c866796008dbca9d52ec,夫
ea0a83dc8876b19f36897c87fa8b308b3e5da3c4,罠
ea203fa06c33324e253146b8676ef26d41102435,テ
ea241ae6cc536eada44ec06f94eeb402f73df6b6,早
ea297fdaec7d4c6431ece0b8c90c202249ff1d0f,杖
ea4e954a3c1f06d730948153a5d72a69876a4458,包
ea53bf2b93799baa087f8c2cb2992a77ec31fc44,君
ea7200a2b0f023d4783fbb3f1da88549435e1510,F
eaa9c2b587ed4bba31ba599fc592230cc53af2cd,昏
eab6211a30c87d572cb0cd71122c25d191a2e182,抱
eab75603627e0243a7638e6d45a3b10bd1094312,｀
eabae7acafbed09ed24308c92e5cc0aca4cb960c,餌
eabdfdb2610df2aa809cfc6601454caf6b79a2d8,介
eac60e93827abc6d85c755490bf477876da82182,n
ead508214ed6f115d52fb8be33d83fe04230ea38,羊
eae464cf2eb8c9d3ffb076f91e29f006384d5a5a,植
eaf22b4822ba79b56bbbd2bba67a9f2f4d65f568,借
eb240ae99430c8dc1bf0175ebbb09d5776fc0400,ざ
eb374ab15f889de878b8b5541aa99f3848441245,蛛
eb40f83229a1ab47d1ce70839f0314d93040ea9d,/
eb505fb2c1cb6ed5850c466f8258337ab6fdbf72,す
eb593e80ccc7c1421db6ed80b32161a7ef860922,傭
eb74c6e0b1195624989f81a9931a73826e43c6b8,V
eb815071cbf7c00765b0b807a7f0b14dcf5c7663,放
eb886098749a566cb646779e005b9f0ecc14a6ac,汚
eb9d4ab4c92b8d979a563024ccf899efc98a7975,リ
eba5a92705af37ca3a8037cd3308f0c1deacc447,長
ebe556824318e8ca59cf34201a7bcd7adbfc2a94,.
ec32cf5731187093ee29d41291d6e13c2a211cbe,展
ec3370bf045f9b94f9685cf9594b8c3ed2583736,い
ec38f0281cc38488c4bcf071fc8d29857d6272cc,寸
ec3951db974ba491c26b5c28ca4dfc2870fb4b66,峡
ec46c46f0a33d88d7a1594fa3b0c092573712a37,避
ec47255ea465f69b6ef05633ce490c4e36cf6bf0,免
ec5d8c1471d03ae6c0fad2019bd3c4d7bdd3e3be,V
ec61dc895a0690d0e2a9370646a853a75f1976e9,発
ec72db38163206c2a5dfad4f630a0c4a68fd5d9a,逆
ec782587ec0fe1a6d27d2d79ffe938766731a2d0,y
ec9810d3a7cf9783c73e9dc98167a64231845a77,F
eca1b0706b77008220108da1803ce7f28a20f89d,枝
eca7704c715c44f7675e8fa9555e8ce4caa5c1b7,文
ecb31d49804152d8c590eed64831a51f0d73660d,）
ecbe8852a6f64a92646ff62c027937e2c40573eb,公
eccb98e433d1e4669215bab62376292d7edde0e6,装
ecccc22147aabf96d5acb2409ac07bc211758bdc,宝
ed1d94fdba1909bee84b611b541190a11736efb5,猛
ed2425b0354bea8e52818d380d60207a6bfa4a57,政
ed393dc7c7e46c32d613b3b213aca18778ce100c,練
ed41ab7e1f6085e4759f119fbfc14befe199ab75,石
ed42068387b8a12dd9759eb4a557e59a87bd6925,ャ
ed54386516de96cc6c2ea409e3e8e26436ec4583,備
ed54c547633170b4bd06b1f4bfd34fc7f9117611,濃
ed5a3a2e952bc49575fd4dcd559cbccf03366a85,戯
ed6719f6eee0c8aa809972806e0ef3ee82e51b1d,万
ed726d90e3392d5d3605171ba9ddde6a55517f5e,飢
ed788a77106710af38311001ff5f0f8b75bdfe38,士
ed7e9cf9da0b23598d5253fe6a8a619ebcf5e05e,暦
ed8e4a7785350abef99abc03d4f954536276f53b,耐
ed9382bf50dcb8de075995e9eba4c3af5db1f579,雰
ed9a5a2b964051c5734ed6182ccb965e75fb863e,辿
ed9cd045f5e0f76dbf5f1b307f97eabf19b5ff50,吹
edef53b454d304c3a172a00c563c9e69d5414bba,寧
edf1ca9f1fd8802f01f8d3621a5b7479bab7947b,命
edf8864e0988edc551531f7a63485b6550344fd7,謀
ee011ade3c35671fb70e33efa84f5ffe2037f295,P
ee06378efcf14c3b116dd95c94dff7493c5b8b64,を
ee27518576abe799f91cdc6f2ed771096bacca5b,跳
ee2aa881935f7bbd5c0ff12215826081fc89130a,拠
ee2de84560b8a924c84bd0355d946b08e0e03f2a,掘
ee30568fdb98fc0d6e542946fb976b0c6c0e32aa,妃
ee46988202d164f8484b2bec7ebdda150b76f069,空
ee4e6045d5c8a9b29d1525d0b2d73a61280f7313,放
ee501ffea69ba3a908b8e70316ebed87fb49de41,孕
ee6b75681c1c586c9d4e76f3d95e44a5f6a36b0e,進
ee6f2b07ff9f44420896b030f7f1c412310b962d,峙
ee711c09deabbbc386891d3fb5842843852307d3,繕
eea8931d7ecd9ffb43b740188626ee191c027665,性
eebda342df130fe39af72e764775f1113d22bbc3,山
eed43928e2ac5261783c9437be604404cc88abc0,程
eefbfc205a894a1d21b1d31bf4c3f528cceb2105,演
eefdcfb4f976cb9998e51cab4c79282699a1a9b0,申
ef2580310a94f691f34ceb90ee033658b33b85f6,裕
ef2c1e596d65ff36e91588c2f4c7862beac64aa2,蓄
ef3289c28e07fab115dfd250a2312c90a8dce363,積
ef349ccfbe148d996969d60885f37c71b89d122c,雨
ef3fecb5c69786bc35cecc8a428659cf4460e5af,用
ef9fcd17c43fb49cf2a3e1da21c73fba90b6b169,算
efa4419a629d70a0f37d9dc8e0f242de28a96ee9,枯
efbd8f82df29e1899811c66d0647d44cd8a45f2f,銀
eff2df0bda52fe06d2d384e5c7c410b1c1d852af,ス
f035a45ded15c48a40ab0de7abb05fe6e8c4230c,ゃ
f0460041c9150f97d94c91fea14b7bd5b3048c6e,背
f048c4c4f28d422f0b94fd7767e5be0038755e95,t
f052bace192fe0716f24c16be0bd3dbc8bf45ccc,基
f070c986503b08ed2a35cace26fca5724e2632ab,武
f074730e878229e3c32eb5fe32c112018d672bbe,縁
f0851f47ffd7f54e7fc0b4e1c1101336d5ca0b5c,求
f08a754af60827a3b14c2bb39dc4a275381a289c,ざ
f08ebb2945c753ad394aea5d753a1267f4a8b8b0,馴
f094853dd81737c45659733be3793cbca59eb8ad,パ
f0998ed633054541f1f32adebb34a6d718de2841,爵
f0b55ac3ab97dd49ee4b0ef4425d1a51fa8adc35,晴
f0b6743e938b19f760b4ef7ea792b58170fd3161,弁
f0ce8cf277f12120335f8d1d71580b101b4d0182,K
f0dedd6d3b6afd040647b62200679f8abbae1869,綿
f0dfb2f67d30018ba332c3c00d905e337ba31121,職
f0e7b8366a1f3bf1e71e52f62741021a344b48c7,討
f0fecca731bf1cbc8eec23d9071aae9839cb1c44,油
f105d3fdfc2c39a0be32c84129da689cea1de884,揃
f10a60166d0cef05c5b2f3905e4861916e671c40,.
f10cfd15a00121ad25e3df8cbba5c58dfe7ca3dd,叩
f10e29c5dc40146829ee529e9a4fe00a61c76c70,役
f113e7f26138e94de8f1550f985fc713b8c1ea38,応
f12b4119553a74d4373f9737bab70561bd011887,張
f12dc907e5b1fe5fee59a6dad61a6d7a0b847a42,H
f136c09cd6b7b7bf0bf8ef375a1509b525c2e082,て
f1417f694f7041c55dc58dba65ae53e1509af881,隙
f14b985d4e01fcab1cfc13ae7de17f888f10e613,速
f18939d864b673c948855c1a4e718e300e67a708,毎
f19e507e0068a487bc9ac4af486a7a332d96c69d,域
f1aa4b90db2f7c78a754a3d04b7c078c6a722b21,e
f1afe85cb1144bd03dd35d572f473f66fef89cb8,低
f1bda3047967e5136f449351f18ae3638afcc229,苦
f1be0a3d1a57ef22bc9dd02fc785d440bf532db0,辿
f1c11685afa6cb928d6f150fd25e91c6e0a2be54,窮
f1c6834e5f6bb01b8e73f96b69c625b59a256919,旨
f1e555bba71998204a1e6cec72d9b03c2dff5035,少
f1f8895d3b8a45342768b28083c9dfd3823fe39b,珍
f1feb00dcf23eaceeab25986326539092ec5c515,ノ
f209177e54dc58e1155b304349e9ddc18ca07e79,ァ
f212034944d6c17d72876d09ff3743f02d2e4198,含
f21690955d699c2e1183d357065cd9abc466905f,環
f21b1737914b9e2e3eb65c29ca84ae493b7806bc,は
f228a5469c46373d19d1f169b781964eadbd534d,斧
f23423293ada6ccb824ad880e9a86c03cab2992b,算
f238fe16902cd27aacf52f3e1a7ec601ded7a4ce,的
f243f4ce9361d614f4917b2e83c0db09ff5dd741,低
f24609c1ca5eaeeabb53c5d9b563396e3ea7b162,府
f26705b5098cfa2f3f83f3ff73752ee35b78e751,詳
f274caf90b2778062ca1e3007c79c4c8990e9f1f,番
f2762324d259f2e4ddf7e5b12c6db803bbfd8df0,殖
f277c3d16b2c1e9374f24b07d6d5aa2ce47247d3,珠
f283dcaecda0535b856383e017991e22a641340d,弱
f293096ea5706aab444893ba1775de615560f28a,貪
f2a9e90bc6f4554f6317eb077eea6938997085de,痩
f30196d73a973371992eb0a007c0947c63add73e,左
f306f613887a9cc63890b9e766e7d6957f03f3c3,岸
f3354da1596103175a4fa55859b7c1cb84d365d3,び
f339ae09c8f10cfe0fce9fa16cb76d2deafcbffc,憑
f3523b52f389ae82811df8139bbd81d3f3fdff2e,指
f365b6156cf85c9431d24d88dbeb4f7e97342006,幾
f3a1c126fd7543e4938db6d76df80be08849ac63,得
f3ae348e80aad1b6d4d2c27e6f705ebd38915630,砕
f3b179aa6cbefe84253a12e3320a0cd2f0c93fd4,閉
f3b29ac82ec5ae52b9ca85d633379d426ba9f1aa,メ
f3cf6498a616d6407cd1e4e2b57c2e19d3c94f81,個
f3f531711b619501e8e3d70e08fb92372c0715ee,館
f402963d8afcb12bf404343b9453204bf38491bf,細
f4108d8c298e700da16736e13471fca29698b721,洞
f41f9ed4041abd65fa4c95e80608c3dfcb857bb3,鎌
f4286deb5fd74da64ad818b1a27c98b957c0c052,値
f45f0f31a5113008737b5ab2013ef202920363f7,ん
f4890b0d5bcda2db161dcb4b1a82fa15eb38d0fd,ロ
f492459b0e6de41c6b0067846e8cc371ceabcc56,掻
f492b4d2e1962e0b5f5e065d3a53071f50449fa7,台
f494100e888fe4f82cc0e488a47b7b161bfdb0ba,諦
f4b4fc422991263b30141925b64f0f2e1755698a,激
f4db503590825a4a19c70a7af0a75919df0020d0,相
f4dcb5c2ac9e88b56d443dd6fe1ced793fb052d5,口
f5052ccf42cd19c96464d97410c35d1362e4e647,精
f50aefe9548f7341197d86c1003a67ed299a3aec,b
f50d6b170b4810eb6c28207bb00f26b5c773d8dc,捜
f5142cf75a8b931cbbc690f8b3f5797b88b2d267,ぬ
f522a0327dd4052d000a3377137b32494d62337d,掛
f5426d363f3dd30b54a68400958649dcbdffc7fd,徒
f552dc9b60ad85c74df5c8b8b88f41e8bc11b843,れ
f5666cf643a7cf589d0f089cb9dbc5992d1d4be1,む
f5806aaf227f5c3aff220fc5fd014a57b854372a,ツ
f5a1a626496466ee9988a322fbe9a44e43e57946,轍
f5b127a88862ddeed94045d0bcfa67b1e094a0a2,5
f5b9c20e533256b6a21745ee4d7578e9b0f3ce22,暮
f5bb18a696b82d5cc6bf229f0a51abaf94930987,／
f5bf4829c7493bd4389c1858b184b1ecb03d02e9,k
f5d202e3fad1545db5a46c969ba9656352e806d4,満
f5ef0f0a9b0640004d895f50c0d4962008e1ff4f,y
f5fe1da0283fae74ae3d2501aa7c3900e4487170,帯
f60b9e7f24206e443a6cfc04025ce0b3d342cdb8,塗
f610c0a3864cab86ba2c8eb15325addb92d09605,隠
f63fd450dac4386f8b56bf1f87486c843481fd49,福
f671f869665f4f3d8e777c92809712927e2a6307,英
f67c5931dc4ec741507060569e9b0d27970b1c2f,～
f69e589ec3306bf1d904449cd4a79673aa3cdeda,並
f6aec96d125cb7714adb7339f8eeff64fc3ebc9c,動
f6c9f3a639c0236c246fc992986c9dd87a4d1c66,学
f6cbfdaa53212be16f1373abeea6eda555ab7ed2,ヵ
f6cd939ca3a555c6840b3c13229408fee48a028e,違
f6cea34674d69f56e2759d44b761559b2d1204d2,履
f6cecf2fa15801c05afc075e3807b6aef88c75fe,P
f6cfc04b017749bd08da29a0fb565b41afb62648,酒
f6f1f1e9af68adef16d5baaa9dfce815c3da3c64,秀
f6f4feb3c10a833ec0cb5c118902778111e722d8,共
f6f99aabe3c0596798044919b373ebf9288980b9,姿
f706e27bd66d7f884fccfdc20eb891059518ac4d,巡
f71713fcd54ffdfc549cc3eaf6e7b4886523646a,断
f7193af36b4d019fc38a125b8eeb9582300c8b0c,遭
f71ece0a6e95824f5ac2f19d3c6b95f0f1bfe45d,奥
f72e214eb82e8a3b06cd7e903577ea36fdf765f3,キ
f7527efe89007f84d78a29b0cb2dbf500d192ead,対
f758b430aae183cf7ba3c4bc357240a22f691a8c,岳
f7796d5fae81776d1d71b179df7c1b1e9fda1983,欠
f78a02109c4fffcfc47e1a54f441bb371439f099,末
f78be5ac9646351d4a94469bd8138d9b19a6bebb,日
f791b2dd8aafdeb2f72ca5ac74807ed0dbfcac84,慈
f797c7f1605cf63bc9a935baae3629303b9a2580,管
f7b3a9c0f09c8beecb0d45fb7fb9f5925a7195c4,喰
f7b9133c54dbe705c33a5d75ebfd32e50344b2d6,柄
f7bf96fff1b692e256138009fec5e24773710d0e,影
f7c8de05b6a23c1fcd24f96d79eaa70992a96dbe,u
f7cf192be8c30cd302c0745f031e967aa5aa4f97,包
f7e037300dee8ff66124d7a2e99f855dd86d8ce7,岩
f7e7e8ca5d0515e6335b6248960262abece30ad6,Y
f7f63146a303ece61369b4d0e81a286454586fda,角
f7f85160afedc5961a3d6d4eff30da30660d04a1,絨
f808c984110a76653ea228572699ca57e54308c1,僕
f80c7675fffb1ac9875bdb604572f8987279a3b8,非
f833ef2f7243e6abd0312f132c61682bce02a4d3,綺
f847fd95ed112c8364a06e864d24cb7b50d98141,質
f85866e41e77266ec664db93aa53bf9f131d1d41,殻
f87ca5a5ddea4c375459dc3143c7fbd06a64026c,内
f8886f6b07d35506658a9a4b21182ac4e2f9a19f,迫
f8ad57f33c34f4413ba0ec2876eb8fd670f6b1d2,爆
f8bbf122b09c4af3660ad6fa0dcc41351d7d8231,思
f8c4ed82d90c40b6aa4a622df94f25d137cbb545,度
f8c6dec5f77047ae004a6abb757a0b4c3701699d,要
f8d746d94f7c492ee457131ff0f9373433eb2730,ソ
f8d92be56706cf75188de4327df3d47fbd0b2db6,劣
f8dd663c2b3e4833afa886671eee57f7d64ec733,R
f91f7bf1abd6946545062059f225dd3753c4546a,迫
f9236090a828f153028bac1211dba4c2f60bb4de,料
f945f40dbd1c1fac31e918ef344a98c255585056,g
f97c3434cf145fa09de5b84a74d38f4f26cafa8b,鎧
f97cc0aa7f842842f69f14a160d000a8363451f7,学
f9a155158a1d1c766b0155fdffe64bcb50f4b1b1,寄
f9a2bdd0a88b8c5826a4933fb5cdab38762de7f0,拾
f9b1ce14bb9cff07a73f9dd994f37fe13bf74d81,渾
f9c20ad97f3d62d76e96e2da6077d1c7aa2da463,o
f9efad6d594851e2aa4d61d14339823620400504,察
fa10c4fa43a3e230d1b664f0cc09741af12fc7e0,朗
fa1d3edd37a5e56dbd820b37dcc36b96d3b134fa,宿
fa345c6c259af3abb2dac0a984d6fe89a17928de,モ
fa3ed103a07f9dfce9c4b771e105a88eee0301c5,縫
fa3f944371e7fd8395cd3ddb4fe3f05a1dbe2a0a,拘
fa593c85f0c59ca773e636fd9eb768bce23f3369,終
fa5bf61a9a537e850c0161b3443b74dcf4153199,戒
fa86bcee0b7982911725aa7df985269f088d8d62,砦
faae46e735e798b2f2d26c66f4eef78e28902939,密
fab29137b1f352bbf67d3b2a60e152647c93726d,の
fad0c6424f5f83438e704d2ef0bb91c339463f38,紗
fade434fa264481f90d354d37284bd1685ecf2d9,刺
fae9ae84156c052db5f61b726a5acedbb306db0d,屋
faecb385d4dcaf1dca329ad0394500f97918038b,虐
faf0fc239cd129a42e1fb83a6836e8550c430a2b,輸
fb0707645400424dc385dac35e1f572fa187b2c2,吐
fb0f990e0214ffbfd8e6c51db01e2c2503a7a539,癒
fb14d5730ec1766240f1b33c1813ffce8f133c64,市
fb1da43206b9e0f130335dc38492f817e67ffdfa,日
fb56779e5db9da03dc0492ac081c10031e49cdd7,彷
fb69fefd6ad4d7276c6aa5a17d25c9924b778990,Q
fbb99f866020e53ff2a569263ed8c72f52a7a2fd,磁
fbbff24401d88b822e3cedbf5627d02cd7d15f51,よ
fbd41c4dd70691e84c65eeb1e1bc956211e87262,回
fbe34baae5fd4aeeeaf49c953b7437cf3cfa1c86,り
fbe46c5cf9b8fc7bb455559db2e21f51c6ee528c,恩
fbfce520c127d983843498495563c8ec7b71413d,成
fc226761772b6bc2cf099f45512887b8eec76548,憶
fc2cbd38a6727307d3db48e5135b7c0e97d2160e,堅
fc30e6311dbc0c246d32f141438b35c4833c4c40,爪
fc3246382a0dfd6d0658fee850a51cabf1daaa3b,躊
fc3f6b7ff6ff7ef1efe545796432a15629f562ce,ひ
fc569b9813a9582a5a1f5ae7af7d94aa86d024e3,嵐
fc5de94dd4116dda0bfd40a954a40e50547eb984,察
fc8709e3c3c21ce63915ebf0b76e3e5deea6a9cb,顕
fc8be6310728009725468461ad97644a3034e9ac,巧
fc992bae62c9ac63048d796df2085ee5779e1bd8,´
fcbbf22b730c94d3108b4fa7186afd38d354e62d,誉
fcc5db7e4f3f922a9abd818a23073c3b6a69f509,公
fce484e3e3df840230d34078f13b92a0c7f076bc,知
fce54933e81516ae2d996e370742cad737706266,蘇
fcea7b1bb5d45ee4dee6908db339c0e3c3d0ad4e,都
fd04b2109fec50442b187501eca5f914a5292f85,隊
fd0c7c87c70f9ab26d3ab98ea3df2ea92efb1fe6,涯
fd0d6300045bb06e6a63e999ea35d2e3861a23ed,磨
fd104ba86499862b59f60a942c8f1988c02a6be1,巻
fd37e823eb729e14e4729c05dbc63822d9acfee2,泉
fd52e9ce36717e419bd532811f0209ea5ddb9a62,六
fd8a87b3370277f02fa0b327feab979e7f71153e,星
fdc3709d8725b72741d527b34130992d8a8bcca0,ー
fdc4c1f146e7292f713c1bd6000c1787e2faf9e5,g
fdc96ecdaa2ad9a1972d548ea62f574b65392971,民
fdd9f7183a6016f4aa135ef879795c6db3b0bd42,罠
fdf117fef913e07ea71745f2be6c75095f981036,念
fe0bc310c8bcfccbceb7189f895986f75554041c,融
fe0cabe81ffdeb58cc4ab04877e09a7ca7355c54,ヒ
fe0eb894a63dbda1673b1d48d9fbaf35ee886f9a,蘭
fe2c68d7503c754caca42796293f2c9c456a908c,乞
fe3da76e2b14503244a6501f0fc07a67a57e8bf9,折
fe469956a6eb8a03f1104511a3c97f1c7969c9b8,位
fea0929717ff1eb1fd79c6d9a71f5fa824f792e6,鈍
febd6ea9d2c90c7c45cfad05e8ec754875a8e10a,戒
fec1aa8b4389695d9c490c811163f2b8c869bf0b,備
fee26e0e655d506035cf6f8c1a57d581f9b50c03,3
fef5478e7e27b47dcd718490d8c8f1f3c0becb96,う
ff21ca55527271c0d910355bec2cc9e6078dd87a,v
ff346136cd07dac39cdecd30e55c4d7fe5c0063f,段
ff5792f62ae1b2be856398029bfbccb9a1bc7d19,監
ff58ed6ab75086c4f2d36f857e238701f61dd2f9,願
ff5ab4992351744a7ae89305ce31a40e529b8bc4,静
ff9dcdd512f750fd0bfe0f7689e615ae906e0673,道
ffb9384e430455b9c9846f37793f4f5f85c83860,ヅ
ffdb440dfd3bd4e35a01706e8b9d5fb58f2aef9d,酸
ffdb94ccedd46fbd4a17240551f0a84728d2f88c,町
ffdeedbf9a04b69d2a9caa99f891a5613bfc5743,焼
ffe7ecc0c10e99c0234401d18207dd44bb2fa4b8,球
ffe82e84a207db4da03f900d48cd23a662ef659a,敷
fffd1e84a115bc57a7a464b016df9bd9265ac9a9,し
