bank,sub,resource,voice_scene,message_id,scene,scene_line,speaker,context,confidence,evidence,notes
1482,0,1297,1170,918,1,1,Heimdall,,confirmed,scene voice_scene/voice_slot,
1482,1,1297,1170,925,1,2,Heimdall,,confirmed,scene voice_scene/voice_slot,
1482,2,1297,1170,920,1,3,Heimdall,,confirmed,scene voice_scene/voice_slot,
1482,3,1297,1170,921,1,4,Rufus,,confirmed,scene voice_scene/voice_slot,
1482,4,1297,1170,922,1,5,Heimdall,,confirmed,scene voice_scene/voice_slot,
1482,5,1297,1170,923,1,6,Rufus,,confirmed,scene voice_scene/voice_slot,
1482,6,1297,1170,924,1,7,Heimdall,,confirmed,scene voice_scene/voice_slot,
1483,0,1197,10,1,1,1,Alicia,,confirmed,scene voice_scene/voice_slot,
1483,1,1197,10,2,1,2,Alicia,,confirmed,scene voice_scene/voice_slot,
1483,2,1197,10,24,1,3,Silmeria,,confirmed,scene voice_scene/voice_slot,
1483,3,1197,10,3,1,4,Alicia,,confirmed,scene voice_scene/voice_slot,
1483,4,1197,10,33,1,5,Silmeria,,confirmed,scene voice_scene/voice_slot,
1483,5,1197,10,34,1,6,Alicia,,confirmed,scene voice_scene/voice_slot,
1483,6,1197,10,31,1,7,Silmeria,,confirmed,scene voice_scene/voice_slot,
1483,7,1197,10,,,,,,unmapped,,no subtitle record
1483,8,1197,10,,,,,,unmapped,,no subtitle record
1483,9,1197,10,35,1,8,Alicia,,confirmed,scene voice_scene/voice_slot,
1483,10,1197,10,36,1,9,Silmeria,,confirmed,scene voice_scene/voice_slot,
1483,11,1197,10,5,1,10,Silmeria,,confirmed,scene voice_scene/voice_slot,
1483,12,1197,10,32,1,11,Alicia,,confirmed,scene voice_scene/voice_slot,
1483,13,1197,10,6,1,12,Silmeria,,confirmed,scene voice_scene/voice_slot,
1483,14,1197,10,26,1,13,Alicia,,confirmed,scene voice_scene/voice_slot,
1483,15,1197,10,27,1,14,Silmeria,,confirmed,scene voice_scene/voice_slot,
1483,16,1197,10,25,1,15,Alicia,,confirmed,scene voice_scene/voice_slot,
1483,17,1197,10,8,1,16,Silmeria,,confirmed,scene voice_scene/voice_slot,
1483,18,1197,10,23,1,17,Alicia,,confirmed,scene voice_scene/voice_slot,
1483,19,1197,10,19,1,18,Silmeria,,confirmed,scene voice_scene/voice_slot,
1483,20,1197,10,20,1,19,Silmeria,,confirmed,scene voice_scene/voice_slot,
1483,21,1197,10,29,1,20,Silmeria,,confirmed,scene voice_scene/voice_slot,
1483,22,1197,10,17,1,21,Alicia,,confirmed,scene voice_scene/voice_slot,
1483,23,1197,10,28,1,22,Silmeria,,confirmed,scene voice_scene/voice_slot,
1483,24,1197,10,9,1,23,Silmeria,,confirmed,scene voice_scene/voice_slot,
1483,25,1197,10,10,1,24,Silmeria,,confirmed,scene voice_scene/voice_slot,
1483,26,1197,10,30,1,25,Silmeria,,confirmed,scene voice_scene/voice_slot,
1483,27,1197,10,11,1,26,Silmeria,,confirmed,scene voice_scene/voice_slot,
1483,28,1197,10,12,1,27,Alicia,,confirmed,scene voice_scene/voice_slot,
1483,29,1197,10,21,1,28,Silmeria,,confirmed,scene voice_scene/voice_slot,
1483,30,1197,10,13,1,29,Alicia,,confirmed,scene voice_scene/voice_slot,
1483,31,1197,10,14,1,30,Alicia,,confirmed,scene voice_scene/voice_slot,
1483,32,1197,10,15,1,31,Silmeria,,confirmed,scene voice_scene/voice_slot,
1483,33,1197,10,22,1,32,Alicia,,confirmed,scene voice_scene/voice_slot,
1483,34,1197,10,16,1,33,Silmeria,,confirmed,scene voice_scene/voice_slot,
1483,35,1197,10,37,1,34,Silmeria,,confirmed,scene voice_scene/voice_slot,
1484,0,1195,20,37,1,1,Officer B,,confirmed,scene voice_scene/voice_slot,
1484,1,1195,20,23,1,2,Officer B,,confirmed,scene voice_scene/voice_slot,
1484,2,1195,20,1,1,3,Traveler,,confirmed,scene voice_scene/voice_slot,
1484,3,1195,20,2,1,4,Officer B,,confirmed,scene voice_scene/voice_slot,
1484,4,1195,20,3,1,5,Silmeria,,confirmed,scene voice_scene/voice_slot,
1484,5,1195,20,4,1,6,Alicia,,confirmed,scene voice_scene/voice_slot,
1484,6,1195,20,5,1,7,Silmeria,,confirmed,scene voice_scene/voice_slot,
1484,7,1195,20,36,1,8,Alicia,,confirmed,scene voice_scene/voice_slot,
1484,8,1195,20,35,1,9,Silmeria,,confirmed,scene voice_scene/voice_slot,
1484,9,1195,20,30,1,10,Alicia,,confirmed,scene voice_scene/voice_slot,
1484,10,1195,20,6,1,11,Silmeria,,confirmed,scene voice_scene/voice_slot,
1484,11,1195,20,7,1,12,Silmeria,,confirmed,scene voice_scene/voice_slot,
1484,12,1195,20,8,1,13,Alicia,,confirmed,scene voice_scene/voice_slot,
1484,13,1195,20,31,1,14,Silmeria,,confirmed,scene voice_scene/voice_slot,
1484,14,1195,20,10,1,15,Alicia,,confirmed,scene voice_scene/voice_slot,
1484,15,1195,20,32,1,16,Silmeria,,confirmed,scene voice_scene/voice_slot,
1484,16,1195,20,11,1,17,Alicia,,confirmed,scene voice_scene/voice_slot,
1484,17,1195,20,34,1,18,Silmeria,,confirmed,scene voice_scene/voice_slot,
1484,18,1195,20,12,1,19,Rufus,,confirmed,scene voice_scene/voice_slot,
1484,19,1195,20,13,1,20,Alicia,,confirmed,scene voice_scene/voice_slot,
1484,20,1195,20,14,1,21,Rufus,,confirmed,scene voice_scene/voice_slot,
1484,21,1195,20,15,1,22,Alicia,,confirmed,scene voice_scene/voice_slot,
1484,22,1195,20,16,1,23,Alicia,,confirmed,scene voice_scene/voice_slot,
1484,23,1195,20,17,1,24,Alicia,,confirmed,scene voice_scene/voice_slot,
1484,24,1195,20,33,1,25,Rufus,,confirmed,scene voice_scene/voice_slot,
1484,25,1195,20,18,1,26,Silmeria,,confirmed,scene voice_scene/voice_slot,
1484,26,1195,20,19,1,27,Silmeria,,confirmed,scene voice_scene/voice_slot,
1484,27,1195,20,20,1,28,Rufus,,confirmed,scene voice_scene/voice_slot,
1484,28,1195,20,21,1,29,Silmeria,,confirmed,scene voice_scene/voice_slot,
1484,29,1195,20,22,1,30,Silmeria,,confirmed,scene voice_scene/voice_slot,
1484,30,1195,20,24,1,31,Silmeria,,confirmed,scene voice_scene/voice_slot,
1484,31,1195,20,28,1,32,Silmeria,,confirmed,scene voice_scene/voice_slot,
1484,32,1195,20,25,1,33,Rufus,,confirmed,scene voice_scene/voice_slot,
1484,33,1195,20,26,1,34,Silmeria,,confirmed,scene voice_scene/voice_slot,
1484,34,1195,20,29,1,35,Silmeria,,confirmed,scene voice_scene/voice_slot,
1484,35,1195,20,27,1,36,Alicia,,confirmed,scene voice_scene/voice_slot,
1485,0,1197,30,78,2,1,Silmeria,,confirmed,scene voice_scene/voice_slot,
1485,1,1197,30,93,2,2,Alicia,,confirmed,scene voice_scene/voice_slot,
1485,2,1197,30,79,2,3,Silmeria,,confirmed,scene voice_scene/voice_slot,
1485,3,1197,30,91,2,4,Silmeria,,confirmed,scene voice_scene/voice_slot,
1485,4,1197,30,80,2,5,Rufus,,confirmed,scene voice_scene/voice_slot,
1485,5,1197,30,81,2,6,Alicia,,confirmed,scene voice_scene/voice_slot,
1485,6,1197,30,83,2,7,Rufus,,confirmed,scene voice_scene/voice_slot,
1485,7,1197,30,82,2,8,Rufus,,confirmed,scene voice_scene/voice_slot,
1485,8,1197,30,84,2,9,Rufus,,confirmed,scene voice_scene/voice_slot,
1485,9,1197,30,92,2,10,Rufus,,confirmed,scene voice_scene/voice_slot,
1485,10,1197,30,86,2,11,Silmeria,,confirmed,scene voice_scene/voice_slot,
1485,11,1197,30,87,2,12,Rufus,,confirmed,scene voice_scene/voice_slot,
1485,12,1197,30,88,2,13,Silmeria,,confirmed,scene voice_scene/voice_slot,
1485,13,1197,30,89,2,14,Rufus,,confirmed,scene voice_scene/voice_slot,
1485,14,1197,30,90,2,15,Silmeria,,confirmed,scene voice_scene/voice_slot,
1486,0,1217,41,1894,2,1,Rufus,,confirmed,scene voice_scene/voice_slot,
1486,1,1217,41,1882,2,2,Silmeria,,confirmed,scene voice_scene/voice_slot,
1486,2,1217,41,1883,2,3,Rufus,,confirmed,scene voice_scene/voice_slot,
1486,3,1217,41,1884,2,4,Silmeria,,confirmed,scene voice_scene/voice_slot,
1486,4,1217,41,1885,2,5,Rufus,,confirmed,scene voice_scene/voice_slot,
1486,5,1217,41,1886,2,6,Silmeria,,confirmed,scene voice_scene/voice_slot,
1486,6,1217,41,1887,2,7,Rufus,,confirmed,scene voice_scene/voice_slot,
1486,7,1217,41,1888,2,8,Silmeria,,confirmed,scene voice_scene/voice_slot,
1486,8,1217,41,1889,2,9,Rufus,,confirmed,scene voice_scene/voice_slot,
1486,9,1217,41,1890,2,10,Rufus,,confirmed,scene voice_scene/voice_slot,
1486,10,1217,41,1891,2,11,Rufus,,confirmed,scene voice_scene/voice_slot,
1486,11,1217,41,1892,2,12,Silmeria,,confirmed,scene voice_scene/voice_slot,
1486,12,1217,41,1893,2,13,Rufus,,confirmed,scene voice_scene/voice_slot,
1486,13,1217,41,1895,2,14,Silmeria,,confirmed,scene voice_scene/voice_slot,
1487,0,1217,42,1,1,1,Rufus,,confirmed,scene voice_scene/voice_slot,
1487,1,1217,42,2,1,2,Silmeria,,confirmed,scene voice_scene/voice_slot,
1487,2,1217,42,3,1,3,Silmeria,,confirmed,scene voice_scene/voice_slot,
1487,3,1217,42,4,1,4,Rufus,,confirmed,scene voice_scene/voice_slot,
1487,4,1217,42,5,1,5,Silmeria,,confirmed,scene voice_scene/voice_slot,
1487,5,1217,42,6,1,6,Silmeria,,confirmed,scene voice_scene/voice_slot,
1487,6,1217,42,7,1,7,Silmeria,,confirmed,scene voice_scene/voice_slot,
1487,7,1217,42,8,1,8,Silmeria,,confirmed,scene voice_scene/voice_slot,
1487,8,1217,42,9,1,9,Rufus,,confirmed,scene voice_scene/voice_slot,
1487,9,1217,42,10,1,10,Silmeria,,confirmed,scene voice_scene/voice_slot,
1487,10,1217,42,11,1,11,Alicia,,confirmed,scene voice_scene/voice_slot,
1488,0,1219,50,1,1,1,Silmeria,,confirmed,scene voice_scene/voice_slot,
1488,1,1219,50,2,1,2,Silmeria,,confirmed,scene voice_scene/voice_slot,
1488,2,1219,50,22,1,3,Silmeria,,confirmed,scene voice_scene/voice_slot,
1488,3,1219,50,19,1,4,Rufus,,confirmed,scene voice_scene/voice_slot,
1488,4,1219,50,3,1,5,Alicia,,confirmed,scene voice_scene/voice_slot,
1488,5,1219,50,4,1,6,Rufus,,confirmed,scene voice_scene/voice_slot,
1488,6,1219,50,5,1,7,Rufus,,confirmed,scene voice_scene/voice_slot,
1488,7,1219,50,14,1,8,Silmeria,,confirmed,scene voice_scene/voice_slot,
1488,8,1219,50,6,1,9,Rufus,,confirmed,scene voice_scene/voice_slot,
1488,9,1219,50,15,1,10,Rufus,,confirmed,scene voice_scene/voice_slot,
1488,10,1219,50,20,1,11,Rufus,,confirmed,scene voice_scene/voice_slot,
1488,11,1219,50,7,1,12,Silmeria,,confirmed,scene voice_scene/voice_slot,
1488,12,1219,50,8,1,13,Silmeria,,confirmed,scene voice_scene/voice_slot,
1488,13,1219,50,9,1,14,Silmeria,,confirmed,scene voice_scene/voice_slot,
1488,14,1219,50,10,1,15,Einherjar C,,confirmed,scene voice_scene/voice_slot,
1488,15,1219,50,11,1,16,Einherjar B,,confirmed,scene voice_scene/voice_slot,
1488,16,1219,50,12,1,17,Einherjar A,,confirmed,scene voice_scene/voice_slot,
1488,17,1219,50,13,1,18,Silmeria,,confirmed,scene voice_scene/voice_slot,
1488,18,1219,50,17,1,19,Silmeria,,confirmed,scene voice_scene/voice_slot,
1488,19,1219,50,23,1,20,Silmeria,,confirmed,scene voice_scene/voice_slot,
1488,20,1219,50,18,1,21,Rufus,,confirmed,scene voice_scene/voice_slot,
1488,21,1219,50,21,1,22,Alicia,,confirmed,scene voice_scene/voice_slot,
1489,0,1221,71,1,1,1,Rufus,,confirmed,scene voice_scene/voice_slot,
1489,1,1221,71,2,1,2,Rufus,,confirmed,scene voice_scene/voice_slot,
1489,2,1221,71,3,1,3,Rufus,,confirmed,scene voice_scene/voice_slot,
1489,3,1221,71,15,1,4,Silmeria,,confirmed,scene voice_scene/voice_slot,
1489,4,1221,71,4,1,5,Silmeria,,confirmed,scene voice_scene/voice_slot,
1489,5,1221,71,5,1,6,Rufus,,confirmed,scene voice_scene/voice_slot,
1489,6,1221,71,6,1,7,Rufus,,confirmed,scene voice_scene/voice_slot,
1489,7,1221,71,7,1,8,Silmeria,,confirmed,scene voice_scene/voice_slot,
1489,8,1221,71,16,1,9,Silmeria,,confirmed,scene voice_scene/voice_slot,
1489,9,1221,71,8,1,10,Alicia,,confirmed,scene voice_scene/voice_slot,
1489,10,1221,71,9,1,11,Silmeria,,confirmed,scene voice_scene/voice_slot,
1489,11,1221,71,10,1,12,Silmeria,,confirmed,scene voice_scene/voice_slot,
1489,12,1221,71,11,1,13,Alicia,,confirmed,scene voice_scene/voice_slot,
1489,13,1221,71,12,1,14,Silmeria,,confirmed,scene voice_scene/voice_slot,
1489,14,1221,71,13,1,15,Silmeria,,confirmed,scene voice_scene/voice_slot,
1489,15,1221,71,14,1,16,Silmeria,,confirmed,scene voice_scene/voice_slot,
1490,0,1223,73,1,1,1,Silmeria,,confirmed,scene voice_scene/voice_slot,
1490,1,1223,73,2,1,2,Dylan,,confirmed,scene voice_scene/voice_slot,
1490,2,1223,73,3,1,3,Dylan,,confirmed,scene voice_scene/voice_slot,
1490,3,1223,73,9,1,4,Silmeria,,confirmed,scene voice_scene/voice_slot,
1490,4,1223,73,10,1,5,Dylan,,confirmed,scene voice_scene/voice_slot,
1490,5,1223,73,11,1,6,Silmeria,,confirmed,scene voice_scene/voice_slot,
1490,6,1223,73,8,1,7,Dylan,,confirmed,scene voice_scene/voice_slot,
1490,7,1223,73,7,1,8,Silmeria,,confirmed,scene voice_scene/voice_slot,
1490,8,1223,73,4,1,9,Rufus,,confirmed,scene voice_scene/voice_slot,
1490,9,1223,73,12,1,10,Silmeria,,confirmed,scene voice_scene/voice_slot,
1490,10,1223,73,13,1,11,Silmeria,,confirmed,scene voice_scene/voice_slot,
1490,11,1223,73,5,1,12,Rufus,,confirmed,scene voice_scene/voice_slot,
1490,12,1223,73,14,1,13,Dylan,,confirmed,scene voice_scene/voice_slot,
1490,13,1223,73,6,1,14,Rufus,,confirmed,scene voice_scene/voice_slot,
1491,0,1227,90,14,1,1,Alicia,,confirmed,scene voice_scene/voice_slot,
1491,1,1227,90,8,1,2,Rufus,,confirmed,scene voice_scene/voice_slot,
1491,2,1227,90,1,1,3,Dylan,,confirmed,scene voice_scene/voice_slot,
1491,3,1227,90,2,1,4,Dylan,,confirmed,scene voice_scene/voice_slot,
1491,4,1227,90,10,1,5,Rufus,,confirmed,scene voice_scene/voice_slot,
1491,5,1227,90,3,1,6,Dylan,,confirmed,scene voice_scene/voice_slot,
1491,6,1227,90,9,1,7,Silmeria,,confirmed,scene voice_scene/voice_slot,
1491,7,1227,90,11,1,8,Silmeria,,confirmed,scene voice_scene/voice_slot,
1491,8,1227,90,4,1,9,Rufus,,confirmed,scene voice_scene/voice_slot,
1491,9,1227,90,12,1,10,Silmeria,,confirmed,scene voice_scene/voice_slot,
1491,10,1227,90,5,1,11,Silmeria,,confirmed,scene voice_scene/voice_slot,
1491,11,1227,90,13,1,12,Silmeria,,confirmed,scene voice_scene/voice_slot,
1491,12,1227,90,6,1,13,Silmeria,,confirmed,scene voice_scene/voice_slot,
1491,13,1227,90,7,1,14,Rufus,,confirmed,scene voice_scene/voice_slot,
1492,0,1201,100,1,1,1,Rufus,,confirmed,scene voice_scene/voice_slot,
1492,1,1201,100,29,1,2,Alicia,,confirmed,scene voice_scene/voice_slot,
1492,2,1201,100,2,1,3,Rufus,,confirmed,scene voice_scene/voice_slot,
1492,3,1201,100,3,1,4,Rufus,,confirmed,scene voice_scene/voice_slot,
1492,4,1201,100,30,1,5,Alicia,,confirmed,scene voice_scene/voice_slot,
1492,5,1201,100,4,1,6,Alicia,,confirmed,scene voice_scene/voice_slot,
1492,6,1201,100,5,1,7,Alicia,,confirmed,scene voice_scene/voice_slot,
1492,7,1201,100,6,1,8,Dylan,,confirmed,scene voice_scene/voice_slot,
1492,8,1201,100,26,1,9,Dylan,,confirmed,scene voice_scene/voice_slot,
1492,9,1201,100,7,1,10,Rufus,,confirmed,scene voice_scene/voice_slot,
1492,10,1201,100,8,1,11,Rufus,,confirmed,scene voice_scene/voice_slot,
1492,11,1201,100,9,1,12,Rufus,,confirmed,scene voice_scene/voice_slot,
1492,12,1201,100,10,1,13,Rufus,,confirmed,scene voice_scene/voice_slot,
1492,13,1201,100,11,1,14,Rufus,,confirmed,scene voice_scene/voice_slot,
1492,14,1201,100,12,1,15,Rufus,,confirmed,scene voice_scene/voice_slot,
1492,15,1201,100,13,1,16,Silmeria,,confirmed,scene voice_scene/voice_slot,
1492,16,1201,100,32,1,17,Rufus,,confirmed,scene voice_scene/voice_slot,
1492,17,1201,100,14,1,18,Silmeria,,confirmed,scene voice_scene/voice_slot,
1492,18,1201,100,15,1,19,Rufus,,confirmed,scene voice_scene/voice_slot,
1492,19,1201,100,16,1,20,Rufus,,confirmed,scene voice_scene/voice_slot,
1492,20,1201,100,17,1,21,Rufus,,confirmed,scene voice_scene/voice_slot,
1492,21,1201,100,31,1,22,Rufus,,confirmed,scene voice_scene/voice_slot,
1492,22,1201,100,18,1,23,Silmeria,,confirmed,scene voice_scene/voice_slot,
1492,23,1201,100,19,1,24,Silmeria,,confirmed,scene voice_scene/voice_slot,
1492,24,1201,100,20,1,25,Rufus,,confirmed,scene voice_scene/voice_slot,
1492,25,1201,100,27,1,26,Silmeria,,confirmed,scene voice_scene/voice_slot,
1492,26,1201,100,21,1,27,Silmeria,,confirmed,scene voice_scene/voice_slot,
1492,27,1201,100,25,1,28,Rufus,,confirmed,scene voice_scene/voice_slot,
1492,28,1201,100,22,1,29,Rufus,,confirmed,scene voice_scene/voice_slot,
1492,29,1201,100,23,1,30,Silmeria,,confirmed,scene voice_scene/voice_slot,
1492,30,1201,100,28,1,31,Rufus,,confirmed,scene voice_scene/voice_slot,
1493,0,1229,110,139,2,1,Rufus,,confirmed,scene voice_scene/voice_slot,
1493,1,1229,110,156,2,2,Rufus,,confirmed,scene voice_scene/voice_slot,
1493,2,1229,110,140,2,3,Alicia,,confirmed,scene voice_scene/voice_slot,
1493,3,1229,110,141,2,4,Rufus,,confirmed,scene voice_scene/voice_slot,
1493,4,1229,110,142,2,5,Alicia,,confirmed,scene voice_scene/voice_slot,
1493,5,1229,110,143,2,6,Dylan,,confirmed,scene voice_scene/voice_slot,
1493,6,1229,110,154,2,7,Rufus,,confirmed,scene voice_scene/voice_slot,
1493,7,1229,110,155,2,8,Rufus,,confirmed,scene voice_scene/voice_slot,
1493,8,1229,110,151,2,9,Rufus,,confirmed,scene voice_scene/voice_slot,
1493,9,1229,110,144,2,10,Alicia,,confirmed,scene voice_scene/voice_slot,
1493,10,1229,110,145,2,11,Rufus,,confirmed,scene voice_scene/voice_slot,
1493,11,1229,110,146,2,12,Alicia,,confirmed,scene voice_scene/voice_slot,
1493,12,1229,110,147,2,13,Alicia,,confirmed,scene voice_scene/voice_slot,
1493,13,1229,110,148,2,14,Rufus,,confirmed,scene voice_scene/voice_slot,
1493,14,1229,110,159,2,15,Rufus,,confirmed,scene voice_scene/voice_slot,
1493,15,1229,110,152,2,16,Alicia,,confirmed,scene voice_scene/voice_slot,
1493,16,1229,110,153,2,17,Alicia,,confirmed,scene voice_scene/voice_slot,
1493,17,1229,110,158,2,18,Dylan,,confirmed,scene voice_scene/voice_slot,
1493,18,1229,110,160,2,19,Dylan,,confirmed,scene voice_scene/voice_slot,
1493,19,1229,110,149,2,20,Alicia,,confirmed,scene voice_scene/voice_slot,
1493,20,1229,110,150,2,21,Alicia,,confirmed,scene voice_scene/voice_slot,
1494,0,1231,130,1,1,1,Rufus,,confirmed,scene voice_scene/voice_slot,
1494,1,1231,130,2,1,2,Rufus,,confirmed,scene voice_scene/voice_slot,
1494,2,1231,130,3,1,3,Alicia,,confirmed,scene voice_scene/voice_slot,
1494,3,1231,130,6,1,4,Alicia,,confirmed,scene voice_scene/voice_slot,
1494,4,1231,130,4,1,5,Alicia,,confirmed,scene voice_scene/voice_slot,
1495,0,1235,140,10,1,1,Rufus,,confirmed,scene voice_scene/voice_slot,
1495,1,1235,140,1,1,2,Rufus,,confirmed,scene voice_scene/voice_slot,
1495,2,1235,140,11,1,3,Rufus,,confirmed,scene voice_scene/voice_slot,
1495,3,1235,140,3,1,4,Rufus,,confirmed,scene voice_scene/voice_slot,
1495,4,1235,140,4,1,5,Rufus,,confirmed,scene voice_scene/voice_slot,
1495,5,1235,140,13,1,6,Rufus,,confirmed,scene voice_scene/voice_slot,
1495,6,1235,140,12,1,7,Dylan,,confirmed,scene voice_scene/voice_slot,
1495,7,1235,140,5,1,8,Dylan,,confirmed,scene voice_scene/voice_slot,
1495,8,1235,140,6,1,9,Dylan,,confirmed,scene voice_scene/voice_slot,
1495,9,1235,140,7,1,10,Dylan,,confirmed,scene voice_scene/voice_slot,
1495,10,1235,140,8,1,11,Rufus,,confirmed,scene voice_scene/voice_slot,
1495,11,1235,140,9,1,12,Rufus,,confirmed,scene voice_scene/voice_slot,
1496,0,1233,150,1,1,1,Alicia,,confirmed,scene voice_scene/voice_slot,
1496,1,1233,150,2,1,2,Alicia,,confirmed,scene voice_scene/voice_slot,
1496,2,1233,150,3,1,3,Dallas,,confirmed,scene voice_scene/voice_slot,
1496,3,1233,150,39,1,4,Dallas,,confirmed,scene voice_scene/voice_slot,
1496,4,1233,150,5,1,5,Alicia,,confirmed,scene voice_scene/voice_slot,
1496,5,1233,150,6,1,6,Dallas,,confirmed,scene voice_scene/voice_slot,
1496,6,1233,150,7,1,7,Rufus,,confirmed,scene voice_scene/voice_slot,
1496,7,1233,150,31,1,8,Alicia,,confirmed,scene voice_scene/voice_slot,
1496,8,1233,150,8,1,9,Alicia,,confirmed,scene voice_scene/voice_slot,
1496,9,1233,150,9,1,10,Dallas,,confirmed,scene voice_scene/voice_slot,
1496,10,1233,150,10,1,11,Dylan,,confirmed,scene voice_scene/voice_slot,
1496,11,1233,150,33,1,12,Rufus,,confirmed,scene voice_scene/voice_slot,
1496,12,1233,150,32,1,13,Dylan,,confirmed,scene voice_scene/voice_slot,
1496,13,1233,150,38,1,14,Dylan,,confirmed,scene voice_scene/voice_slot,
1496,14,1233,150,34,1,15,Dylan,,confirmed,scene voice_scene/voice_slot,
1496,15,1233,150,35,1,16,Dylan,,confirmed,scene voice_scene/voice_slot,
1496,16,1233,150,11,1,17,Dallas,,confirmed,scene voice_scene/voice_slot,
1496,17,1233,150,40,1,18,Alicia,,confirmed,scene voice_scene/voice_slot,
1496,18,1233,150,13,1,19,Silmeria,,confirmed,scene voice_scene/voice_slot,
1496,19,1233,150,14,1,20,Silmeria,,confirmed,scene voice_scene/voice_slot,
1496,20,1233,150,16,1,21,Rufus,,confirmed,scene voice_scene/voice_slot,
1496,21,1233,150,44,1,22,Dallas,,confirmed,scene voice_scene/voice_slot,
1496,22,1233,150,17,1,23,Dallas,,confirmed,scene voice_scene/voice_slot,
1496,23,1233,150,18,1,24,Silmeria,,confirmed,scene voice_scene/voice_slot,
1496,24,1233,150,19,1,25,Dallas,,confirmed,scene voice_scene/voice_slot,
1496,25,1233,150,20,1,26,Dallas,,confirmed,scene voice_scene/voice_slot,
1496,26,1233,150,37,1,27,Walther,,confirmed,scene voice_scene/voice_slot,
1496,27,1233,150,21,1,28,Silmeria,,confirmed,scene voice_scene/voice_slot,
1496,28,1233,150,36,1,29,Alicia,,confirmed,scene voice_scene/voice_slot,
1496,29,1233,150,42,1,30,Barbarossa,,confirmed,scene voice_scene/voice_slot,
1496,30,1233,150,23,1,31,Alicia,,confirmed,scene voice_scene/voice_slot,
1496,31,1233,150,43,1,32,Barbarossa,,confirmed,scene voice_scene/voice_slot,
1496,32,1233,150,24,1,33,Barbarossa,,confirmed,scene voice_scene/voice_slot,
1496,33,1233,150,25,1,34,Barbarossa,,confirmed,scene voice_scene/voice_slot,
1496,34,1233,150,26,1,35,Barbarossa,,confirmed,scene voice_scene/voice_slot,
1496,35,1233,150,27,1,36,Walther,,confirmed,scene voice_scene/voice_slot,
1496,36,1233,150,,,,,,unmapped,,no subtitle record
1496,37,1233,150,41,1,37,Dallas,,confirmed,scene voice_scene/voice_slot,
1496,38,1233,150,29,1,38,Dallas,,confirmed,scene voice_scene/voice_slot,
1497,0,1237,160,21,1,1,Rufus,,confirmed,scene voice_scene/voice_slot,
1497,1,1237,160,,,,,,unmapped,,no subtitle record
1497,2,1237,160,1,1,2,Hrist,,confirmed,scene voice_scene/voice_slot,
1497,3,1237,160,2,1,3,Hrist,,confirmed,scene voice_scene/voice_slot,
1497,4,1237,160,3,1,4,Hrist,,confirmed,scene voice_scene/voice_slot,
1497,5,1237,160,4,1,5,Alicia,,confirmed,scene voice_scene/voice_slot,
1497,6,1237,160,16,1,6,Hrist,,confirmed,scene voice_scene/voice_slot,
1497,7,1237,160,5,1,7,Hrist,,confirmed,scene voice_scene/voice_slot,
1497,8,1237,160,17,1,8,Hrist,,confirmed,scene voice_scene/voice_slot,
1497,9,1237,160,6,1,9,Hrist,,confirmed,scene voice_scene/voice_slot,
1497,10,1237,160,7,1,10,Alicia,,confirmed,scene voice_scene/voice_slot,
1497,11,1237,160,8,1,11,Hrist,,confirmed,scene voice_scene/voice_slot,
1497,12,1237,160,18,1,12,Hrist,,confirmed,scene voice_scene/voice_slot,
1497,13,1237,160,9,1,13,Silmeria,,confirmed,scene voice_scene/voice_slot,
1497,14,1237,160,22,1,14,Silmeria,,confirmed,scene voice_scene/voice_slot,
1497,15,1237,160,10,1,15,Hrist,,confirmed,scene voice_scene/voice_slot,
1497,16,1237,160,11,1,16,Hrist,,confirmed,scene voice_scene/voice_slot,
1497,17,1237,160,12,1,17,Hrist,,confirmed,scene voice_scene/voice_slot,
1497,18,1237,160,13,1,18,Silmeria,,confirmed,scene voice_scene/voice_slot,
1497,19,1237,160,14,1,19,Silmeria,,confirmed,scene voice_scene/voice_slot,
1497,20,1237,160,19,1,20,Silmeria,,confirmed,scene voice_scene/voice_slot,
1497,21,1237,160,20,1,21,Hrist,,confirmed,scene voice_scene/voice_slot,
1497,22,1237,160,24,1,22,Hrist,,confirmed,scene voice_scene/voice_slot,
1497,23,1237,160,15,1,23,Hrist,,confirmed,scene voice_scene/voice_slot,
1497,24,1237,160,23,1,24,Hrist,,confirmed,scene voice_scene/voice_slot,
1498,0,1229,170,1,1,1,Walther,,confirmed,scene voice_scene/voice_slot,
1498,1,1229,170,10,1,2,Walther,,confirmed,scene voice_scene/voice_slot,
1498,2,1229,170,2,1,3,Walther,,confirmed,scene voice_scene/voice_slot,
1498,3,1229,170,3,1,4,Dylan,,confirmed,scene voice_scene/voice_slot,
1498,4,1229,170,4,1,5,Rufus,,confirmed,scene voice_scene/voice_slot,
1498,5,1229,170,5,1,6,Lezard,,confirmed,scene voice_scene/voice_slot,
1498,6,1229,170,6,1,7,Walther,,confirmed,scene voice_scene/voice_slot,
1498,7,1229,170,11,1,8,Barbarossa,,confirmed,scene voice_scene/voice_slot,
1498,8,1229,170,7,1,9,Gyne,,confirmed,scene voice_scene/voice_slot,
1498,9,1229,170,8,1,10,Barbarossa,,confirmed,scene voice_scene/voice_slot,
1498,10,1229,170,14,1,11,Barbarossa,,confirmed,scene voice_scene/voice_slot,
1498,11,1229,170,12,1,12,Walther,,confirmed,scene voice_scene/voice_slot,
1499,0,1239,180,33,1,1,Alicia,,confirmed,scene voice_scene/voice_slot,
1499,1,1239,180,1,1,2,Rufus,,confirmed,scene voice_scene/voice_slot,
1499,2,1239,180,37,1,3,Dylan,,confirmed,scene voice_scene/voice_slot,
1499,3,1239,180,2,1,4,Lezard,,confirmed,scene voice_scene/voice_slot,
1499,4,1239,180,3,1,5,Lezard,,confirmed,scene voice_scene/voice_slot,
1499,5,1239,180,41,1,6,Alicia,,confirmed,scene voice_scene/voice_slot,
1499,6,1239,180,42,1,7,Lezard,,confirmed,scene voice_scene/voice_slot,
1499,7,1239,180,38,1,8,Lezard,,confirmed,scene voice_scene/voice_slot,
1499,8,1239,180,4,1,9,Lezard,,confirmed,scene voice_scene/voice_slot,
1499,9,1239,180,5,1,10,Alicia,,confirmed,scene voice_scene/voice_slot,
1499,10,1239,180,6,1,11,Lezard,,confirmed,scene voice_scene/voice_slot,
1499,11,1239,180,7,1,12,Alicia,,confirmed,scene voice_scene/voice_slot,
1499,12,1239,180,8,1,13,Lezard,,confirmed,scene voice_scene/voice_slot,
1499,13,1239,180,9,1,14,Lezard,,confirmed,scene voice_scene/voice_slot,
1499,14,1239,180,34,1,15,Lezard,,confirmed,scene voice_scene/voice_slot,
1499,15,1239,180,11,1,16,Lezard,,confirmed,scene voice_scene/voice_slot,
1499,16,1239,180,12,1,17,Silmeria,,confirmed,scene voice_scene/voice_slot,
1499,17,1239,180,13,1,18,Silmeria,,confirmed,scene voice_scene/voice_slot,
1499,18,1239,180,14,1,19,Lezard,,confirmed,scene voice_scene/voice_slot,
1499,19,1239,180,15,1,20,Rufus,,confirmed,scene voice_scene/voice_slot,
1499,20,1239,180,16,1,21,Silmeria,,confirmed,scene voice_scene/voice_slot,
1499,21,1239,180,17,1,22,Lezard,,confirmed,scene voice_scene/voice_slot,
1499,22,1239,180,18,1,23,Lezard,,confirmed,scene voice_scene/voice_slot,
1499,23,1239,180,19,1,24,Silmeria,,confirmed,scene voice_scene/voice_slot,
1499,24,1239,180,20,1,25,Lezard,,confirmed,scene voice_scene/voice_slot,
1499,25,1239,180,25,1,26,Silmeria,,confirmed,scene voice_scene/voice_slot,
1499,26,1239,180,26,1,27,Silmeria,,confirmed,scene voice_scene/voice_slot,
1499,27,1239,180,27,1,28,Dylan,,confirmed,scene voice_scene/voice_slot,
1499,28,1239,180,28,1,29,Silmeria,,confirmed,scene voice_scene/voice_slot,
1499,29,1239,180,29,1,30,Silmeria,,confirmed,scene voice_scene/voice_slot,
1499,30,1239,180,30,1,31,Silmeria,,confirmed,scene voice_scene/voice_slot,
1499,31,1239,180,39,1,32,Lezard,,confirmed,scene voice_scene/voice_slot,
1499,32,1239,180,21,1,33,Dylan,,confirmed,scene voice_scene/voice_slot,
1499,33,1239,180,22,1,34,Rufus,,confirmed,scene voice_scene/voice_slot,
1499,34,1239,180,36,1,35,Silmeria,,confirmed,scene voice_scene/voice_slot,
1499,35,1239,180,35,1,36,Silmeria,,confirmed,scene voice_scene/voice_slot,
1499,36,1239,180,23,1,37,Rufus,,confirmed,scene voice_scene/voice_slot,
1499,37,1239,180,40,1,38,Alicia,,confirmed,scene voice_scene/voice_slot,
1499,38,1239,180,24,1,39,Lezard,,confirmed,scene voice_scene/voice_slot,
1499,39,1239,180,32,1,40,Rufus,,confirmed,scene voice_scene/voice_slot,
1499,40,1239,180,31,1,41,Lezard,,confirmed,scene voice_scene/voice_slot,
1500,0,1213,200,25,1,1,Lezard,,confirmed,scene voice_scene/voice_slot,
1500,1,1213,200,1,1,2,Dylan,,confirmed,scene voice_scene/voice_slot,
1500,2,1213,200,2,1,3,Lezard,,confirmed,scene voice_scene/voice_slot,
1500,3,1213,200,3,1,4,Lezard,,confirmed,scene voice_scene/voice_slot,
1500,4,1213,200,4,1,5,Dylan,,confirmed,scene voice_scene/voice_slot,
1500,5,1213,200,5,1,6,Alicia,,confirmed,scene voice_scene/voice_slot,
1500,6,1213,200,6,1,7,Lezard,,confirmed,scene voice_scene/voice_slot,
1500,7,1213,200,26,1,8,Alicia,,confirmed,scene voice_scene/voice_slot,
1500,8,1213,200,7,1,9,Alicia,,confirmed,scene voice_scene/voice_slot,
1500,9,1213,200,27,1,10,Alicia,,confirmed,scene voice_scene/voice_slot,
1500,10,1213,200,23,1,11,Lezard,,confirmed,scene voice_scene/voice_slot,
1500,11,1213,200,22,1,12,Lezard,,confirmed,scene voice_scene/voice_slot,
1500,12,1213,200,8,1,13,Rufus,,confirmed,scene voice_scene/voice_slot,
1500,13,1213,200,24,1,14,Lezard,,confirmed,scene voice_scene/voice_slot,
1500,14,1213,200,9,1,15,Rufus,,confirmed,scene voice_scene/voice_slot,
1500,15,1213,200,10,1,16,Silmeria,,confirmed,scene voice_scene/voice_slot,
1500,16,1213,200,11,1,17,Lezard,,confirmed,scene voice_scene/voice_slot,
1500,17,1213,200,12,1,18,Silmeria,,confirmed,scene voice_scene/voice_slot,
1500,18,1213,200,13,1,19,Silmeria,,confirmed,scene voice_scene/voice_slot,
1500,19,1213,200,14,1,20,Lezard,,confirmed,scene voice_scene/voice_slot,
1500,20,1213,200,15,1,21,Lezard,,confirmed,scene voice_scene/voice_slot,
1500,21,1213,200,16,1,22,Lezard,,confirmed,scene voice_scene/voice_slot,
1500,22,1213,200,17,1,23,Dylan,,confirmed,scene voice_scene/voice_slot,
1500,23,1213,200,18,1,24,Rufus,,confirmed,scene voice_scene/voice_slot,
1500,24,1213,200,19,1,25,Silmeria,,confirmed,scene voice_scene/voice_slot,
1500,25,1213,200,20,1,26,Lezard,,confirmed,scene voice_scene/voice_slot,
1500,26,1213,200,21,1,27,Lezard,,confirmed,scene voice_scene/voice_slot,
1501,0,1243,210,15,1,1,Rufus,,confirmed,scene voice_scene/voice_slot,
1501,1,1243,210,1,1,2,Lezard,,confirmed,scene voice_scene/voice_slot,
1501,2,1243,210,19,1,3,Rufus,,confirmed,scene voice_scene/voice_slot,
1501,3,1243,210,2,1,4,Lezard,,confirmed,scene voice_scene/voice_slot,
1501,4,1243,210,18,1,5,Lezard,,confirmed,scene voice_scene/voice_slot,
1501,5,1243,210,24,1,6,Rufus,,confirmed,scene voice_scene/voice_slot,
1501,6,1243,210,4,1,7,Lezard,,confirmed,scene voice_scene/voice_slot,
1501,7,1243,210,5,1,8,Silmeria,,confirmed,scene voice_scene/voice_slot,
1501,8,1243,210,21,1,9,Rufus,,confirmed,scene voice_scene/voice_slot,
1501,9,1243,210,6,1,10,Lezard,,confirmed,scene voice_scene/voice_slot,
1501,10,1243,210,7,1,11,Rufus,,confirmed,scene voice_scene/voice_slot,
1501,11,1243,210,16,1,12,Silmeria,,confirmed,scene voice_scene/voice_slot,
1501,12,1243,210,22,1,13,Silmeria,,confirmed,scene voice_scene/voice_slot,
1501,13,1243,210,8,1,14,Rufus,,confirmed,scene voice_scene/voice_slot,
1501,14,1243,210,20,1,15,Silmeria,,confirmed,scene voice_scene/voice_slot,
1501,15,1243,210,11,1,16,Alicia,,confirmed,scene voice_scene/voice_slot,
1501,16,1243,210,9,1,17,Silmeria,,confirmed,scene voice_scene/voice_slot,
1501,17,1243,210,10,1,18,Alicia,,confirmed,scene voice_scene/voice_slot,
1501,18,1243,210,23,1,19,Dylan,,confirmed,scene voice_scene/voice_slot,
1501,19,1243,210,12,1,20,Alicia,,confirmed,scene voice_scene/voice_slot,
1501,20,1243,210,13,1,21,Alicia,,confirmed,scene voice_scene/voice_slot,
1502,0,1245,220,30,1,1,Rufus,,confirmed,scene voice_scene/voice_slot,
1502,1,1245,220,1,1,2,Rufus,,confirmed,scene voice_scene/voice_slot,
1502,2,1245,220,2,1,3,Lezard,,confirmed,scene voice_scene/voice_slot,
1502,3,1245,220,3,1,4,Lezard,,confirmed,scene voice_scene/voice_slot,
1502,4,1245,220,4,1,5,Lezard,,confirmed,scene voice_scene/voice_slot,
1502,5,1245,220,5,1,6,Alicia,,confirmed,scene voice_scene/voice_slot,
1502,6,1245,220,6,1,7,Lezard,,confirmed,scene voice_scene/voice_slot,
1502,7,1245,220,31,1,8,Lezard,,confirmed,scene voice_scene/voice_slot,
1502,8,1245,220,7,1,9,Lezard,,confirmed,scene voice_scene/voice_slot,
1502,9,1245,220,8,1,10,Arngrim,,confirmed,scene voice_scene/voice_slot,
1502,10,1245,220,9,1,11,Dylan,,confirmed,scene voice_scene/voice_slot,
1502,11,1245,220,10,1,12,Arngrim,,confirmed,scene voice_scene/voice_slot,
1502,12,1245,220,11,1,13,Arngrim,,confirmed,scene voice_scene/voice_slot,
1502,13,1245,220,12,1,14,Leone,,confirmed,scene voice_scene/voice_slot,
1502,14,1245,220,32,1,15,Leone,,confirmed,scene voice_scene/voice_slot,
1502,15,1245,220,13,1,16,Arngrim,,confirmed,scene voice_scene/voice_slot,
1502,16,1245,220,14,1,17,Dylan,,confirmed,scene voice_scene/voice_slot,
1502,17,1245,220,15,1,18,Arngrim,,confirmed,scene voice_scene/voice_slot,
1502,18,1245,220,16,1,19,Dylan,,confirmed,scene voice_scene/voice_slot,
1502,19,1245,220,17,1,20,Dylan,,confirmed,scene voice_scene/voice_slot,
1502,20,1245,220,18,1,21,Leone,,confirmed,scene voice_scene/voice_slot,
1502,21,1245,220,33,1,22,Leone,,confirmed,scene voice_scene/voice_slot,
1502,22,1245,220,19,1,23,Leone,,confirmed,scene voice_scene/voice_slot,
1502,23,1245,220,20,1,24,Leone,,confirmed,scene voice_scene/voice_slot,
1502,24,1245,220,21,1,25,Leone,,confirmed,scene voice_scene/voice_slot,
1502,25,1245,220,22,1,26,Arngrim,,confirmed,scene voice_scene/voice_slot,
1502,26,1245,220,34,1,27,Dylan,,confirmed,scene voice_scene/voice_slot,
1502,27,1245,220,24,1,28,Alicia,,confirmed,scene voice_scene/voice_slot,
1502,28,1245,220,25,1,29,Alicia,,confirmed,scene voice_scene/voice_slot,
1502,29,1245,220,26,1,30,Dylan,,confirmed,scene voice_scene/voice_slot,
1502,30,1245,220,27,1,31,Rufus,,confirmed,scene voice_scene/voice_slot,
1502,31,1245,220,28,1,32,Dylan,,confirmed,scene voice_scene/voice_slot,
1502,32,1245,220,35,1,33,Rufus,,confirmed,scene voice_scene/voice_slot,
1503,0,1247,230,,,,,,unmapped,,no subtitle record
1503,1,1247,230,32,1,1,Dylan,,confirmed,scene voice_scene/voice_slot,
1503,2,1247,230,3,1,2,Rufus,,confirmed,scene voice_scene/voice_slot,
1503,3,1247,230,38,1,3,Rufus,,confirmed,scene voice_scene/voice_slot,
1503,4,1247,230,5,2,1,Lezard,,confirmed,scene voice_scene/voice_slot,
1503,5,1247,230,6,2,2,Leone,,confirmed,scene voice_scene/voice_slot,
1503,6,1247,230,7,2,3,Arngrim,,confirmed,scene voice_scene/voice_slot,
1503,7,1247,230,8,2,4,Dylan,,confirmed,scene voice_scene/voice_slot,
1503,8,1247,230,9,2,5,Alicia,,confirmed,scene voice_scene/voice_slot,
1503,9,1247,230,10,2,6,Alicia,,confirmed,scene voice_scene/voice_slot,
1503,10,1247,230,11,2,7,Lezard,,confirmed,scene voice_scene/voice_slot,
1503,11,1247,230,12,2,8,Lezard,,confirmed,scene voice_scene/voice_slot,
1503,12,1247,230,13,2,9,Silmeria,,confirmed,scene voice_scene/voice_slot,
1503,13,1247,230,14,2,10,Rufus,,confirmed,scene voice_scene/voice_slot,
1503,14,1247,230,33,2,11,Leone,,confirmed,scene voice_scene/voice_slot,
1503,15,1247,230,16,2,12,Leone,,confirmed,scene voice_scene/voice_slot,
1503,16,1247,230,17,2,13,Silmeria,,confirmed,scene voice_scene/voice_slot,
1503,17,1247,230,18,2,14,Arngrim,,confirmed,scene voice_scene/voice_slot,
1503,18,1247,230,19,2,15,Leone,,confirmed,scene voice_scene/voice_slot,
1503,19,1247,230,20,2,16,Leone,,confirmed,scene voice_scene/voice_slot,
1503,20,1247,230,34,2,17,Silmeria,,confirmed,scene voice_scene/voice_slot,
1503,21,1247,230,35,2,18,Arngrim,,confirmed,scene voice_scene/voice_slot,
1503,22,1247,230,22,2,19,Silmeria,,confirmed,scene voice_scene/voice_slot,
1503,23,1247,230,23,2,20,Silmeria,,confirmed,scene voice_scene/voice_slot,
1503,24,1247,230,36,2,21,Leone,,confirmed,scene voice_scene/voice_slot,
1503,25,1247,230,30,2,22,Leone,,confirmed,scene voice_scene/voice_slot,
1503,26,1247,230,37,2,23,Silmeria,,confirmed,scene voice_scene/voice_slot,
1503,27,1247,230,25,2,24,Leone,,confirmed,scene voice_scene/voice_slot,
1503,28,1247,230,26,2,25,Leone,,confirmed,scene voice_scene/voice_slot,
1503,29,1247,230,27,2,26,Rufus,,confirmed,scene voice_scene/voice_slot,
1503,30,1247,230,28,2,27,Silmeria,,confirmed,scene voice_scene/voice_slot,
1503,31,1247,230,29,2,28,Alicia,,confirmed,scene voice_scene/voice_slot,
1504,0,1243,240,2654,2,1,Rufus,,confirmed,scene voice_scene/voice_slot,
1504,1,1243,240,2655,2,2,Arngrim,,confirmed,scene voice_scene/voice_slot,
1504,2,1243,240,2656,2,3,Dylan,,confirmed,scene voice_scene/voice_slot,
1504,3,1243,240,2657,2,4,Arngrim,,confirmed,scene voice_scene/voice_slot,
1504,4,1243,240,2658,2,5,Leone,,confirmed,scene voice_scene/voice_slot,
1504,5,1243,240,2683,2,6,Leone,,confirmed,scene voice_scene/voice_slot,
1504,6,1243,240,2677,2,7,Leone,,confirmed,scene voice_scene/voice_slot,
1504,7,1243,240,2659,2,8,Leone,,confirmed,scene voice_scene/voice_slot,
1504,8,1243,240,2678,2,9,Arngrim,,confirmed,scene voice_scene/voice_slot,
1504,9,1243,240,2686,2,10,Leone,,confirmed,scene voice_scene/voice_slot,
1504,10,1243,240,2682,2,11,Arngrim,,confirmed,scene voice_scene/voice_slot,
1504,11,1243,240,2662,2,12,Leone,,confirmed,scene voice_scene/voice_slot,
1504,12,1243,240,2663,2,13,Lezard,,confirmed,scene voice_scene/voice_slot,
1504,13,1243,240,2664,2,14,Leone,,confirmed,scene voice_scene/voice_slot,
1504,14,1243,240,2665,2,15,Alicia,,confirmed,scene voice_scene/voice_slot,
1504,15,1243,240,2666,2,16,Leone,,confirmed,scene voice_scene/voice_slot,
1504,16,1243,240,2667,2,17,Leone,,confirmed,scene voice_scene/voice_slot,
1504,17,1243,240,2668,2,18,Leone,,confirmed,scene voice_scene/voice_slot,
1504,18,1243,240,2669,2,19,Silmeria,,confirmed,scene voice_scene/voice_slot,
1504,19,1243,240,2670,2,20,Leone,,confirmed,scene voice_scene/voice_slot,
1504,20,1243,240,2679,2,21,Arngrim,,confirmed,scene voice_scene/voice_slot,
1504,21,1243,240,2685,2,22,Silmeria,,confirmed,scene voice_scene/voice_slot,
1504,22,1243,240,2671,2,23,Silmeria,,confirmed,scene voice_scene/voice_slot,
1504,23,1243,240,2672,2,24,Rufus,,confirmed,scene voice_scene/voice_slot,
1504,24,1243,240,2673,2,25,Leone,,confirmed,scene voice_scene/voice_slot,
1504,25,1243,240,2674,2,26,Rufus,,confirmed,scene voice_scene/voice_slot,
1504,26,1243,240,2675,2,27,Dylan,,confirmed,scene voice_scene/voice_slot,
1504,27,1243,240,2680,2,28,Dylan,,confirmed,scene voice_scene/voice_slot,
1504,28,1243,240,2676,2,29,Arngrim,,confirmed,scene voice_scene/voice_slot,
1504,29,1243,240,2681,2,30,Silmeria,,confirmed,scene voice_scene/voice_slot,
1505,0,1253,250,17,1,1,Leone,,confirmed,scene voice_scene/voice_slot,
1505,1,1253,250,1,1,2,Alicia,,confirmed,scene voice_scene/voice_slot,
1505,2,1253,250,18,1,3,Leone,,confirmed,scene voice_scene/voice_slot,
1505,3,1253,250,19,1,4,Alicia,,confirmed,scene voice_scene/voice_slot,
1505,4,1253,250,2,1,5,Alicia,,confirmed,scene voice_scene/voice_slot,
1505,5,1253,250,3,1,6,Arngrim,,confirmed,scene voice_scene/voice_slot,
1505,6,1253,250,4,1,7,Alicia,,confirmed,scene voice_scene/voice_slot,
1505,7,1253,250,5,1,8,Leone,,confirmed,scene voice_scene/voice_slot,
1505,8,1253,250,20,1,9,Alicia,,confirmed,scene voice_scene/voice_slot,
1505,9,1253,250,6,1,10,Alicia,,confirmed,scene voice_scene/voice_slot,
1505,10,1253,250,7,1,11,Arngrim,,confirmed,scene voice_scene/voice_slot,
1505,11,1253,250,8,1,12,Rufus,,confirmed,scene voice_scene/voice_slot,
1505,12,1253,250,9,1,13,Arngrim,,confirmed,scene voice_scene/voice_slot,
1505,13,1253,250,10,1,14,Rufus,,confirmed,scene voice_scene/voice_slot,
1505,14,1253,250,11,1,15,Rufus,,confirmed,scene voice_scene/voice_slot,
1505,15,1253,250,21,1,16,Arngrim,,confirmed,scene voice_scene/voice_slot,
1505,16,1253,250,13,1,17,Dylan,,confirmed,scene voice_scene/voice_slot,
1505,17,1253,250,14,1,18,Leone,,confirmed,scene voice_scene/voice_slot,
1505,18,1253,250,22,1,19,Leone,,confirmed,scene voice_scene/voice_slot,
1505,19,1253,250,16,1,20,Leone,,confirmed,scene voice_scene/voice_slot,
1506,0,1255,260,36,1,1,Rufus,,confirmed,scene voice_scene/voice_slot,
1506,1,1255,260,2,1,2,Alicia,,confirmed,scene voice_scene/voice_slot,
1506,2,1255,260,3,1,3,Silmeria,,confirmed,scene voice_scene/voice_slot,
1506,3,1255,260,4,1,4,Dylan,,confirmed,scene voice_scene/voice_slot,
1506,4,1255,260,5,1,5,Lezard,,confirmed,scene voice_scene/voice_slot,
1506,5,1255,260,33,1,6,Rufus,,confirmed,scene voice_scene/voice_slot,
1506,6,1255,260,24,1,7,Rufus,,confirmed,scene voice_scene/voice_slot,
1506,7,1255,260,6,1,8,Lezard,,confirmed,scene voice_scene/voice_slot,
1506,8,1255,260,35,1,9,Rufus,,confirmed,scene voice_scene/voice_slot,
1506,9,1255,260,7,1,10,Rufus,,confirmed,scene voice_scene/voice_slot,
1506,10,1255,260,34,1,11,Alicia,,confirmed,scene voice_scene/voice_slot,
1506,11,1255,260,28,1,12,Rufus,,confirmed,scene voice_scene/voice_slot,
1506,12,1255,260,9,1,13,Rufus,,confirmed,scene voice_scene/voice_slot,
1506,13,1255,260,10,1,14,Dylan,,confirmed,scene voice_scene/voice_slot,
1506,14,1255,260,11,1,15,Rufus,,confirmed,scene voice_scene/voice_slot,
1506,15,1255,260,12,1,16,Rufus,,confirmed,scene voice_scene/voice_slot,
1506,16,1255,260,13,1,17,Silmeria,,confirmed,scene voice_scene/voice_slot,
1506,17,1255,260,14,1,18,Dylan,,confirmed,scene voice_scene/voice_slot,
1506,18,1255,260,15,1,19,Silmeria,,confirmed,scene voice_scene/voice_slot,
1506,19,1255,260,29,1,20,Silmeria,,confirmed,scene voice_scene/voice_slot,
1506,20,1255,260,17,1,21,Rufus,,confirmed,scene voice_scene/voice_slot,
1506,21,1255,260,30,1,22,Rufus,,confirmed,scene voice_scene/voice_slot,
1506,22,1255,260,18,1,23,Rufus,,confirmed,scene voice_scene/voice_slot,
1506,23,1255,260,19,1,24,Rufus,,confirmed,scene voice_scene/voice_slot,
1506,24,1255,260,20,1,25,Dylan,,confirmed,scene voice_scene/voice_slot,
1506,25,1255,260,21,1,26,Dylan,,confirmed,scene voice_scene/voice_slot,
1506,26,1255,260,22,1,27,Lezard,,confirmed,scene voice_scene/voice_slot,
1506,27,1255,260,23,1,28,Rufus,,confirmed,scene voice_scene/voice_slot,
1506,28,1255,260,31,1,29,Silmeria,,confirmed,scene voice_scene/voice_slot,
1506,29,1255,260,37,1,30,Leone,,confirmed,scene voice_scene/voice_slot,
1507,0,1261,270,1,1,1,Alicia,,confirmed,scene voice_scene/voice_slot,
1507,1,1261,270,3,1,2,Rufus,,confirmed,scene voice_scene/voice_slot,
1507,2,1261,270,2,1,3,Alicia,,confirmed,scene voice_scene/voice_slot,
1507,3,1261,270,10,1,4,Alicia,,confirmed,scene voice_scene/voice_slot,
1507,4,1261,270,19,1,5,Alicia,,confirmed,scene voice_scene/voice_slot,
1507,5,1261,270,9,1,6,Alicia,,confirmed,scene voice_scene/voice_slot,
1507,6,1261,270,11,1,7,Rufus,,confirmed,scene voice_scene/voice_slot,
1507,7,1261,270,12,1,8,Rufus,,confirmed,scene voice_scene/voice_slot,
1507,8,1261,270,4,1,9,Alicia,,confirmed,scene voice_scene/voice_slot,
1507,9,1261,270,13,1,10,Alicia,,confirmed,scene voice_scene/voice_slot,
1507,10,1261,270,5,1,11,Alicia,,confirmed,scene voice_scene/voice_slot,
1507,11,1261,270,6,1,12,Alicia,,confirmed,scene voice_scene/voice_slot,
1507,12,1261,270,7,1,13,Rufus,,confirmed,scene voice_scene/voice_slot,
1507,13,1261,270,15,1,14,Alicia,,confirmed,scene voice_scene/voice_slot,
1507,14,1261,270,14,1,15,Rufus,,confirmed,scene voice_scene/voice_slot,
1507,15,1261,270,8,1,16,Alicia,,confirmed,scene voice_scene/voice_slot,
1507,16,1261,270,16,1,17,Rufus,,confirmed,scene voice_scene/voice_slot,
1507,17,1261,270,18,1,18,Rufus,,confirmed,scene voice_scene/voice_slot,
1508,0,1263,280,10,1,1,Silmeria,,confirmed,scene voice_scene/voice_slot,
1508,1,1263,280,1,1,2,Leone,,confirmed,scene voice_scene/voice_slot,
1508,2,1263,280,2,1,3,Alicia,,confirmed,scene voice_scene/voice_slot,
1508,3,1263,280,14,1,4,Leone,,confirmed,scene voice_scene/voice_slot,
1508,4,1263,280,15,1,5,Leone,,confirmed,scene voice_scene/voice_slot,
1508,5,1263,280,13,1,6,Arngrim,,confirmed,scene voice_scene/voice_slot,
1508,6,1263,280,12,1,7,Arngrim,,confirmed,scene voice_scene/voice_slot,
1508,7,1263,280,4,1,8,Leone,,confirmed,scene voice_scene/voice_slot,
1508,8,1263,280,5,1,9,Leone,,confirmed,scene voice_scene/voice_slot,
1508,9,1263,280,6,1,10,Arngrim,,confirmed,scene voice_scene/voice_slot,
1508,10,1263,280,7,1,11,Alicia,,confirmed,scene voice_scene/voice_slot,
1508,11,1263,280,16,1,12,Leone,,confirmed,scene voice_scene/voice_slot,
1508,12,1263,280,8,1,13,Leone,,confirmed,scene voice_scene/voice_slot,
1508,13,1263,280,18,1,14,Alicia,,confirmed,scene voice_scene/voice_slot,
1508,14,1263,280,9,1,15,Lezard,,confirmed,scene voice_scene/voice_slot,
1508,15,1263,280,17,1,16,Alicia,,confirmed,scene voice_scene/voice_slot,
1509,0,1335,290,1,1,1,Rufus,,confirmed,scene voice_scene/voice_slot,
1509,1,1335,290,47,1,2,Arngrim,,confirmed,scene voice_scene/voice_slot,
1509,2,1335,290,48,1,3,Dylan,,confirmed,scene voice_scene/voice_slot,
1509,3,1335,290,3,1,4,Leone,,confirmed,scene voice_scene/voice_slot,
1509,4,1335,290,19,1,5,Silmeria,,confirmed,scene voice_scene/voice_slot,
1509,5,1335,290,49,1,6,Leone,,confirmed,scene voice_scene/voice_slot,
1509,6,1335,290,5,1,7,Leone,,confirmed,scene voice_scene/voice_slot,
1509,7,1335,290,6,1,8,Silmeria,,confirmed,scene voice_scene/voice_slot,
1509,8,1335,290,7,1,9,Silmeria,,confirmed,scene voice_scene/voice_slot,
1509,9,1335,290,8,1,10,Lezard,,confirmed,scene voice_scene/voice_slot,
1509,10,1335,290,20,1,11,Silmeria,,confirmed,scene voice_scene/voice_slot,
1509,11,1335,290,10,1,12,Silmeria,,confirmed,scene voice_scene/voice_slot,
1509,12,1335,290,11,1,13,Leone,,confirmed,scene voice_scene/voice_slot,
1509,13,1335,290,12,1,14,Silmeria,,confirmed,scene voice_scene/voice_slot,
1509,14,1335,290,13,1,15,Silmeria,,confirmed,scene voice_scene/voice_slot,
1509,15,1335,290,14,1,16,Rufus,,confirmed,scene voice_scene/voice_slot,
1509,16,1335,290,15,1,17,Silmeria,,confirmed,scene voice_scene/voice_slot,
1509,17,1335,290,16,1,18,Leone,,confirmed,scene voice_scene/voice_slot,
1509,18,1335,290,18,1,19,Silmeria,,confirmed,scene voice_scene/voice_slot,
1509,19,1335,290,17,1,20,Silmeria,,confirmed,scene voice_scene/voice_slot,
1509,20,1335,290,21,1,21,Silmeria,,confirmed,scene voice_scene/voice_slot,
1509,21,1335,290,23,1,22,Leone,,confirmed,scene voice_scene/voice_slot,
1509,22,1335,290,25,1,23,Leone,,confirmed,scene voice_scene/voice_slot,
1509,23,1335,290,26,1,24,Alicia,,confirmed,scene voice_scene/voice_slot,
1509,24,1335,290,27,1,25,Leone,,confirmed,scene voice_scene/voice_slot,
1509,25,1335,290,28,1,26,Alicia,,confirmed,scene voice_scene/voice_slot,
1509,26,1335,290,29,1,27,Alicia,,confirmed,scene voice_scene/voice_slot,
1509,27,1335,290,31,1,28,Leone,,confirmed,scene voice_scene/voice_slot,
1509,28,1335,290,33,1,29,Leone,,confirmed,scene voice_scene/voice_slot,
1509,29,1335,290,34,1,30,Alicia,,confirmed,scene voice_scene/voice_slot,
1509,30,1335,290,35,1,31,Alicia,,confirmed,scene voice_scene/voice_slot,
1509,31,1335,290,36,1,32,Leone,,confirmed,scene voice_scene/voice_slot,
1509,32,1335,290,37,1,33,Alicia,,confirmed,scene voice_scene/voice_slot,
1509,33,1335,290,39,1,34,Leone,,confirmed,scene voice_scene/voice_slot,
1509,34,1335,290,40,1,35,Alicia,,confirmed,scene voice_scene/voice_slot,
1509,35,1335,290,42,1,36,Alicia,,confirmed,scene voice_scene/voice_slot,
1509,36,1335,290,43,1,37,Alicia,,confirmed,scene voice_scene/voice_slot,
1509,37,1335,290,44,1,38,Leone,,confirmed,scene voice_scene/voice_slot,
1509,38,1335,290,45,1,39,Leone,,confirmed,scene voice_scene/voice_slot,
1509,39,1335,290,46,1,40,Alicia,,confirmed,scene voice_scene/voice_slot,
1510,0,1335,300,2737,2,1,Arngrim,,confirmed,scene voice_scene/voice_slot,
1510,1,1335,300,2714,2,2,Dylan,,confirmed,scene voice_scene/voice_slot,
1510,2,1335,300,2739,2,3,Dylan,,confirmed,scene voice_scene/voice_slot,
1510,3,1335,300,2734,2,4,Dylan,,confirmed,scene voice_scene/voice_slot,
1510,4,1335,300,2716,2,5,Alicia,,confirmed,scene voice_scene/voice_slot,
1510,5,1335,300,2717,2,6,Rufus,,confirmed,scene voice_scene/voice_slot,
1510,6,1335,300,2735,2,7,Dylan,,confirmed,scene voice_scene/voice_slot,
1510,7,1335,300,2719,2,8,Arngrim,,confirmed,scene voice_scene/voice_slot,
1510,8,1335,300,2720,2,9,Dylan,,confirmed,scene voice_scene/voice_slot,
1510,9,1335,300,2721,2,10,Arngrim,,confirmed,scene voice_scene/voice_slot,
1510,10,1335,300,2722,2,11,Dylan,,confirmed,scene voice_scene/voice_slot,
1510,11,1335,300,2723,2,12,Dylan,,confirmed,scene voice_scene/voice_slot,
1510,12,1335,300,2724,2,13,Dylan,,confirmed,scene voice_scene/voice_slot,
1510,13,1335,300,2738,2,14,Rufus,,confirmed,scene voice_scene/voice_slot,
1510,14,1335,300,2725,2,15,Dylan,,confirmed,scene voice_scene/voice_slot,
1510,15,1335,300,2726,2,16,Arngrim,,confirmed,scene voice_scene/voice_slot,
1510,16,1335,300,2727,2,17,Rufus,,confirmed,scene voice_scene/voice_slot,
1510,17,1335,300,2728,2,18,Rufus,,confirmed,scene voice_scene/voice_slot,
1510,18,1335,300,2736,2,19,Arngrim,,confirmed,scene voice_scene/voice_slot,
1510,19,1335,300,2730,2,20,Dylan,,confirmed,scene voice_scene/voice_slot,
1510,20,1335,300,2731,2,21,Arngrim,,confirmed,scene voice_scene/voice_slot,
1510,21,1335,300,2732,2,22,Arngrim,,confirmed,scene voice_scene/voice_slot,
1510,22,1335,300,2733,2,23,Dylan,,confirmed,scene voice_scene/voice_slot,
1511,0,1275,310,1,1,1,Silmeria,,confirmed,scene voice_scene/voice_slot,
1511,1,1275,310,2,1,2,Undead,,confirmed,scene voice_scene/voice_slot,
1511,2,1275,310,3,1,3,Undead,,confirmed,scene voice_scene/voice_slot,
1511,3,1275,310,4,1,4,Silmeria,,confirmed,scene voice_scene/voice_slot,
1511,4,1275,310,5,1,5,Arngrim,,confirmed,scene voice_scene/voice_slot,
1511,5,1275,310,6,1,6,Rufus,,confirmed,scene voice_scene/voice_slot,
1511,6,1275,310,7,1,7,Leone,,confirmed,scene voice_scene/voice_slot,
1511,7,1275,310,8,1,8,Leone,,confirmed,scene voice_scene/voice_slot,
1511,8,1275,310,15,1,9,Dylan,,confirmed,scene voice_scene/voice_slot,
1511,9,1275,310,10,1,10,Freya,,confirmed,scene voice_scene/voice_slot,
1511,10,1275,310,16,1,11,Odin,,confirmed,scene voice_scene/voice_slot,
1511,11,1275,310,11,1,12,Odin,,confirmed,scene voice_scene/voice_slot,
1511,12,1275,310,12,1,13,Freya,,confirmed,scene voice_scene/voice_slot,
1511,13,1275,310,13,1,14,Odin,,confirmed,scene voice_scene/voice_slot,
1511,14,1275,310,14,1,15,Odin,,confirmed,scene voice_scene/voice_slot,
1512,0,1277,320,1,1,1,Rufus,,confirmed,scene voice_scene/voice_slot,
1512,1,1277,320,2,1,2,Rufus,,confirmed,scene voice_scene/voice_slot,
1512,2,1277,320,3,1,3,Dylan,,confirmed,scene voice_scene/voice_slot,
1512,3,1277,320,4,1,4,Silmeria,,confirmed,scene voice_scene/voice_slot,
1512,4,1277,320,5,1,5,Silmeria,,confirmed,scene voice_scene/voice_slot,
1512,5,1277,320,6,1,6,Dylan,,confirmed,scene voice_scene/voice_slot,
1512,6,1277,320,43,1,7,Leone,,confirmed,scene voice_scene/voice_slot,
1512,7,1277,320,7,1,8,Leone,,confirmed,scene voice_scene/voice_slot,
1512,8,1277,320,8,1,9,Alicia,,confirmed,scene voice_scene/voice_slot,
1512,9,1277,320,55,1,10,Leone,,confirmed,scene voice_scene/voice_slot,
1512,10,1277,320,9,1,11,Alicia,,confirmed,scene voice_scene/voice_slot,
1512,11,1277,320,10,1,12,Alicia,,confirmed,scene voice_scene/voice_slot,
1512,12,1277,320,11,1,13,Arngrim,,confirmed,scene voice_scene/voice_slot,
1512,13,1277,320,12,1,14,Dylan,,confirmed,scene voice_scene/voice_slot,
1512,14,1277,320,13,1,15,Arngrim,,confirmed,scene voice_scene/voice_slot,
1512,15,1277,320,14,1,16,Hrist,,confirmed,scene voice_scene/voice_slot,
1512,16,1277,320,15,1,17,Arngrim,,confirmed,scene voice_scene/voice_slot,
1512,17,1277,320,16,1,18,Dylan,,confirmed,scene voice_scene/voice_slot,
1512,18,1277,320,17,1,19,Silmeria,,confirmed,scene voice_scene/voice_slot,
1512,19,1277,320,44,1,20,Arngrim,,confirmed,scene voice_scene/voice_slot,
1512,20,1277,320,56,1,21,Dylan,,confirmed,scene voice_scene/voice_slot,
1512,21,1277,320,18,1,22,Arngrim,,confirmed,scene voice_scene/voice_slot,
1512,22,1277,320,19,1,23,Arngrim,,confirmed,scene voice_scene/voice_slot,
1512,23,1277,320,20,1,24,Hrist,,confirmed,scene voice_scene/voice_slot,
1512,24,1277,320,21,1,25,Hrist,,confirmed,scene voice_scene/voice_slot,
1512,25,1277,320,22,1,26,Arngrim,,confirmed,scene voice_scene/voice_slot,
1512,26,1277,320,23,1,27,Silmeria,,confirmed,scene voice_scene/voice_slot,
1512,27,1277,320,24,1,28,Silmeria,,confirmed,scene voice_scene/voice_slot,
1512,28,1277,320,25,1,29,Hrist,,confirmed,scene voice_scene/voice_slot,
1512,29,1277,320,26,1,30,Silmeria,,confirmed,scene voice_scene/voice_slot,
1512,30,1277,320,27,1,31,Hrist,,confirmed,scene voice_scene/voice_slot,
1512,31,1277,320,28,1,32,Hrist,,confirmed,scene voice_scene/voice_slot,
1512,32,1277,320,29,1,33,Hrist,,confirmed,scene voice_scene/voice_slot,
1512,33,1277,320,30,1,34,Arngrim,,confirmed,scene voice_scene/voice_slot,
1512,34,1277,320,31,1,35,Rufus,,confirmed,scene voice_scene/voice_slot,
1512,35,1277,320,32,1,36,Silmeria,,confirmed,scene voice_scene/voice_slot,
1512,36,1277,320,33,1,37,Silmeria,,confirmed,scene voice_scene/voice_slot,
1512,37,1277,320,34,1,38,Silmeria,,confirmed,scene voice_scene/voice_slot,
1512,38,1277,320,35,1,39,Silmeria,,confirmed,scene voice_scene/voice_slot,
1512,39,1277,320,36,1,40,Rufus,,confirmed,scene voice_scene/voice_slot,
1512,40,1277,320,37,1,41,Dylan,,confirmed,scene voice_scene/voice_slot,
1512,41,1277,320,57,1,42,Lezard,,confirmed,scene voice_scene/voice_slot,
1512,42,1277,320,38,1,43,Lezard,,confirmed,scene voice_scene/voice_slot,
1512,43,1277,320,39,1,44,Lezard,,confirmed,scene voice_scene/voice_slot,
1512,44,1277,320,53,1,45,Alicia,,confirmed,scene voice_scene/voice_slot,
1512,45,1277,320,52,1,46,Alicia,,confirmed,scene voice_scene/voice_slot,
1512,46,1277,320,40,1,47,Silmeria,,confirmed,scene voice_scene/voice_slot,
1512,47,1277,320,41,1,48,Silmeria,,confirmed,scene voice_scene/voice_slot,
1512,48,1277,320,54,1,49,Lezard,,confirmed,scene voice_scene/voice_slot,
1512,49,1277,320,45,1,50,Rufus,,confirmed,scene voice_scene/voice_slot,
1512,50,1277,320,46,1,51,Lezard,,confirmed,scene voice_scene/voice_slot,
1512,51,1277,320,47,1,52,Dylan,,confirmed,scene voice_scene/voice_slot,
1512,52,1277,320,48,1,53,Silmeria,,confirmed,scene voice_scene/voice_slot,
1512,53,1277,320,49,1,54,Dylan,,confirmed,scene voice_scene/voice_slot,
1512,54,1277,320,50,1,55,Rufus,,confirmed,scene voice_scene/voice_slot,
1512,55,1277,320,51,1,56,Silmeria,,confirmed,scene voice_scene/voice_slot,
1512,56,1277,320,42,1,57,Alicia,,confirmed,scene voice_scene/voice_slot,
1513,0,1299,331,2134,5,1,Odin,,confirmed,scene voice_scene/voice_slot,
1513,1,1299,331,2135,5,2,Odin,,confirmed,scene voice_scene/voice_slot,
1513,2,1299,331,2136,5,3,Odin,,confirmed,scene voice_scene/voice_slot,
1513,3,1299,331,2137,5,4,Hrist,,confirmed,scene voice_scene/voice_slot,
1513,4,1299,331,2138,5,5,Odin,,confirmed,scene voice_scene/voice_slot,
1513,5,1299,331,2164,5,6,Odin,,confirmed,scene voice_scene/voice_slot,
1513,6,1299,331,2140,5,7,Odin,,confirmed,scene voice_scene/voice_slot,
1513,7,1299,331,2141,5,8,Hrist,,confirmed,scene voice_scene/voice_slot,
1513,8,1299,331,2165,5,9,Hrist,,confirmed,scene voice_scene/voice_slot,
1513,9,1299,331,2143,5,10,Odin,,confirmed,scene voice_scene/voice_slot,
1513,10,1299,331,2163,5,11,Hrist,,confirmed,scene voice_scene/voice_slot,
1513,11,1299,331,2161,5,12,Freya,,confirmed,scene voice_scene/voice_slot,
1513,12,1299,331,2144,5,13,Hrist,,confirmed,scene voice_scene/voice_slot,
1513,13,1299,331,2145,5,14,Freya,,confirmed,scene voice_scene/voice_slot,
1513,14,1299,331,2146,5,15,Freya,,confirmed,scene voice_scene/voice_slot,
1513,15,1299,331,2147,5,16,Odin,,confirmed,scene voice_scene/voice_slot,
1513,16,1299,331,2148,5,17,Hrist,,confirmed,scene voice_scene/voice_slot,
1513,17,1299,331,2149,5,18,Odin,,confirmed,scene voice_scene/voice_slot,
1513,18,1299,331,2150,5,19,Odin,,confirmed,scene voice_scene/voice_slot,
1513,19,1299,331,2151,5,20,Odin,,confirmed,scene voice_scene/voice_slot,
1513,20,1299,331,2167,5,21,Odin,,confirmed,scene voice_scene/voice_slot,
1513,21,1299,331,2160,5,22,Freya,,confirmed,scene voice_scene/voice_slot,
1513,22,1299,331,2162,5,23,Hrist,,confirmed,scene voice_scene/voice_slot,
1513,23,1299,331,2168,5,24,Freya,,confirmed,scene voice_scene/voice_slot,
1513,24,1299,331,2166,5,25,Freya,,confirmed,scene voice_scene/voice_slot,
1513,25,1299,331,2154,5,26,Odin,,confirmed,scene voice_scene/voice_slot,
1513,26,1299,331,2155,5,27,Odin,,confirmed,scene voice_scene/voice_slot,
1513,27,1299,331,2156,5,28,Odin,,confirmed,scene voice_scene/voice_slot,
1513,28,1299,331,2157,5,29,Freya,,confirmed,scene voice_scene/voice_slot,
1513,29,1299,331,2158,5,30,Freya,,confirmed,scene voice_scene/voice_slot,
1513,30,1299,331,2159,5,31,Odin,,confirmed,scene voice_scene/voice_slot,
1514,0,1303,332,1,1,1,Hrist,,confirmed,scene voice_scene/voice_slot,
1515,0,1269,800,1,1,1,Leone,,confirmed,scene voice_scene/voice_slot,
1515,1,1269,800,8,1,2,Alicia,,confirmed,scene voice_scene/voice_slot,
1515,2,1269,800,2,1,3,Leone,,confirmed,scene voice_scene/voice_slot,
1515,3,1269,800,3,1,4,Alicia,,confirmed,scene voice_scene/voice_slot,
1515,4,1269,800,12,1,5,Alicia,,confirmed,scene voice_scene/voice_slot,
1515,5,1269,800,10,1,6,Alicia,,confirmed,scene voice_scene/voice_slot,
1515,6,1269,800,9,1,7,Leone,,confirmed,scene voice_scene/voice_slot,
1515,7,1269,800,11,1,8,Alicia,,confirmed,scene voice_scene/voice_slot,
1515,8,1269,800,4,1,9,Alicia,,confirmed,scene voice_scene/voice_slot,
1515,9,1269,800,13,1,10,Alicia,,confirmed,scene voice_scene/voice_slot,
1515,10,1269,800,14,1,11,Leone,,confirmed,scene voice_scene/voice_slot,
1515,11,1269,800,7,1,12,Leone,,confirmed,scene voice_scene/voice_slot,
1516,0,1251,850,1,1,1,Rufus,,confirmed,scene voice_scene/voice_slot,
1516,1,1251,850,2,1,2,Rufus,,confirmed,scene voice_scene/voice_slot,
1516,2,1251,850,5,1,3,Rufus,,confirmed,scene voice_scene/voice_slot,
1516,3,1251,850,29,1,4,Alicia,,confirmed,scene voice_scene/voice_slot,
1516,4,1251,850,3,1,5,Lezard,,confirmed,scene voice_scene/voice_slot,
1516,5,1251,850,8,1,6,Rufus,,confirmed,scene voice_scene/voice_slot,
1516,6,1251,850,7,1,7,Lezard,,confirmed,scene voice_scene/voice_slot,
1516,7,1251,850,6,1,8,Lezard,,confirmed,scene voice_scene/voice_slot,
1516,8,1251,850,9,1,9,Silmeria,,confirmed,scene voice_scene/voice_slot,
1516,9,1251,850,12,1,10,Silmeria,,confirmed,scene voice_scene/voice_slot,
1516,10,1251,850,11,1,11,Silmeria,,confirmed,scene voice_scene/voice_slot,
1516,11,1251,850,10,1,12,Rufus,,confirmed,scene voice_scene/voice_slot,
1516,12,1251,850,13,1,13,Lezard,,confirmed,scene voice_scene/voice_slot,
1516,13,1251,850,14,1,14,Lezard,,confirmed,scene voice_scene/voice_slot,
1516,14,1251,850,15,1,15,Rufus,,confirmed,scene voice_scene/voice_slot,
1516,15,1251,850,16,1,16,Lezard,,confirmed,scene voice_scene/voice_slot,
1516,16,1251,850,17,1,17,Lezard,,confirmed,scene voice_scene/voice_slot,
1516,17,1251,850,18,1,18,Rufus,,confirmed,scene voice_scene/voice_slot,
1516,18,1251,850,19,1,19,Lezard,,confirmed,scene voice_scene/voice_slot,
1516,19,1251,850,20,1,20,Dylan,,confirmed,scene voice_scene/voice_slot,
1516,20,1251,850,21,1,21,Rufus,,confirmed,scene voice_scene/voice_slot,
1516,21,1251,850,22,1,22,Rufus,,confirmed,scene voice_scene/voice_slot,
1516,22,1251,850,30,1,23,Silmeria,,confirmed,scene voice_scene/voice_slot,
1516,23,1251,850,28,1,24,Silmeria,,confirmed,scene voice_scene/voice_slot,
1516,24,1251,850,23,1,25,Silmeria,,confirmed,scene voice_scene/voice_slot,
1516,25,1251,850,24,1,26,Silmeria,,confirmed,scene voice_scene/voice_slot,
1516,26,1251,850,31,1,27,Rufus,,confirmed,scene voice_scene/voice_slot,
1516,27,1251,850,32,1,28,Rufus,,confirmed,scene voice_scene/voice_slot,
1516,28,1251,850,26,1,29,Alicia,,confirmed,scene voice_scene/voice_slot,
1516,29,1251,850,27,1,30,Rufus,,confirmed,scene voice_scene/voice_slot,
1517,0,1209,340,688,1,1,Rufus,,confirmed,scene voice_scene/voice_slot,
1517,1,1209,340,689,1,2,Alicia,,confirmed,scene voice_scene/voice_slot,
1517,2,1209,340,690,1,3,Alicia,,confirmed,scene voice_scene/voice_slot,
1517,3,1209,340,691,1,4,Dylan,,confirmed,scene voice_scene/voice_slot,
1517,4,1209,340,692,1,5,Rufus,,confirmed,scene voice_scene/voice_slot,
1517,5,1209,340,703,1,6,Rufus,,confirmed,scene voice_scene/voice_slot,
1517,6,1209,340,694,1,7,Lezard,,confirmed,scene voice_scene/voice_slot,
1517,7,1209,340,695,1,8,Rufus,,confirmed,scene voice_scene/voice_slot,
1517,8,1209,340,702,1,9,Lezard,,confirmed,scene voice_scene/voice_slot,
1517,9,1209,340,696,1,10,Rufus,,confirmed,scene voice_scene/voice_slot,
1517,10,1209,340,697,1,11,Lezard,,confirmed,scene voice_scene/voice_slot,
1517,11,1209,340,698,1,12,Lezard,,confirmed,scene voice_scene/voice_slot,
1517,12,1209,340,699,1,13,Lezard,,confirmed,scene voice_scene/voice_slot,
1517,13,1209,340,700,1,14,Dylan,,confirmed,scene voice_scene/voice_slot,
1517,14,1209,340,701,1,15,Rufus,,confirmed,scene voice_scene/voice_slot,
1518,0,1199,350,9,1,1,Rufus,,confirmed,scene voice_scene/voice_slot,
1518,1,1199,350,5,1,2,Lezard,,confirmed,scene voice_scene/voice_slot,
1518,2,1199,350,2,1,3,Dylan,,confirmed,scene voice_scene/voice_slot,
1518,3,1199,350,6,1,4,Rufus,,confirmed,scene voice_scene/voice_slot,
1518,4,1199,350,8,1,5,Dylan,,confirmed,scene voice_scene/voice_slot,
1518,5,1199,350,7,1,6,Rufus,,confirmed,scene voice_scene/voice_slot,
1518,6,1199,350,4,1,7,Silmeria,,confirmed,scene voice_scene/voice_slot,
1518,7,1199,350,3,1,8,Alicia,,confirmed,scene voice_scene/voice_slot,
1519,0,1227,361,486,2,1,Ull,,confirmed,scene voice_scene/voice_slot,
1519,1,1227,361,507,2,2,Alicia,,confirmed,scene voice_scene/voice_slot,
1519,2,1227,361,488,2,3,Ull,,confirmed,scene voice_scene/voice_slot,
1519,3,1227,361,497,2,4,Ull,,confirmed,scene voice_scene/voice_slot,
1519,4,1227,361,498,2,5,Ull,,confirmed,scene voice_scene/voice_slot,
1519,5,1227,361,499,2,6,Ull,,confirmed,scene voice_scene/voice_slot,
1519,6,1227,361,500,2,7,Alicia,,confirmed,scene voice_scene/voice_slot,
1519,7,1227,361,489,2,8,Alicia,,confirmed,scene voice_scene/voice_slot,
1519,8,1227,361,490,2,9,Ull,,confirmed,scene voice_scene/voice_slot,
1519,9,1227,361,491,2,10,Alicia,,confirmed,scene voice_scene/voice_slot,
1519,10,1227,361,495,2,11,Ull,,confirmed,scene voice_scene/voice_slot,
1519,11,1227,361,496,2,12,Ull,,confirmed,scene voice_scene/voice_slot,
1519,12,1227,361,492,2,13,Alicia,,confirmed,scene voice_scene/voice_slot,
1519,13,1227,361,506,2,14,Ull,,confirmed,scene voice_scene/voice_slot,
1519,14,1227,361,501,2,15,Ull,,confirmed,scene voice_scene/voice_slot,
1519,15,1227,361,493,2,16,Alicia,,confirmed,scene voice_scene/voice_slot,
1519,16,1227,361,503,2,17,Ull,,confirmed,scene voice_scene/voice_slot,
1519,17,1227,361,504,2,18,Ull,,confirmed,scene voice_scene/voice_slot,
1519,18,1227,361,505,2,19,Ull,,confirmed,scene voice_scene/voice_slot,
1520,0,1337,,1,4,1,Barbarossa,,confirmed,USA voice clips matched to subtitle text; community audition,
1520,1,1337,,2,4,2,Arngrim,,confirmed,USA voice clips matched to subtitle text; community audition,
1520,2,1337,,7,4,3,Barbarossa,,confirmed,USA voice clips matched to subtitle text; community audition,
1520,3,1337,,4,4,4,Dallas,,confirmed,USA voice clips matched to subtitle text; community audition,
1520,4,1337,,21,4,5,Walther,,confirmed,USA voice clips matched to subtitle text; community audition,
1520,5,1337,,22,4,6,Walther,,confirmed,USA voice clips matched to subtitle text; community audition,
1520,6,1337,,28,4,7,Dallas,,confirmed,USA voice clips matched to subtitle text; community audition,
1520,7,1337,,24,4,8,Barbarossa,,confirmed,USA voice clips matched to subtitle text; community audition,
1520,8,1337,,8,4,9,Arngrim,,confirmed,USA voice clips matched to subtitle text; community audition,
1520,9,1337,,9,4,10,Hrist,,confirmed,USA voice clips matched to subtitle text; community audition,
1520,10,1337,,10,4,11,Arngrim,,confirmed,USA voice clips matched to subtitle text; community audition,
1520,11,1337,,11,4,12,Hrist,,confirmed,USA voice clips matched to subtitle text; community audition,
1520,12,1337,,12,4,13,Arngrim,,confirmed,USA voice clips matched to subtitle text; community audition,
1520,13,1337,,13,4,14,Hrist,,confirmed,USA voice clips matched to subtitle text; community audition,
1520,14,1337,,14,4,15,Hrist,,confirmed,USA voice clips matched to subtitle text; community audition,
1520,15,1337,,15,4,16,Hrist,,confirmed,USA voice clips matched to subtitle text; community audition,
1520,16,1337,,16,4,17,Alicia,,confirmed,USA voice clips matched to subtitle text; community audition,
1520,17,1337,,17,4,18,Barbarossa,,confirmed,USA voice clips matched to subtitle text; community audition,
1520,18,1337,,25,4,19,Dallas,,confirmed,USA voice clips matched to subtitle text; community audition,
1520,19,1337,,19,4,20,Hrist,,confirmed,USA voice clips matched to subtitle text; community audition,
1520,20,1337,,26,4,21,Hrist,,confirmed,USA voice clips matched to subtitle text; community audition,
1521,0,1281,380,38,1,1,Alicia,,confirmed,scene voice_scene/voice_slot,
1521,1,1281,380,2,1,2,Alicia,,confirmed,scene voice_scene/voice_slot,
1521,2,1281,380,37,1,3,Arngrim,,confirmed,scene voice_scene/voice_slot,
1521,3,1281,380,3,1,4,Hrist,,confirmed,scene voice_scene/voice_slot,
1521,4,1281,380,4,1,5,Rufus,,confirmed,scene voice_scene/voice_slot,
1521,5,1281,380,5,1,6,Hrist,,confirmed,scene voice_scene/voice_slot,
1521,6,1281,380,6,1,7,Walther,,confirmed,scene voice_scene/voice_slot,
1521,7,1281,380,7,1,8,Gyne,,confirmed,scene voice_scene/voice_slot,
1521,8,1281,380,8,1,9,Walther,,confirmed,scene voice_scene/voice_slot,
1521,9,1281,380,9,1,10,Hrist,,confirmed,scene voice_scene/voice_slot,
1521,10,1281,380,10,1,11,Hrist,,confirmed,scene voice_scene/voice_slot,
1521,11,1281,380,35,1,12,Dallas,,confirmed,scene voice_scene/voice_slot,
1521,12,1281,380,11,1,13,Dallas,,confirmed,scene voice_scene/voice_slot,
1521,13,1281,380,12,1,14,Dallas,,confirmed,scene voice_scene/voice_slot,
1521,14,1281,380,13,1,15,Dallas,,confirmed,scene voice_scene/voice_slot,
1521,15,1281,380,36,1,16,Dallas,,confirmed,scene voice_scene/voice_slot,
1521,16,1281,380,15,1,17,Dallas,,confirmed,scene voice_scene/voice_slot,
1521,17,1281,380,16,1,18,Alicia,,confirmed,scene voice_scene/voice_slot,
1521,18,1281,380,17,1,19,Dallas,,confirmed,scene voice_scene/voice_slot,
1521,19,1281,380,18,1,20,Alicia,,confirmed,scene voice_scene/voice_slot,
1521,20,1281,380,19,1,21,Dallas,,confirmed,scene voice_scene/voice_slot,
1521,21,1281,380,20,1,22,Dallas,,confirmed,scene voice_scene/voice_slot,
1521,22,1281,380,21,1,23,Dallas,,confirmed,scene voice_scene/voice_slot,
1521,23,1281,380,22,1,24,Alicia,,confirmed,scene voice_scene/voice_slot,
1521,24,1281,380,23,1,25,Dallas,,confirmed,scene voice_scene/voice_slot,
1521,25,1281,380,24,1,26,Dallas,,confirmed,scene voice_scene/voice_slot,
1521,26,1281,380,25,1,27,Dallas,,confirmed,scene voice_scene/voice_slot,
1521,27,1281,380,26,1,28,Dallas,,confirmed,scene voice_scene/voice_slot,
1521,28,1281,380,34,1,29,Dallas,,confirmed,scene voice_scene/voice_slot,
1521,29,1281,380,27,1,30,Alicia,,confirmed,scene voice_scene/voice_slot,
1521,30,1281,380,28,1,31,Dylan,,confirmed,scene voice_scene/voice_slot,
1521,31,1281,380,29,1,32,Rufus,,confirmed,scene voice_scene/voice_slot,
1521,32,1281,380,30,1,33,Alicia,,confirmed,scene voice_scene/voice_slot,
1521,33,1281,380,31,1,34,Silmeria,,confirmed,scene voice_scene/voice_slot,
1521,34,1281,380,32,1,35,Silmeria,,confirmed,scene voice_scene/voice_slot,
1521,35,1281,380,33,1,36,Silmeria,,confirmed,scene voice_scene/voice_slot,
1522,0,1283,390,1,1,1,Alicia,,confirmed,scene voice_scene/voice_slot,
1522,1,1283,390,17,1,2,Dipan Guard,,confirmed,scene voice_scene/voice_slot,
1522,2,1283,390,2,1,3,Dipan Guard,,confirmed,scene voice_scene/voice_slot,
1522,3,1283,390,3,1,4,Dylan,,confirmed,scene voice_scene/voice_slot,
1522,4,1283,390,4,1,5,Hrist,,confirmed,scene voice_scene/voice_slot,
1522,5,1283,390,5,1,6,Alicia,,confirmed,scene voice_scene/voice_slot,
1522,6,1283,390,18,1,7,Hrist,,confirmed,scene voice_scene/voice_slot,
1522,7,1283,390,16,1,8,Hrist,,confirmed,scene voice_scene/voice_slot,
1522,8,1283,390,6,1,9,Alicia,,confirmed,scene voice_scene/voice_slot,
1522,9,1283,390,7,1,10,Alicia,,confirmed,scene voice_scene/voice_slot,
1522,10,1283,390,8,1,11,Arngrim,,confirmed,scene voice_scene/voice_slot,
1522,11,1283,390,24,1,12,Dylan,,confirmed,scene voice_scene/voice_slot,
1522,12,1283,390,19,1,13,Arngrim,,confirmed,scene voice_scene/voice_slot,
1522,13,1283,390,10,1,14,Silmeria,,confirmed,scene voice_scene/voice_slot,
1522,14,1283,390,11,1,15,Silmeria,,confirmed,scene voice_scene/voice_slot,
1522,15,1283,390,12,1,16,Hrist,,confirmed,scene voice_scene/voice_slot,
1522,16,1283,390,25,1,17,Hrist,,confirmed,scene voice_scene/voice_slot,
1522,17,1283,390,23,1,18,Silmeria,,confirmed,scene voice_scene/voice_slot,
1522,18,1283,390,21,1,19,Hrist,,confirmed,scene voice_scene/voice_slot,
1522,19,1283,390,20,1,20,Hrist,,confirmed,scene voice_scene/voice_slot,
1523,0,1337,,1454,2,18,Walther,,confirmed,USA voice clips matched to subtitle text,
1523,1,1337,,1455,2,19,Hrist,,confirmed,USA voice clips matched to subtitle text,
1523,2,1337,,1456,2,20,Silmeria,,confirmed,USA voice clips matched to subtitle text,
1523,3,1337,,1457,2,21,Rufus,,confirmed,USA voice clips matched to subtitle text,
1523,4,1337,,1458,2,22,Dylan,,confirmed,USA voice clips matched to subtitle text,
1523,5,1337,,1459,2,23,Walther,,confirmed,USA voice clips matched to subtitle text,
1523,6,1337,,1460,2,24,Gyne,,confirmed,USA voice clips matched to subtitle text,
1524,0,1337,402,1461,2,25,Freya,,confirmed,USA voice clips matched to subtitle text,
1524,1,1337,402,1462,2,26,Odin,,confirmed,USA voice clips matched to subtitle text,
1525,0,1337,,1463,2,27,Brahms,,confirmed,USA voice clips matched to subtitle text,
1525,1,1337,,1464,2,28,Silmeria,,confirmed,USA voice clips matched to subtitle text,
1525,2,1337,,1465,2,29,Freya,,confirmed,USA voice clips matched to subtitle text,
1525,3,1337,,1466,2,30,Silmeria,,confirmed,USA voice clips matched to subtitle text,
1525,4,1337,,1467,2,31,Brahms,,confirmed,USA voice clips matched to subtitle text,
1525,5,1337,,1468,2,32,Freya,,confirmed,USA voice clips matched to subtitle text,
1526,0,1299,410,732,2,1,Odin,,confirmed,scene voice_scene/voice_slot,
1526,1,1299,410,733,2,2,Freya,,confirmed,scene voice_scene/voice_slot,
1526,2,1299,410,720,2,3,Freya,,confirmed,scene voice_scene/voice_slot,
1526,3,1299,410,721,2,4,Freya,,confirmed,scene voice_scene/voice_slot,
1526,4,1299,410,722,2,5,Odin,,confirmed,scene voice_scene/voice_slot,
1526,5,1299,410,731,2,6,Odin,,confirmed,scene voice_scene/voice_slot,
1526,6,1299,410,723,2,7,Freya,,confirmed,scene voice_scene/voice_slot,
1526,7,1299,410,734,2,8,Freya,,confirmed,scene voice_scene/voice_slot; community audition,
1526,8,1299,410,724,2,9,Odin,,confirmed,scene voice_scene/voice_slot,
1526,9,1299,410,735,2,10,Odin,,confirmed,scene voice_scene/voice_slot,
1526,10,1299,410,736,2,11,Odin,,confirmed,scene voice_scene/voice_slot,
1526,11,1299,410,741,2,12,Freya,,confirmed,scene voice_scene/voice_slot,
1526,12,1299,410,726,2,13,Odin,,confirmed,scene voice_scene/voice_slot,
1526,13,1299,410,738,2,14,Freya,,confirmed,scene voice_scene/voice_slot,
1526,14,1299,410,727,2,15,Freya,,confirmed,scene voice_scene/voice_slot,
1526,15,1299,410,728,2,16,Odin,,confirmed,scene voice_scene/voice_slot,
1526,16,1299,410,739,2,17,Odin,,confirmed,scene voice_scene/voice_slot,
1526,17,1299,410,730,2,18,Odin,,confirmed,scene voice_scene/voice_slot,
1526,18,1299,410,729,2,19,Odin,,confirmed,scene voice_scene/voice_slot,
1526,19,1299,410,740,2,20,Odin,,confirmed,scene voice_scene/voice_slot,
1526,20,1299,410,737,2,21,Odin,,confirmed,scene voice_scene/voice_slot,
1527,0,1285,810,1,1,1,Rufus,,confirmed,scene voice_scene/voice_slot,
1527,1,1285,810,2,1,2,Rufus,,confirmed,scene voice_scene/voice_slot,
1527,2,1285,810,3,1,3,Dylan,,confirmed,scene voice_scene/voice_slot,
1527,3,1285,810,4,1,4,Dylan,,confirmed,scene voice_scene/voice_slot,
1527,4,1285,810,5,1,5,Lezard,,confirmed,scene voice_scene/voice_slot,
1527,5,1285,810,6,1,6,Dylan,,confirmed,scene voice_scene/voice_slot,
1527,6,1285,810,7,1,7,Rufus,,confirmed,scene voice_scene/voice_slot,
1527,7,1285,810,8,1,8,Rufus,,confirmed,scene voice_scene/voice_slot,
1527,8,1285,810,9,1,9,Lezard,,confirmed,scene voice_scene/voice_slot,
1527,9,1285,810,10,1,10,Lezard,,confirmed,scene voice_scene/voice_slot,
1527,10,1285,810,16,1,11,Lezard,,confirmed,scene voice_scene/voice_slot,
1527,11,1285,810,11,1,12,Dylan,,confirmed,scene voice_scene/voice_slot,
1527,12,1285,810,17,1,13,Dylan,,confirmed,scene voice_scene/voice_slot,
1527,13,1285,810,12,1,14,Rufus,,confirmed,scene voice_scene/voice_slot,
1527,14,1285,810,13,1,15,Lezard,,confirmed,scene voice_scene/voice_slot,
1527,15,1285,810,14,1,16,Lezard,,confirmed,scene voice_scene/voice_slot,
1527,16,1285,810,18,1,17,Lezard,,confirmed,scene voice_scene/voice_slot,
1527,17,1285,810,19,1,18,Silmeria,,confirmed,scene voice_scene/voice_slot,
1527,18,1285,810,15,1,19,Silmeria,,confirmed,scene voice_scene/voice_slot,
1528,0,1357,420,778,1,1,Alicia,,confirmed,scene voice_scene/voice_slot,
1528,1,1357,420,776,1,2,Alicia,,confirmed,scene voice_scene/voice_slot,
1528,2,1357,420,774,1,3,Alicia,,confirmed,scene voice_scene/voice_slot,
1528,3,1357,420,751,1,4,Rufus,,confirmed,scene voice_scene/voice_slot,
1528,4,1357,420,752,1,5,Alicia,,confirmed,scene voice_scene/voice_slot,
1528,5,1357,420,753,1,6,Rufus,,confirmed,scene voice_scene/voice_slot,
1528,6,1357,420,754,1,7,Alicia,,confirmed,scene voice_scene/voice_slot,
1528,7,1357,420,755,1,8,Rufus,,confirmed,scene voice_scene/voice_slot,
1528,8,1357,420,775,1,9,Alicia,,confirmed,scene voice_scene/voice_slot,
1528,9,1357,420,756,1,10,Alicia,,confirmed,scene voice_scene/voice_slot,
1528,10,1357,420,757,1,11,Rufus,,confirmed,scene voice_scene/voice_slot,
1528,11,1357,420,771,1,12,Alicia,,confirmed,scene voice_scene/voice_slot,
1528,12,1357,420,758,1,13,Rufus,,confirmed,scene voice_scene/voice_slot,
1528,13,1357,420,759,1,14,Alicia,,confirmed,scene voice_scene/voice_slot,
1528,14,1357,420,772,1,15,Alicia,,confirmed,scene voice_scene/voice_slot,
1528,15,1357,420,760,1,16,Rufus,,confirmed,scene voice_scene/voice_slot,
1528,16,1357,420,761,1,17,Alicia,,confirmed,scene voice_scene/voice_slot,
1528,17,1357,420,762,1,18,Rufus,,confirmed,scene voice_scene/voice_slot,
1528,18,1357,420,763,1,19,Rufus,,confirmed,scene voice_scene/voice_slot,
1528,19,1357,420,764,1,20,Rufus,,confirmed,scene voice_scene/voice_slot,
1528,20,1357,420,765,1,21,Rufus,,confirmed,scene voice_scene/voice_slot,
1528,21,1357,420,766,1,22,Alicia,,confirmed,scene voice_scene/voice_slot,
1528,22,1357,420,767,1,23,Rufus,,confirmed,scene voice_scene/voice_slot,
1528,23,1357,420,777,1,24,Rufus,,confirmed,scene voice_scene/voice_slot,
1528,24,1357,420,768,1,25,Rufus,,confirmed,scene voice_scene/voice_slot,
1528,25,1357,420,769,1,26,Rufus,,confirmed,scene voice_scene/voice_slot,
1528,26,1357,420,779,1,27,Rufus,,confirmed,scene voice_scene/voice_slot,
1529,0,1211,430,1,1,1,Alicia,,confirmed,scene voice_scene/voice_slot,
1529,1,1211,430,,,,,,unmapped,,no subtitle record
1529,2,1211,430,33,1,2,Alicia,,confirmed,scene voice_scene/voice_slot,
1529,3,1211,430,3,1,3,Rufus,,confirmed,scene voice_scene/voice_slot,
1529,4,1211,430,28,1,4,Rufus,,confirmed,scene voice_scene/voice_slot,
1529,5,1211,430,4,1,5,Rufus,,confirmed,scene voice_scene/voice_slot,
1529,6,1211,430,5,1,6,Rufus,,confirmed,scene voice_scene/voice_slot,
1529,7,1211,430,6,1,7,Alicia,,confirmed,scene voice_scene/voice_slot,
1529,8,1211,430,7,1,8,Rufus,,confirmed,scene voice_scene/voice_slot,
1529,9,1211,430,31,1,9,Alicia,,confirmed,scene voice_scene/voice_slot,
1529,10,1211,430,,,,,,unmapped,,no subtitle record
1529,11,1211,430,8,1,10,Rufus,,confirmed,scene voice_scene/voice_slot,
1529,12,1211,430,9,1,11,Rufus,,confirmed,scene voice_scene/voice_slot,
1529,13,1211,430,10,1,12,Alicia,,confirmed,scene voice_scene/voice_slot,
1529,14,1211,430,11,1,13,Rufus,,confirmed,scene voice_scene/voice_slot,
1529,15,1211,430,30,1,14,Rufus,,confirmed,scene voice_scene/voice_slot,
1529,16,1211,430,29,1,15,Rufus,,confirmed,scene voice_scene/voice_slot,
1529,17,1211,430,12,1,16,Rufus,,confirmed,scene voice_scene/voice_slot,
1529,18,1211,430,13,1,17,Alicia,,confirmed,scene voice_scene/voice_slot,
1529,19,1211,430,14,1,18,Alicia,,confirmed,scene voice_scene/voice_slot,
1529,20,1211,430,15,1,19,Alicia,,confirmed,scene voice_scene/voice_slot,
1529,21,1211,430,16,1,20,Alicia,,confirmed,scene voice_scene/voice_slot,
1529,22,1211,430,17,1,21,Rufus,,confirmed,scene voice_scene/voice_slot,
1529,23,1211,430,18,1,22,Alicia,,confirmed,scene voice_scene/voice_slot,
1529,24,1211,430,19,1,23,Rufus,,confirmed,scene voice_scene/voice_slot,
1529,25,1211,430,20,1,24,Rufus,,confirmed,scene voice_scene/voice_slot,
1529,26,1211,430,21,1,25,Alicia,,confirmed,scene voice_scene/voice_slot,
1529,27,1211,430,22,1,26,Rufus,,confirmed,scene voice_scene/voice_slot,
1529,28,1211,430,23,1,27,Rufus,,confirmed,scene voice_scene/voice_slot,
1529,29,1211,430,24,1,28,Rufus,,confirmed,scene voice_scene/voice_slot,
1529,30,1211,430,25,1,29,Rufus,,confirmed,scene voice_scene/voice_slot,
1529,31,1211,430,26,1,30,Rufus,,confirmed,scene voice_scene/voice_slot,
1530,0,1287,440,1,1,1,Rufus,,confirmed,scene voice_scene/voice_slot,
1530,1,1287,440,2,1,2,Rufus,,confirmed,scene voice_scene/voice_slot,
1530,2,1287,440,3,1,3,Rufus,,confirmed,scene voice_scene/voice_slot,
1530,3,1287,440,4,1,4,Rufus,,confirmed,scene voice_scene/voice_slot,
1530,4,1287,440,5,1,5,Rufus,,confirmed,scene voice_scene/voice_slot,
1530,5,1287,440,6,1,6,Rufus,,confirmed,scene voice_scene/voice_slot,
1530,6,1287,440,7,1,7,Alicia,,confirmed,scene voice_scene/voice_slot,
1530,7,1287,440,8,1,8,Rufus,,confirmed,scene voice_scene/voice_slot,
1530,8,1287,440,13,1,9,Heimdall,,confirmed,scene voice_scene/voice_slot,
1530,9,1287,440,17,1,10,Heimdall,,confirmed,scene voice_scene/voice_slot,
1530,10,1287,440,16,1,11,Heimdall,,confirmed,scene voice_scene/voice_slot,
1530,11,1287,440,9,1,12,Rufus,,confirmed,scene voice_scene/voice_slot,
1530,12,1287,440,18,1,13,Heimdall,,confirmed,scene voice_scene/voice_slot,
1530,13,1287,440,14,1,14,Heimdall,,confirmed,scene voice_scene/voice_slot,
1531,0,1289,450,6,1,1,Alicia,,confirmed,scene voice_scene/voice_slot,
1531,1,1289,450,8,1,2,Rufus,,confirmed,scene voice_scene/voice_slot,
1531,2,1289,450,1,1,3,Alicia,,confirmed,scene voice_scene/voice_slot,
1531,3,1289,450,9,1,4,Rufus,,confirmed,scene voice_scene/voice_slot,
1531,4,1289,450,5,1,5,Rufus,,confirmed,scene voice_scene/voice_slot,
1531,5,1289,450,10,1,6,Alicia,,confirmed,scene voice_scene/voice_slot,
1531,6,1289,450,11,1,7,Rufus,,confirmed,scene voice_scene/voice_slot,
1531,7,1289,450,12,1,8,Alicia,,confirmed,scene voice_scene/voice_slot,
1531,8,1289,450,13,1,9,Alicia,,confirmed,scene voice_scene/voice_slot,
1531,9,1289,450,2,1,10,Alicia,,confirmed,scene voice_scene/voice_slot,
1531,10,1289,450,7,1,11,Alicia,,confirmed,scene voice_scene/voice_slot,
1531,11,1289,450,3,1,12,Roussalier,,confirmed,scene voice_scene/voice_slot,
1531,12,1289,450,4,1,13,Roussalier,,confirmed,scene voice_scene/voice_slot,
1532,0,1291,461,23,1,1,Roussalier,,confirmed,scene voice_scene/voice_slot,
1532,1,1291,461,20,1,2,Roussalier,,confirmed,scene voice_scene/voice_slot,
1532,2,1291,461,21,1,3,Rufus,,confirmed,scene voice_scene/voice_slot,
1532,3,1291,461,1,1,4,Roussalier,,confirmed,scene voice_scene/voice_slot,
1532,4,1291,461,2,1,5,Rufus,,confirmed,scene voice_scene/voice_slot,
1532,5,1291,461,36,1,6,Roussalier,,confirmed,scene voice_scene/voice_slot,
1532,6,1291,461,29,1,7,Alicia,,confirmed,scene voice_scene/voice_slot,
1532,7,1291,461,3,1,8,Rufus,,confirmed,scene voice_scene/voice_slot,
1532,8,1291,461,4,1,9,Rufus,,confirmed,scene voice_scene/voice_slot,
1532,9,1291,461,5,1,10,Alicia,,confirmed,scene voice_scene/voice_slot,
1532,10,1291,461,6,1,11,Rufus,,confirmed,scene voice_scene/voice_slot,
1532,11,1291,461,7,1,12,Alicia,,confirmed,scene voice_scene/voice_slot,
1532,12,1291,461,8,1,13,Roussalier,,confirmed,scene voice_scene/voice_slot,
1532,13,1291,461,9,1,14,Roussalier,,confirmed,scene voice_scene/voice_slot,
1532,14,1291,461,10,1,15,Alicia,,confirmed,scene voice_scene/voice_slot,
1532,15,1291,461,11,1,16,Roussalier,,confirmed,scene voice_scene/voice_slot,
1532,16,1291,461,24,1,17,Roussalier,,confirmed,scene voice_scene/voice_slot,
1532,17,1291,461,25,1,18,Alicia,,confirmed,scene voice_scene/voice_slot,
1532,18,1291,461,30,1,19,Alicia,,confirmed,scene voice_scene/voice_slot,
1532,19,1291,461,31,1,20,Rufus,,confirmed,scene voice_scene/voice_slot,
1532,20,1291,461,12,1,21,Roussalier,,confirmed,scene voice_scene/voice_slot,
1532,21,1291,461,13,1,22,Roussalier,,confirmed,scene voice_scene/voice_slot,
1532,22,1291,461,33,1,23,Rufus,,confirmed,scene voice_scene/voice_slot,
1532,23,1291,461,14,1,24,Alicia,,confirmed,scene voice_scene/voice_slot,
1532,24,1291,461,15,1,25,Roussalier,,confirmed,scene voice_scene/voice_slot,
1532,25,1291,461,26,1,26,Roussalier,,confirmed,scene voice_scene/voice_slot,
1532,26,1291,461,27,1,27,Rufus,,confirmed,scene voice_scene/voice_slot,
1532,27,1291,461,16,1,28,Rufus,,confirmed,scene voice_scene/voice_slot,
1532,28,1291,461,17,1,29,Rufus,,confirmed,scene voice_scene/voice_slot,
1532,29,1291,461,34,1,30,Alicia,,confirmed,scene voice_scene/voice_slot,
1532,30,1291,461,18,1,31,Rufus,,confirmed,scene voice_scene/voice_slot,
1532,31,1291,461,35,2,1,Alicia,,confirmed,scene voice_scene/voice_slot,
1532,32,1291,461,32,2,2,Rufus,,confirmed,scene voice_scene/voice_slot,
1532,33,1291,461,22,2,3,Roussalier,,confirmed,scene voice_scene/voice_slot,
1532,34,1291,461,28,2,4,Rufus,,confirmed,scene voice_scene/voice_slot,
1532,35,1291,461,19,2,5,Rufus,,confirmed,scene voice_scene/voice_slot,
1533,0,1289,462,2733,2,1,Rufus,,confirmed,scene voice_scene/voice_slot,
1533,1,1289,462,2736,2,2,Rufus,,confirmed,scene voice_scene/voice_slot,
1533,2,1289,462,2732,2,3,Alicia,,confirmed,scene voice_scene/voice_slot,
1533,3,1289,462,2735,2,4,Roussalier,,confirmed,scene voice_scene/voice_slot,
1533,4,1289,462,2737,2,5,Alicia,,confirmed,scene voice_scene/voice_slot,
1533,5,1289,462,2734,2,6,Roussalier,,confirmed,scene voice_scene/voice_slot,
1534,0,1287,470,2150,2,1,Rufus,,confirmed,scene voice_scene/voice_slot,
1534,1,1287,470,2151,2,2,Rufus,,confirmed,scene voice_scene/voice_slot,
1534,2,1287,470,2152,2,3,Rufus,,confirmed,scene voice_scene/voice_slot,
1534,3,1287,470,2153,2,4,Alicia,,confirmed,scene voice_scene/voice_slot,
1534,4,1287,470,2154,2,5,Aesir A,,confirmed,scene voice_scene/voice_slot,
1534,5,1287,470,2155,2,6,Rufus,,confirmed,scene voice_scene/voice_slot,
1534,6,1287,470,2158,2,7,Rufus,,confirmed,scene voice_scene/voice_slot,
1534,7,1287,470,2156,2,8,Alicia,,confirmed,scene voice_scene/voice_slot,
1534,8,1287,470,2157,2,9,Rufus,,confirmed,scene voice_scene/voice_slot,
1535,0,1287,480,2173,3,1,Rufus,,confirmed,scene voice_scene/voice_slot,
1535,1,1287,480,2174,3,2,Rufus,,confirmed,scene voice_scene/voice_slot,
1535,2,1287,480,2160,3,3,Rufus,,confirmed,scene voice_scene/voice_slot,
1535,3,1287,480,2175,3,4,Rufus,,confirmed,scene voice_scene/voice_slot,
1535,4,1287,480,2176,3,5,Rufus,,confirmed,scene voice_scene/voice_slot,
1535,5,1287,480,2163,3,6,Rufus,,confirmed,scene voice_scene/voice_slot,
1535,6,1287,480,2164,3,7,Aesir A,,confirmed,scene voice_scene/voice_slot,
1535,7,1287,480,2165,3,8,Aesir B,,confirmed,scene voice_scene/voice_slot,
1535,8,1287,480,2166,3,9,Rufus,,confirmed,scene voice_scene/voice_slot,
1535,9,1287,480,2167,3,10,Rufus,,confirmed,scene voice_scene/voice_slot,
1535,10,1287,480,2168,3,11,Alicia,,confirmed,scene voice_scene/voice_slot,
1535,11,1287,480,2169,3,12,Rufus,,confirmed,scene voice_scene/voice_slot,
1535,12,1287,480,2177,3,13,Rufus,,confirmed,scene voice_scene/voice_slot,
1535,13,1287,480,2172,3,14,Alicia,,confirmed,scene voice_scene/voice_slot,
1535,14,1287,480,2171,3,15,Rufus,,confirmed,scene voice_scene/voice_slot,
1536,0,1295,490,1,1,1,Alicia,,confirmed,scene voice_scene/voice_slot,
1536,1,1295,490,2,1,2,Rufus,,confirmed,scene voice_scene/voice_slot,
1536,2,1295,490,3,1,3,Alicia,,confirmed,scene voice_scene/voice_slot,
1537,0,1299,500,937,3,1,Freya,,confirmed,scene voice_scene/voice_slot,
1537,1,1299,500,938,3,2,Freya,,confirmed,scene voice_scene/voice_slot,
1537,2,1299,500,939,3,3,Freya,,confirmed,scene voice_scene/voice_slot,
1537,3,1299,500,940,3,4,Odin,,confirmed,scene voice_scene/voice_slot,
1537,4,1299,500,941,3,5,Freya,,confirmed,scene voice_scene/voice_slot,
1537,5,1299,500,942,3,6,Odin,,confirmed,scene voice_scene/voice_slot,
1537,6,1299,500,943,3,7,Odin,,confirmed,scene voice_scene/voice_slot,
1537,7,1299,500,944,3,8,Odin,,confirmed,scene voice_scene/voice_slot,
1537,8,1299,500,945,3,9,Odin,,confirmed,scene voice_scene/voice_slot,
1537,9,1299,500,946,3,10,Odin,,confirmed,scene voice_scene/voice_slot,
1537,10,1299,500,949,3,11,Odin,,confirmed,scene voice_scene/voice_slot,
1538,0,1309,510,1,1,1,Alicia,,confirmed,scene voice_scene/voice_slot,
1538,1,1309,510,2,1,2,Rufus,,confirmed,scene voice_scene/voice_slot,
1538,2,1309,510,3,1,3,Alicia,,confirmed,scene voice_scene/voice_slot,
1538,3,1309,510,4,1,4,Alicia,,confirmed,scene voice_scene/voice_slot,
1538,4,1309,510,5,1,5,Rufus,,confirmed,scene voice_scene/voice_slot,
1538,5,1309,510,6,1,6,Rufus,,confirmed,scene voice_scene/voice_slot,
1538,6,1309,510,7,1,7,Rufus,,confirmed,scene voice_scene/voice_slot,
1538,7,1309,510,8,1,8,Alicia,,confirmed,scene voice_scene/voice_slot,
1538,8,1309,510,9,1,9,Alicia,,confirmed,scene voice_scene/voice_slot,
1538,9,1309,510,10,1,10,Rufus,,confirmed,scene voice_scene/voice_slot,
1538,10,1309,510,11,1,11,Rufus,,confirmed,scene voice_scene/voice_slot,
1538,11,1309,510,12,1,12,Rufus,,confirmed,scene voice_scene/voice_slot,
1538,12,1309,510,13,1,13,Alicia,,confirmed,scene voice_scene/voice_slot,
1538,13,1309,510,14,1,14,Alicia,,confirmed,scene voice_scene/voice_slot,
1538,14,1309,510,15,1,15,Rufus,,confirmed,scene voice_scene/voice_slot,
1538,15,1309,510,16,1,16,Rufus,,confirmed,scene voice_scene/voice_slot,
1538,16,1309,510,17,1,17,Alicia,,confirmed,scene voice_scene/voice_slot,
1538,17,1309,510,18,1,18,Rufus,,confirmed,scene voice_scene/voice_slot,
1538,18,1309,510,19,1,19,Rufus,,confirmed,scene voice_scene/voice_slot,
1538,19,1309,510,20,1,20,Alicia,,confirmed,scene voice_scene/voice_slot,
1538,20,1309,510,21,1,21,Rufus,,confirmed,scene voice_scene/voice_slot,
1538,21,1309,510,22,1,22,Rufus,,confirmed,scene voice_scene/voice_slot,
1538,22,1309,510,23,1,23,Rufus,,confirmed,scene voice_scene/voice_slot,
1538,23,1309,510,24,1,24,Rufus,,confirmed,scene voice_scene/voice_slot,
1538,24,1309,510,25,1,25,Alicia,,confirmed,scene voice_scene/voice_slot,
1538,25,1309,510,26,1,26,Alicia,,confirmed,scene voice_scene/voice_slot,
1538,26,1309,510,27,1,27,Alicia,,confirmed,scene voice_scene/voice_slot,
1538,27,1309,510,28,1,28,Alicia,,confirmed,scene voice_scene/voice_slot,
1538,28,1309,510,29,1,29,Alicia,,confirmed,scene voice_scene/voice_slot,
1538,29,1309,510,30,1,30,Alicia,,confirmed,scene voice_scene/voice_slot,
1538,30,1309,510,31,1,31,Rufus,,confirmed,scene voice_scene/voice_slot,
1538,31,1309,510,32,1,32,Rufus,,confirmed,scene voice_scene/voice_slot,
1539,0,1307,520,9,1,1,Rufus,,confirmed,scene voice_scene/voice_slot,
1539,1,1307,520,5,1,2,Rufus,,confirmed,scene voice_scene/voice_slot,
1539,2,1307,520,7,1,3,Rufus,,confirmed,scene voice_scene/voice_slot,
1539,3,1307,520,1,1,4,Alicia,,confirmed,scene voice_scene/voice_slot,
1539,4,1307,520,6,1,5,Odin,,confirmed,scene voice_scene/voice_slot,
1539,5,1307,520,8,1,6,Odin,,confirmed,scene voice_scene/voice_slot,
1539,6,1307,520,2,1,7,Odin,,confirmed,scene voice_scene/voice_slot,
1539,7,1307,520,3,1,8,Rufus,,confirmed,scene voice_scene/voice_slot,
1539,8,1307,520,4,1,9,Odin,,confirmed,scene voice_scene/voice_slot,
1539,9,1307,520,12,1,10,Rufus,,confirmed,scene voice_scene/voice_slot,
1539,10,1307,520,11,1,11,Odin,,confirmed,scene voice_scene/voice_slot,
1540,0,1307,530,2726,5,1,Rufus,,confirmed,scene voice_scene/voice_slot,
1540,1,1307,530,2710,5,2,Alicia,,confirmed,scene voice_scene/voice_slot,
1540,2,1307,530,2711,5,3,Alicia,,confirmed,scene voice_scene/voice_slot,
1540,3,1307,530,2727,5,4,Odin,,confirmed,scene voice_scene/voice_slot,
1540,4,1307,530,2712,5,5,Odin,,confirmed,scene voice_scene/voice_slot,
1540,5,1307,530,2734,5,6,Alicia,,confirmed,scene voice_scene/voice_slot,
1540,6,1307,530,2728,5,7,Alicia,,confirmed,scene voice_scene/voice_slot,
1540,7,1307,530,2737,5,8,Odin,,confirmed,scene voice_scene/voice_slot,
1540,8,1307,530,2713,5,9,Odin,,confirmed,scene voice_scene/voice_slot,
1540,9,1307,530,2738,5,10,Odin,,confirmed,scene voice_scene/voice_slot,
1540,10,1307,530,2729,5,11,Rufus,,confirmed,scene voice_scene/voice_slot,
1540,11,1307,530,2714,5,12,Alicia,,confirmed,scene voice_scene/voice_slot,
1540,12,1307,530,2715,5,13,Rufus,,confirmed,scene voice_scene/voice_slot,
1540,13,1307,530,2716,5,14,Rufus,,confirmed,scene voice_scene/voice_slot,
1540,14,1307,530,2717,5,15,Rufus,,confirmed,scene voice_scene/voice_slot,
1540,15,1307,530,2739,5,16,Alicia,,confirmed,scene voice_scene/voice_slot,
1540,16,1307,530,2730,5,17,Odin,,confirmed,scene voice_scene/voice_slot,
1540,17,1307,530,2719,5,18,Odin,,confirmed,scene voice_scene/voice_slot,
1540,18,1307,530,2720,5,19,Odin,,confirmed,scene voice_scene/voice_slot,
1540,19,1307,530,2736,5,20,Alicia,,confirmed,scene voice_scene/voice_slot,
1540,20,1307,530,2721,5,21,Lezard,,confirmed,scene voice_scene/voice_slot,
1540,21,1307,530,2722,5,22,Lezard,,confirmed,scene voice_scene/voice_slot,
1540,22,1307,530,2735,5,23,Lezard,,confirmed,scene voice_scene/voice_slot,
1540,23,1307,530,2723,5,24,Alicia,,confirmed,scene voice_scene/voice_slot,
1540,24,1307,530,2724,5,25,Lezard,,confirmed,scene voice_scene/voice_slot,
1540,25,1307,530,2725,5,26,Lezard,,confirmed,scene voice_scene/voice_slot,
1541,0,1337,,1567,2,33,Odin,,confirmed,USA voice clips matched to subtitle text; bank 1541 slots 5-7 are background ritual speech without subtitle rows,
1541,1,1337,,1570,2,34,Freya,,confirmed,USA voice clips matched to subtitle text; bank 1541 slots 5-7 are background ritual speech without subtitle rows,
1541,2,1337,,1568,2,35,Freya,,confirmed,USA voice clips matched to subtitle text; bank 1541 slots 5-7 are background ritual speech without subtitle rows,
1541,3,1337,,1571,2,36,Freya,,confirmed,USA voice clips matched to subtitle text; bank 1541 slots 5-7 are background ritual speech without subtitle rows,
1541,4,1337,,1569,2,37,Odin,,confirmed,USA voice clips matched to subtitle text; bank 1541 slots 5-7 are background ritual speech without subtitle rows,
1541,5,1337,,,,,,background ritual speech,confirmed,auditioned background slot,
1541,6,1337,,,,,,background ritual speech,confirmed,auditioned background slot,
1541,7,1337,,,,,,background ritual speech,confirmed,auditioned background slot,
1541,8,1337,,1583,2,38,Odin,,confirmed,USA voice clips matched to subtitle text; bank 1541 slots 5-7 are background ritual speech without subtitle rows,
1541,9,1337,,1582,2,39,Odin,,confirmed,USA voice clips matched to subtitle text; bank 1541 slots 5-7 are background ritual speech without subtitle rows,
1541,10,1337,,1581,2,40,Odin,,confirmed,USA voice clips matched to subtitle text; bank 1541 slots 5-7 are background ritual speech without subtitle rows,
1541,11,1337,,1580,2,41,Lezard,,confirmed,USA voice clips matched to subtitle text; bank 1541 slots 5-7 are background ritual speech without subtitle rows,
1541,12,1337,,1579,2,42,Odin,,confirmed,USA voice clips matched to subtitle text; bank 1541 slots 5-7 are background ritual speech without subtitle rows,
1542,0,1337,543,1572,2,43,Lezard,,confirmed,USA voice clips matched to subtitle text; bank 1541 slots 5-7 are background ritual speech without subtitle rows,
1542,1,1337,543,1573,2,44,Lezard,,confirmed,USA voice clips matched to subtitle text; bank 1541 slots 5-7 are background ritual speech without subtitle rows,
1542,2,1337,543,1574,2,45,Lezard,,confirmed,USA voice clips matched to subtitle text; bank 1541 slots 5-7 are background ritual speech without subtitle rows,
1542,3,1337,543,1575,2,46,Lezard,,confirmed,USA voice clips matched to subtitle text; bank 1541 slots 5-7 are background ritual speech without subtitle rows,
1543,0,1307,550,1573,3,1,Alicia,,confirmed,scene voice_scene/voice_slot,
1543,1,1307,550,1531,3,2,Alicia,,confirmed,scene voice_scene/voice_slot,
1543,2,1307,550,1532,3,3,Alicia,,confirmed,scene voice_scene/voice_slot,
1543,3,1307,550,1570,3,4,Alicia,,confirmed,scene voice_scene/voice_slot,
1543,4,1307,550,1571,3,5,Rufus,,confirmed,scene voice_scene/voice_slot,
1543,5,1307,550,1572,3,6,Rufus,,confirmed,scene voice_scene/voice_slot,
1543,6,1307,550,1533,3,7,Alicia,,confirmed,scene voice_scene/voice_slot,
1543,7,1307,550,1534,3,8,Rufus,,confirmed,scene voice_scene/voice_slot,
1543,8,1307,550,1535,3,9,Rufus,,confirmed,scene voice_scene/voice_slot,
1543,9,1307,550,1536,3,10,Rufus,,confirmed,scene voice_scene/voice_slot,
1543,10,1307,550,1537,3,11,Rufus,,confirmed,scene voice_scene/voice_slot,
1543,11,1307,550,1538,3,12,Alicia,,confirmed,scene voice_scene/voice_slot,
1543,12,1307,550,1539,3,13,Rufus,,confirmed,scene voice_scene/voice_slot,
1543,13,1307,550,1540,3,14,Rufus,,confirmed,scene voice_scene/voice_slot,
1543,14,1307,550,1563,3,15,Alicia,,confirmed,scene voice_scene/voice_slot,
1543,15,1307,550,1564,3,16,Rufus,,confirmed,scene voice_scene/voice_slot,
1543,16,1307,550,1574,3,17,Alicia,,confirmed,scene voice_scene/voice_slot,
1543,17,1307,550,1541,3,18,Rufus,,confirmed,scene voice_scene/voice_slot,
1543,18,1307,550,1542,3,19,Rufus,,confirmed,scene voice_scene/voice_slot,
1543,19,1307,550,1543,3,20,Rufus,,confirmed,scene voice_scene/voice_slot,
1543,20,1307,550,1544,3,21,Alicia,,confirmed,scene voice_scene/voice_slot,
1543,21,1307,550,1545,3,22,Rufus,,confirmed,scene voice_scene/voice_slot,
1543,22,1307,550,1546,3,23,Rufus,,confirmed,scene voice_scene/voice_slot,
1543,23,1307,550,1575,3,24,Rufus,,confirmed,scene voice_scene/voice_slot,
1543,24,1307,550,1576,3,25,Alicia,,confirmed,scene voice_scene/voice_slot,
1543,25,1307,550,1547,3,26,Rufus,,confirmed,scene voice_scene/voice_slot,
1543,26,1307,550,1548,3,27,Rufus,,confirmed,scene voice_scene/voice_slot,
1543,27,1307,550,1549,3,28,Alicia,,confirmed,scene voice_scene/voice_slot,
1543,28,1307,550,1550,3,29,Rufus,,confirmed,scene voice_scene/voice_slot,
1543,29,1307,550,1551,3,30,Rufus,,confirmed,scene voice_scene/voice_slot,
1543,30,1307,550,1552,3,31,Rufus,,confirmed,scene voice_scene/voice_slot,
1543,31,1307,550,1553,3,32,Rufus,,confirmed,scene voice_scene/voice_slot,
1543,32,1307,550,1554,3,33,Alicia,,confirmed,scene voice_scene/voice_slot,
1543,33,1307,550,1555,3,34,Rufus,,confirmed,scene voice_scene/voice_slot,
1543,34,1307,550,1556,3,35,Alicia,,confirmed,scene voice_scene/voice_slot,
1543,35,1307,550,1557,3,36,Alicia,,confirmed,scene voice_scene/voice_slot,
1543,36,1307,550,1558,3,37,Rufus,,confirmed,scene voice_scene/voice_slot,
1543,37,1307,550,1559,3,38,Alicia,,confirmed,scene voice_scene/voice_slot,
1543,38,1307,550,1560,3,39,Rufus,,confirmed,scene voice_scene/voice_slot,
1543,39,1307,550,1577,3,40,Rufus,,confirmed,scene voice_scene/voice_slot,
1543,40,1307,550,1578,3,41,Rufus,,confirmed,scene voice_scene/voice_slot,
1543,41,1307,550,1561,3,42,Rufus,,confirmed,scene voice_scene/voice_slot,
1543,42,1307,550,1579,3,43,Alicia,,confirmed,scene voice_scene/voice_slot,
1543,43,1307,550,1562,3,44,Rufus,,confirmed,scene voice_scene/voice_slot,
1543,44,1307,550,1565,3,45,Rufus,,confirmed,scene voice_scene/voice_slot,
1543,45,1307,550,1566,3,46,Alicia,,confirmed,scene voice_scene/voice_slot,
1543,46,1307,550,1567,3,47,Rufus,,confirmed,scene voice_scene/voice_slot,
1543,47,1307,550,1568,3,48,Alicia,,confirmed,scene voice_scene/voice_slot,
1543,48,1307,550,1569,3,49,Rufus,,confirmed,scene voice_scene/voice_slot,
1543,49,1307,550,1580,3,50,Alicia,,confirmed,scene voice_scene/voice_slot,
1544,0,1299,560,1193,4,1,Freya,,confirmed,scene voice_scene/voice_slot,
1544,1,1299,560,1194,4,2,Hrist,,confirmed,scene voice_scene/voice_slot,
1544,2,1299,560,1195,4,3,Hrist,,confirmed,scene voice_scene/voice_slot,
1544,3,1299,560,1196,4,4,Freya,,confirmed,scene voice_scene/voice_slot,
1544,4,1299,560,1197,4,5,Hrist,,confirmed,scene voice_scene/voice_slot,
1544,5,1299,560,1198,4,6,Freya,,confirmed,scene voice_scene/voice_slot,
1544,6,1299,560,1199,4,7,Freya,,confirmed,scene voice_scene/voice_slot,
1544,7,1299,560,1204,4,8,Hrist,,confirmed,scene voice_scene/voice_slot,
1544,8,1299,560,1200,4,9,Freya,,confirmed,scene voice_scene/voice_slot,
1544,9,1299,560,1201,4,10,Freya,,confirmed,scene voice_scene/voice_slot,
1544,10,1299,560,1205,4,11,Freya,,confirmed,scene voice_scene/voice_slot,
1544,11,1299,560,1202,4,12,Freya,,confirmed,scene voice_scene/voice_slot,
1544,12,1299,560,1203,4,13,Hrist,,confirmed,scene voice_scene/voice_slot,
1544,13,1299,560,1206,4,14,Freya,,confirmed,scene voice_scene/voice_slot,
1545,0,1301,571,1,1,1,Hrist,,confirmed,scene voice_scene/voice_slot,
1546,0,1303,572,1209,2,1,Hrist,,confirmed,scene voice_scene/voice_slot,
1546,1,1303,572,1210,2,2,Hrist,,confirmed,scene voice_scene/voice_slot,
1546,2,1303,572,1211,2,3,Arngrim,,confirmed,scene voice_scene/voice_slot,
1546,3,1303,572,1212,2,4,Hrist,,confirmed,scene voice_scene/voice_slot,
1546,4,1303,572,1213,2,5,Arngrim,,confirmed,scene voice_scene/voice_slot,
1546,5,1303,572,1214,2,6,Hrist,,confirmed,scene voice_scene/voice_slot,
1546,6,1303,572,1215,2,7,Arngrim,,confirmed,scene voice_scene/voice_slot,
1546,7,1303,572,1216,2,8,Arngrim,,confirmed,scene voice_scene/voice_slot,
1546,8,1303,572,1218,2,9,Arngrim,,confirmed,scene voice_scene/voice_slot,
1547,0,1303,580,1254,3,1,Arngrim,,confirmed,scene voice_scene/voice_slot,
1547,1,1303,580,1220,3,2,Arngrim,,confirmed,scene voice_scene/voice_slot,
1547,2,1303,580,1221,3,3,Arngrim,,confirmed,scene voice_scene/voice_slot,
1547,3,1303,580,1222,3,4,Alicia,,confirmed,scene voice_scene/voice_slot,
1547,4,1303,580,1223,3,5,Rufus,,confirmed,scene voice_scene/voice_slot,
1547,5,1303,580,1251,3,6,Arngrim,,confirmed,scene voice_scene/voice_slot,
1547,6,1303,580,1250,3,7,Rufus,,confirmed,scene voice_scene/voice_slot,
1547,7,1303,580,1226,3,8,Arngrim,,confirmed,scene voice_scene/voice_slot,
1547,8,1303,580,1252,3,9,Arngrim,,confirmed,scene voice_scene/voice_slot,
1547,9,1303,580,1227,3,10,Arngrim,,confirmed,scene voice_scene/voice_slot,
1547,10,1303,580,1228,3,11,Rufus,,confirmed,scene voice_scene/voice_slot,
1547,11,1303,580,1229,3,12,Arngrim,,confirmed,scene voice_scene/voice_slot,
1547,12,1303,580,1230,3,13,Arngrim,,confirmed,scene voice_scene/voice_slot,
1547,13,1303,580,1231,3,14,Arngrim,,confirmed,scene voice_scene/voice_slot,
1547,14,1303,580,1232,3,15,Arngrim,,confirmed,scene voice_scene/voice_slot,
1547,15,1303,580,1233,3,16,Rufus,,confirmed,scene voice_scene/voice_slot,
1547,16,1303,580,1234,3,17,Arngrim,,confirmed,scene voice_scene/voice_slot,
1547,17,1303,580,1255,3,18,Arngrim,,confirmed,scene voice_scene/voice_slot,
1547,18,1303,580,1236,3,19,Alicia,,confirmed,scene voice_scene/voice_slot,
1547,19,1303,580,1237,3,20,Alicia,,confirmed,scene voice_scene/voice_slot,
1547,20,1303,580,1238,3,21,Rufus,,confirmed,scene voice_scene/voice_slot,
1547,21,1303,580,1239,3,22,Arngrim,,confirmed,scene voice_scene/voice_slot,
1547,22,1303,580,1253,3,23,Arngrim,,confirmed,scene voice_scene/voice_slot,
1547,23,1303,580,1241,3,24,Rufus,,confirmed,scene voice_scene/voice_slot,
1547,24,1303,580,1242,3,25,Arngrim,,confirmed,scene voice_scene/voice_slot,
1547,25,1303,580,1243,3,26,Arngrim,,confirmed,scene voice_scene/voice_slot,
1547,26,1303,580,1244,3,27,Rufus,,confirmed,scene voice_scene/voice_slot,
1547,27,1303,580,1245,3,28,Arngrim,,confirmed,scene voice_scene/voice_slot,
1547,28,1303,580,1246,3,29,Alicia,,confirmed,scene voice_scene/voice_slot,
1547,29,1303,580,1247,3,30,Alicia,,confirmed,scene voice_scene/voice_slot,
1547,30,1303,580,1248,3,31,Arngrim,,confirmed,scene voice_scene/voice_slot,
1547,31,1303,580,1249,3,32,Arngrim,,confirmed,scene voice_scene/voice_slot,
1548,0,1305,590,1255,1,1,Alicia,,confirmed,scene voice_scene/voice_slot,
1548,1,1305,590,1256,1,2,Rufus,,confirmed,scene voice_scene/voice_slot,
1548,2,1305,590,1257,1,3,Alicia,,confirmed,scene voice_scene/voice_slot,
1548,3,1305,590,1258,1,4,Rufus,,confirmed,scene voice_scene/voice_slot,
1548,4,1305,590,1259,1,5,Alicia,,confirmed,scene voice_scene/voice_slot,
1548,5,1305,590,1260,1,6,Rufus,,confirmed,scene voice_scene/voice_slot,
1548,6,1305,590,1261,1,7,Alicia,,confirmed,scene voice_scene/voice_slot,
1548,7,1305,590,1262,1,8,Alicia,,confirmed,scene voice_scene/voice_slot,
1548,8,1305,590,1263,1,9,Arngrim,,confirmed,scene voice_scene/voice_slot,
1548,9,1305,590,1264,1,10,Alicia,,confirmed,scene voice_scene/voice_slot,
1548,10,1305,590,1298,1,11,Hrist,,confirmed,scene voice_scene/voice_slot,
1548,11,1305,590,1265,1,12,Arngrim,,confirmed,scene voice_scene/voice_slot,
1548,12,1305,590,1266,1,13,Hrist,,confirmed,scene voice_scene/voice_slot,
1548,13,1305,590,1267,1,14,Rufus,,confirmed,scene voice_scene/voice_slot,
1548,14,1305,590,1268,1,15,Hrist,,confirmed,scene voice_scene/voice_slot,
1548,15,1305,590,1269,1,16,Hrist,,confirmed,scene voice_scene/voice_slot,
1548,16,1305,590,1288,1,17,Rufus,,confirmed,scene voice_scene/voice_slot,
1548,17,1305,590,1289,1,18,Hrist,,confirmed,scene voice_scene/voice_slot,
1548,18,1305,590,1290,1,19,Rufus,,confirmed,scene voice_scene/voice_slot,
1548,19,1305,590,1291,1,20,Hrist,,confirmed,scene voice_scene/voice_slot,
1548,20,1305,590,1276,1,21,Rufus,,confirmed,scene voice_scene/voice_slot,
1548,21,1305,590,1295,1,22,Hrist,,confirmed,scene voice_scene/voice_slot,
1548,22,1305,590,1292,1,23,Hrist,,confirmed,scene voice_scene/voice_slot,
1548,23,1305,590,1270,1,24,Hrist,,confirmed,scene voice_scene/voice_slot,
1548,24,1305,590,1271,1,25,Alicia,,confirmed,scene voice_scene/voice_slot,
1548,25,1305,590,1272,1,26,Lezard,,confirmed,scene voice_scene/voice_slot,
1548,26,1305,590,1273,1,27,Lezard,,confirmed,scene voice_scene/voice_slot,
1548,27,1305,590,1274,1,28,Lezard,,confirmed,scene voice_scene/voice_slot,
1548,28,1305,590,1275,1,29,Lezard,,confirmed,scene voice_scene/voice_slot,
1548,29,1305,590,1278,1,30,Alicia,,confirmed,scene voice_scene/voice_slot,
1548,30,1305,590,1279,1,31,Hrist,,confirmed,scene voice_scene/voice_slot,
1548,31,1305,590,1280,1,32,Hrist,,confirmed,scene voice_scene/voice_slot,
1548,32,1305,590,1281,1,33,Rufus,,confirmed,scene voice_scene/voice_slot,
1548,33,1305,590,1282,1,34,Arngrim,,confirmed,scene voice_scene/voice_slot,
1548,34,1305,590,1283,1,35,Rufus,,confirmed,scene voice_scene/voice_slot,
1548,35,1305,590,1284,1,36,Rufus,,confirmed,scene voice_scene/voice_slot,
1548,36,1305,590,1293,1,37,Hrist,,confirmed,scene voice_scene/voice_slot,
1548,37,1305,590,1294,1,38,Alicia,,confirmed,scene voice_scene/voice_slot,
1548,38,1305,590,1285,1,39,Alicia,,confirmed,scene voice_scene/voice_slot,
1548,39,1305,590,1286,1,40,Freya,,confirmed,scene voice_scene/voice_slot,
1548,40,1305,590,1287,1,41,Freya,,confirmed,scene voice_scene/voice_slot,
1549,0,1305,600,1299,2,1,Alicia,,confirmed,scene voice_scene/voice_slot,
1549,1,1305,600,1300,2,2,Arngrim,,confirmed,scene voice_scene/voice_slot,
1549,2,1305,600,1309,2,3,Freya,,confirmed,scene voice_scene/voice_slot,
1549,3,1305,600,1301,2,4,Freya,,confirmed,scene voice_scene/voice_slot,
1549,4,1305,600,1311,2,5,Arngrim,,confirmed,scene voice_scene/voice_slot,
1549,5,1305,600,1302,2,6,Arngrim,,confirmed,scene voice_scene/voice_slot,
1549,6,1305,600,1303,2,7,Freya,,confirmed,scene voice_scene/voice_slot,
1549,7,1305,600,1304,2,8,Hrist,,confirmed,scene voice_scene/voice_slot,
1549,8,1305,600,1305,2,9,Freya,,confirmed,scene voice_scene/voice_slot,
1549,9,1305,600,1312,2,10,Hrist,,confirmed,scene voice_scene/voice_slot,
1549,10,1305,600,1313,2,11,Freya,,confirmed,scene voice_scene/voice_slot,
1549,11,1305,600,1310,2,12,Freya,,confirmed,scene voice_scene/voice_slot,
1549,12,1305,600,1307,2,13,Freya,,confirmed,scene voice_scene/voice_slot,
1549,13,1305,600,1308,2,14,Freya,,confirmed,scene voice_scene/voice_slot,
1550,0,1311,830,1184,1,1,Alicia,,confirmed,scene voice_scene/voice_slot,
1550,1,1311,830,1187,1,2,Rufus,,confirmed,scene voice_scene/voice_slot,
1550,2,1311,830,1178,1,3,Alicia,,confirmed,scene voice_scene/voice_slot,
1550,3,1311,830,1185,1,4,Rufus,,confirmed,scene voice_scene/voice_slot,
1550,4,1311,830,1186,1,5,Rufus,,confirmed,scene voice_scene/voice_slot,
1550,5,1311,830,1188,1,6,Alicia,,confirmed,scene voice_scene/voice_slot,
1550,6,1311,830,1180,1,7,Rufus,,confirmed,scene voice_scene/voice_slot,
1550,7,1311,830,1181,1,8,Rufus,,confirmed,scene voice_scene/voice_slot,
1550,8,1311,830,1182,1,9,Alicia,,confirmed,scene voice_scene/voice_slot,
1550,9,1311,830,1183,1,10,Rufus,,confirmed,scene voice_scene/voice_slot,
1551,0,1307,860,1693,4,1,Alicia,,confirmed,scene voice_scene/voice_slot,
1551,1,1307,860,1694,4,2,Alicia,,confirmed,scene voice_scene/voice_slot,
1552,0,1233,870,930,2,1,Rufus,,confirmed,scene voice_scene/voice_slot,
1553,0,1313,610,34,1,1,Arngrim,,confirmed,scene voice_scene/voice_slot,
1553,1,1313,610,30,1,2,Hrist,,confirmed,scene voice_scene/voice_slot,
1553,2,1313,610,2,1,3,Hrist,,confirmed,scene voice_scene/voice_slot,
1553,3,1313,610,3,1,4,Rufus,,confirmed,scene voice_scene/voice_slot,
1553,4,1313,610,24,1,5,Hrist,,confirmed,scene voice_scene/voice_slot,
1553,5,1313,610,22,1,6,Hrist,,confirmed,scene voice_scene/voice_slot,
1553,6,1313,610,4,1,7,Brahms,,confirmed,scene voice_scene/voice_slot,
1553,7,1313,610,5,1,8,Brahms,,confirmed,scene voice_scene/voice_slot,
1553,8,1313,610,18,1,9,Hrist,,confirmed,scene voice_scene/voice_slot,
1553,9,1313,610,25,1,10,Alicia,,confirmed,scene voice_scene/voice_slot,
1553,10,1313,610,23,1,11,Brahms,,confirmed,scene voice_scene/voice_slot,
1553,11,1313,610,6,1,12,Hrist,,confirmed,scene voice_scene/voice_slot,
1553,12,1313,610,17,1,13,Hrist,,confirmed,scene voice_scene/voice_slot,
1553,13,1313,610,35,1,14,Alicia,,confirmed,scene voice_scene/voice_slot,
1553,14,1313,610,7,1,15,Rufus,,confirmed,scene voice_scene/voice_slot,
1553,15,1313,610,19,1,16,Alicia,,confirmed,scene voice_scene/voice_slot,
1553,16,1313,610,33,1,17,Hrist,,confirmed,scene voice_scene/voice_slot,
1553,17,1313,610,9,1,18,Alicia,,confirmed,scene voice_scene/voice_slot,
1553,18,1313,610,15,1,19,Hrist,,confirmed,scene voice_scene/voice_slot,
1553,19,1313,610,20,1,20,Hrist,,confirmed,scene voice_scene/voice_slot,
1553,20,1313,610,10,1,21,Brahms,,confirmed,scene voice_scene/voice_slot,
1553,21,1313,610,11,1,22,Rufus,,confirmed,scene voice_scene/voice_slot,
1553,22,1313,610,32,1,23,Hrist,,confirmed,scene voice_scene/voice_slot,
1553,23,1313,610,26,1,24,Brahms,,confirmed,scene voice_scene/voice_slot,
1553,24,1313,610,12,1,25,Brahms,,confirmed,scene voice_scene/voice_slot,
1553,25,1313,610,21,1,26,Hrist,,confirmed,scene voice_scene/voice_slot,
1553,26,1313,610,27,1,27,Arngrim,,confirmed,scene voice_scene/voice_slot,
1553,27,1313,610,16,1,28,Hrist,,confirmed,scene voice_scene/voice_slot,
1553,28,1313,610,28,1,29,Hrist,,confirmed,scene voice_scene/voice_slot,
1553,29,1313,610,13,1,30,Arngrim,,confirmed,scene voice_scene/voice_slot,
1553,30,1313,610,29,1,31,Hrist,,confirmed,scene voice_scene/voice_slot,
1553,31,1313,610,14,1,32,Hrist,,confirmed,scene voice_scene/voice_slot,
1554,0,1351,621,1349,1,1,Hrist,,confirmed,scene voice_scene/voice_slot,
1554,1,1351,621,1350,1,2,Lenneth,,confirmed,scene voice_scene/voice_slot,
1554,2,1351,621,1351,1,3,Hrist,,confirmed,scene voice_scene/voice_slot,
1554,3,1351,621,1352,1,4,Lenneth,,confirmed,scene voice_scene/voice_slot,
1554,4,1351,621,1362,1,5,Lenneth,,confirmed,scene voice_scene/voice_slot,
1554,5,1351,621,1353,1,6,Lenneth,,confirmed,scene voice_scene/voice_slot,
1554,6,1351,621,1354,1,7,Rufus,,confirmed,scene voice_scene/voice_slot,
1554,7,1351,621,1355,1,8,Lenneth,,confirmed,scene voice_scene/voice_slot,
1554,8,1351,621,1356,1,9,Hrist,,confirmed,scene voice_scene/voice_slot,
1554,9,1351,621,1361,1,10,Hrist,,confirmed,scene voice_scene/voice_slot,
1554,10,1351,621,1357,1,11,Lenneth,,confirmed,scene voice_scene/voice_slot,
1554,11,1351,621,1369,1,12,Lenneth,,confirmed,scene voice_scene/voice_slot,
1554,12,1351,621,1366,1,13,Hrist,,confirmed,scene voice_scene/voice_slot,
1554,13,1351,621,1365,1,14,Lenneth,,confirmed,scene voice_scene/voice_slot,
1554,14,1351,621,1367,1,15,Brahms,,confirmed,scene voice_scene/voice_slot,
1554,15,1351,621,1371,1,16,Lenneth,,confirmed,scene voice_scene/voice_slot,
1554,16,1351,621,1370,1,17,Lenneth,,confirmed,scene voice_scene/voice_slot,
1554,17,1351,621,1363,1,18,Brahms,,confirmed,scene voice_scene/voice_slot,
1555,0,1315,623,3,1,1,Hrist,,confirmed,scene voice_scene/voice_slot,
1555,1,1315,623,4,1,2,Lenneth,,confirmed,scene voice_scene/voice_slot,
1555,2,1315,623,5,1,3,Lenneth,,confirmed,scene voice_scene/voice_slot,
1555,3,1315,623,1,1,4,Lenneth,,confirmed,scene voice_scene/voice_slot,
1555,4,1315,623,6,1,5,Rufus,,confirmed,scene voice_scene/voice_slot,
1555,5,1315,623,7,1,6,Lenneth,,confirmed,scene voice_scene/voice_slot,
1555,6,1315,623,2,1,7,Lenneth,,confirmed,scene voice_scene/voice_slot,
1555,7,1315,623,8,1,8,Lenneth,,confirmed,scene voice_scene/voice_slot,
1555,8,1315,623,9,1,9,Hrist,,confirmed,scene voice_scene/voice_slot,
1555,9,1315,623,10,1,10,Hrist,,confirmed,scene voice_scene/voice_slot,
1555,10,1315,623,11,1,11,Lenneth,,confirmed,scene voice_scene/voice_slot,
1556,0,1317,630,1,1,1,Rufus,,confirmed,scene voice_scene/voice_slot,
1556,1,1317,630,2,1,2,Arngrim,,confirmed,scene voice_scene/voice_slot,
1556,2,1317,630,3,1,3,Brahms,,confirmed,scene voice_scene/voice_slot,
1556,3,1317,630,,,,,,unmapped,,no subtitle record
1556,4,1317,630,5,1,4,Lenneth,,confirmed,scene voice_scene/voice_slot,
1556,5,1317,630,6,1,5,Alicia,,confirmed,scene voice_scene/voice_slot,
1556,6,1317,630,7,1,6,Brahms,,confirmed,scene voice_scene/voice_slot,
1557,0,1317,640,2629,2,1,Brahms,,confirmed,scene voice_scene/voice_slot,
1557,1,1317,640,2617,2,2,Rufus,,confirmed,scene voice_scene/voice_slot,
1557,2,1317,640,2618,2,3,Alicia,,confirmed,scene voice_scene/voice_slot,
1557,3,1317,640,2619,2,4,Alicia,,confirmed,scene voice_scene/voice_slot,
1557,4,1317,640,2620,2,5,Alicia,,confirmed,scene voice_scene/voice_slot,
1557,5,1317,640,2630,2,6,Alicia,,confirmed,scene voice_scene/voice_slot,
1557,6,1317,640,2627,2,7,Silmeria,,confirmed,scene voice_scene/voice_slot,
1557,7,1317,640,2621,2,8,Silmeria,,confirmed,scene voice_scene/voice_slot,
1557,8,1317,640,2628,2,9,Silmeria,,confirmed,scene voice_scene/voice_slot,
1557,9,1317,640,2622,2,10,Alicia,,confirmed,scene voice_scene/voice_slot,
1557,10,1317,640,2623,2,11,Silmeria,,confirmed,scene voice_scene/voice_slot,
1557,11,1317,640,2631,2,12,Alicia,,confirmed,scene voice_scene/voice_slot,
1557,12,1317,640,2624,2,13,Silmeria,,confirmed,scene voice_scene/voice_slot,
1557,13,1317,640,2625,2,14,Silmeria,,confirmed,scene voice_scene/voice_slot,
1557,14,1317,640,2626,2,15,Hrist,,confirmed,scene voice_scene/voice_slot,
1558,0,1353,650,1416,1,1,Lezard,,confirmed,scene voice_scene/voice_slot,
1558,1,1353,650,1435,1,2,Lezard,,confirmed,scene voice_scene/voice_slot,
1558,2,1353,650,1417,1,3,Hrist,,confirmed,scene voice_scene/voice_slot,
1558,3,1353,650,1418,1,4,Lezard,,confirmed,scene voice_scene/voice_slot,
1558,4,1353,650,1419,1,5,Lezard,,confirmed,scene voice_scene/voice_slot,
1558,5,1353,650,1420,1,6,Lezard,,confirmed,scene voice_scene/voice_slot,
1558,6,1353,650,1421,1,7,Lezard,,confirmed,scene voice_scene/voice_slot,
1558,7,1353,650,1439,1,8,Lenneth,,confirmed,scene voice_scene/voice_slot,
1558,8,1353,650,1438,1,9,Lenneth,,confirmed,scene voice_scene/voice_slot,
1558,9,1353,650,1423,1,10,Lezard,,confirmed,scene voice_scene/voice_slot,
1558,10,1353,650,1424,1,11,Lezard,,confirmed,scene voice_scene/voice_slot,
1558,11,1353,650,1425,1,12,Lezard,,confirmed,scene voice_scene/voice_slot,
1558,12,1353,650,1426,1,13,Brahms,,confirmed,scene voice_scene/voice_slot,
1558,13,1353,650,1427,1,14,Lenneth,,confirmed,scene voice_scene/voice_slot,
1558,14,1353,650,1437,1,15,Lenneth,,confirmed,scene voice_scene/voice_slot,
1558,15,1353,650,1428,1,16,Lezard,,confirmed,scene voice_scene/voice_slot,
1558,16,1353,650,1429,1,17,Lezard,,confirmed,scene voice_scene/voice_slot,
1558,17,1353,650,1430,1,18,Lenneth,,confirmed,scene voice_scene/voice_slot,
1558,18,1353,650,1431,1,19,Lenneth,,confirmed,scene voice_scene/voice_slot,
1558,19,1353,650,1432,1,20,Lezard,,confirmed,scene voice_scene/voice_slot,
1558,20,1353,650,1433,1,21,Lezard,,confirmed,scene voice_scene/voice_slot,
1558,21,1353,650,1440,1,22,Lezard,,confirmed,scene voice_scene/voice_slot,
1559,0,1337,,1255,4,27,Lezard,,confirmed,USA voice clips matched to subtitle text; community audition,
1559,1,1337,,1256,4,28,Lezard,,confirmed,USA voice clips matched to subtitle text; community audition,
1559,2,1337,,1257,4,29,Lezard,,confirmed,USA voice clips matched to subtitle text; community audition,
1559,3,1337,,1258,4,30,Alicia,,confirmed,USA voice clips matched to subtitle text; community audition,
1559,4,1337,,1259,4,31,Alicia,,confirmed,USA voice clips matched to subtitle text; community audition,
1559,5,1337,,1260,4,32,Lezard,,confirmed,USA voice clips matched to subtitle text; community audition,
1559,6,1337,,1261,4,33,Lezard,,confirmed,USA voice clips matched to subtitle text; community audition,
1559,7,1337,,1262,4,34,Lezard,,confirmed,USA voice clips matched to subtitle text; community audition,
1559,8,1337,,1263,4,35,Arngrim,,confirmed,USA voice clips matched to subtitle text; community audition,
1559,9,1337,,1264,4,36,Lezard,,confirmed,USA voice clips matched to subtitle text; community audition,
1559,10,1337,,1265,4,37,Lezard,,confirmed,USA voice clips matched to subtitle text; community audition,
1559,11,1337,,1266,4,38,Lezard,,confirmed,USA voice clips matched to subtitle text; community audition,
1559,12,1337,,1267,4,39,Rufus,,confirmed,USA voice clips matched to subtitle text; community audition,
1559,13,1337,,1273,4,40,Brahms,,confirmed,USA voice clips matched to subtitle text; community audition,
1559,14,1337,,1268,4,41,Brahms,,confirmed,USA voice clips matched to subtitle text; community audition,
1559,15,1337,,1274,4,42,Lezard,,confirmed,USA voice clips matched to subtitle text; community audition,
1559,16,1337,,1276,4,43,Lezard,,confirmed,USA voice clips matched to subtitle text; community audition,
1559,17,1337,,1271,4,44,Lezard,,confirmed,USA voice clips matched to subtitle text; community audition,
1560,0,1321,680,44,1,1,Arngrim,,confirmed,scene voice_scene/voice_slot,
1560,1,1321,680,38,1,2,Brahms,,confirmed,scene voice_scene/voice_slot,
1560,2,1321,680,39,1,3,Rufus,,confirmed,scene voice_scene/voice_slot,
1560,3,1321,680,43,1,4,Brahms,,confirmed,scene voice_scene/voice_slot,
1560,4,1321,680,1,1,5,Rufus,,confirmed,scene voice_scene/voice_slot,
1560,5,1321,680,40,1,6,Arngrim,,confirmed,scene voice_scene/voice_slot,
1560,6,1321,680,,,,,,unmapped,,no subtitle record
1560,7,1321,680,4,1,7,Brahms,,confirmed,scene voice_scene/voice_slot,
1560,8,1321,680,41,1,8,Brahms,,confirmed,scene voice_scene/voice_slot,
1560,9,1321,680,5,1,9,Brahms,,confirmed,scene voice_scene/voice_slot,
1560,10,1321,680,6,1,10,Arngrim,,confirmed,scene voice_scene/voice_slot,
1560,11,1321,680,7,1,11,Brahms,,confirmed,scene voice_scene/voice_slot,
1560,12,1321,680,8,1,12,Brahms,,confirmed,scene voice_scene/voice_slot,
1560,13,1321,680,9,1,13,Brahms,,confirmed,scene voice_scene/voice_slot,
1560,14,1321,680,10,1,14,Brahms,,confirmed,scene voice_scene/voice_slot,
1560,15,1321,680,11,1,15,Rufus,,confirmed,scene voice_scene/voice_slot,
1560,16,1321,680,12,1,16,Brahms,,confirmed,scene voice_scene/voice_slot,
1560,17,1321,680,13,1,17,Alicia,,confirmed,scene voice_scene/voice_slot,
1560,18,1321,680,14,1,18,Alicia,,confirmed,scene voice_scene/voice_slot,
1560,19,1321,680,15,1,19,Rufus,,confirmed,scene voice_scene/voice_slot,
1560,20,1321,680,16,1,20,Brahms,,confirmed,scene voice_scene/voice_slot,
1560,21,1321,680,17,1,21,Brahms,,confirmed,scene voice_scene/voice_slot,
1560,22,1321,680,18,1,22,Brahms,,confirmed,scene voice_scene/voice_slot,
1560,23,1321,680,19,1,23,Alicia,,confirmed,scene voice_scene/voice_slot,
1560,24,1321,680,20,1,24,Alicia,,confirmed,scene voice_scene/voice_slot,
1560,25,1321,680,21,1,25,Brahms,,confirmed,scene voice_scene/voice_slot,
1560,26,1321,680,22,1,26,Alicia,,confirmed,scene voice_scene/voice_slot,
1560,27,1321,680,23,1,27,Brahms,,confirmed,scene voice_scene/voice_slot,
1560,28,1321,680,24,1,28,Alicia,,confirmed,scene voice_scene/voice_slot,
1560,29,1321,680,25,1,29,Rufus,,confirmed,scene voice_scene/voice_slot,
1560,30,1321,680,26,1,30,Rufus,,confirmed,scene voice_scene/voice_slot,
1560,31,1321,680,27,1,31,Alicia,,confirmed,scene voice_scene/voice_slot,
1560,32,1321,680,28,1,32,Alicia,,confirmed,scene voice_scene/voice_slot,
1560,33,1321,680,29,1,33,Alicia,,confirmed,scene voice_scene/voice_slot,
1560,34,1321,680,30,1,34,Alicia,,confirmed,scene voice_scene/voice_slot,
1560,35,1321,680,31,1,35,Alicia,,confirmed,scene voice_scene/voice_slot,
1560,36,1321,680,32,1,36,Alicia,,confirmed,scene voice_scene/voice_slot,
1560,37,1321,680,33,1,37,Brahms,,confirmed,scene voice_scene/voice_slot,
1560,38,1321,680,34,1,38,Alicia,,confirmed,scene voice_scene/voice_slot,
1560,39,1321,680,35,1,39,Rufus,,confirmed,scene voice_scene/voice_slot,
1560,40,1321,680,36,1,40,Alicia,,confirmed,scene voice_scene/voice_slot,
1561,0,1323,690,2666,2,1,Lezard,,confirmed,scene voice_scene/voice_slot,
1561,1,1323,690,2672,2,2,Lezard,,confirmed,scene voice_scene/voice_slot,
1561,2,1323,690,2669,2,3,Lezard,,confirmed,scene voice_scene/voice_slot,
1561,3,1323,690,2670,2,4,Lezard,,confirmed,scene voice_scene/voice_slot,
1563,0,1325,702,1558,1,1,Rufus,,confirmed,scene voice_scene/voice_slot,
1563,1,1325,702,1559,1,2,Rufus,,confirmed,scene voice_scene/voice_slot,
1563,2,1325,702,1560,1,3,Rufus,,confirmed,scene voice_scene/voice_slot,
1563,3,1325,702,1561,1,4,Rufus,,confirmed,scene voice_scene/voice_slot,
1563,4,1325,702,1562,1,5,Rufus,,confirmed,scene voice_scene/voice_slot,
1563,5,1325,702,1563,1,6,Brahms,,confirmed,scene voice_scene/voice_slot,
1563,6,1325,702,1564,1,7,Rufus,,confirmed,scene voice_scene/voice_slot,
1563,7,1325,702,1565,1,8,Brahms,,confirmed,scene voice_scene/voice_slot,
1563,8,1325,702,1582,1,9,Brahms,,confirmed,scene voice_scene/voice_slot,
1563,9,1325,702,1583,1,10,Arngrim,,confirmed,scene voice_scene/voice_slot,
1563,10,1325,702,1581,1,11,Brahms,,confirmed,scene voice_scene/voice_slot,
1563,11,1325,702,1569,1,12,Brahms,,confirmed,scene voice_scene/voice_slot,
1563,12,1325,702,1570,1,13,Brahms,,confirmed,scene voice_scene/voice_slot,
1563,13,1325,702,1571,1,14,Brahms,,confirmed,scene voice_scene/voice_slot,
1563,14,1325,702,1572,1,15,Rufus,,confirmed,scene voice_scene/voice_slot,
1563,15,1325,702,1573,1,16,Brahms,,confirmed,scene voice_scene/voice_slot,
1563,16,1325,702,1574,1,17,Arngrim,,confirmed,scene voice_scene/voice_slot,
1563,17,1325,702,1575,1,18,Brahms,,confirmed,scene voice_scene/voice_slot,
1563,18,1325,702,1576,1,19,Brahms,,confirmed,scene voice_scene/voice_slot,
1563,19,1325,702,1577,1,20,Arngrim,,confirmed,scene voice_scene/voice_slot,
1563,20,1325,702,1584,1,21,Brahms,,confirmed,scene voice_scene/voice_slot,
1563,21,1325,702,1579,1,22,Brahms,,confirmed,scene voice_scene/voice_slot,
1563,22,1325,702,1580,1,23,Rufus,,confirmed,scene voice_scene/voice_slot,
1564,0,1323,820,1,1,1,Lezard,,confirmed,scene voice_scene/voice_slot,
1564,1,1323,820,2,1,2,Lezard,,confirmed,scene voice_scene/voice_slot,
1565,0,1389,840,1,1,1,Lezard,,confirmed,scene voice_scene/voice_slot,
1565,1,1389,840,2,1,2,Hrist,,confirmed,scene voice_scene/voice_slot,
1565,2,1389,840,3,1,3,Lenneth,,confirmed,scene voice_scene/voice_slot,
1565,3,1389,840,4,1,4,Hrist,,confirmed,scene voice_scene/voice_slot,
1565,4,1389,840,5,1,5,Silmeria,,confirmed,scene voice_scene/voice_slot,
1565,5,1389,840,6,1,6,Silmeria,,confirmed,scene voice_scene/voice_slot,
1565,6,1389,840,7,1,7,Silmeria,,confirmed,scene voice_scene/voice_slot,
1565,7,1389,840,15,1,8,Lezard,,confirmed,scene voice_scene/voice_slot,
1565,8,1389,840,14,1,9,Lezard,,confirmed,scene voice_scene/voice_slot,
1565,9,1389,840,11,1,10,Lezard,,confirmed,scene voice_scene/voice_slot,
1565,10,1389,840,13,1,11,Valkyrie,,confirmed,scene voice_scene/voice_slot,
1565,11,1389,840,12,1,12,Rufus,,confirmed,scene voice_scene/voice_slot,
1566,0,1203,1020,16,1,1,Lezard,,confirmed,scene voice_scene/voice_slot,
1566,1,1203,1020,1,1,2,Lezard,,confirmed,scene voice_scene/voice_slot,
1566,2,1203,1020,2,1,3,Rufus,,confirmed,scene voice_scene/voice_slot,
1566,3,1203,1020,3,1,4,Lezard,,confirmed,scene voice_scene/voice_slot,
1566,4,1203,1020,4,1,5,Dylan,,confirmed,scene voice_scene/voice_slot,
1566,5,1203,1020,5,1,6,Lezard,,confirmed,scene voice_scene/voice_slot,
1566,6,1203,1020,6,1,7,Rufus,,confirmed,scene voice_scene/voice_slot,
1566,7,1203,1020,13,1,8,Dylan,,confirmed,scene voice_scene/voice_slot,
1566,8,1203,1020,8,1,9,Lezard,,confirmed,scene voice_scene/voice_slot,
1566,9,1203,1020,14,1,10,Dylan,,confirmed,scene voice_scene/voice_slot,
1566,10,1203,1020,10,1,11,Alicia,,confirmed,scene voice_scene/voice_slot,
1566,11,1203,1020,15,1,12,Dylan,,confirmed,scene voice_scene/voice_slot,
1566,12,1203,1020,12,1,13,Alicia,,confirmed,scene voice_scene/voice_slot,
