"menu","unit","resource","message_id","message_index"
"1","1","648","570",""
"1","1","652","504",""
"1","1","866","840",""
"1","1","648","571",""
"1","1","652","505",""
"1","1","866","841",""
"1","1","648","572",""
"1","1","652","506",""
"1","1","866","842",""
"1","1","648","573",""
"1","1","652","507",""
"1","1","866","843",""
"1","1","648","574",""
"1","1","652","508",""
"1","1","866","844",""
"1","1","648","575",""
"1","1","652","509",""
"1","1","866","845",""
"1","1","648","576",""
"1","1","652","510",""
"1","1","866","846",""
"1","1","648","577",""
"1","1","652","511",""
"1","1","866","847",""
"1","1","648","578",""
"1","1","652","512",""
"1","1","866","848",""
"1","1","648","579",""
"1","1","652","513",""
"1","1","866","849",""
"1","1","648","580",""
"1","1","652","514",""
"1","1","866","850",""
"1","1","648","581",""
"1","1","652","515",""
"1","1","866","851",""
"1","1","648","582",""
"1","1","652","516",""
"1","1","866","852",""
"1","1","648","583",""
"1","1","652","517",""
"1","1","866","853",""
"1","1","648","584",""
"1","1","652","518",""
"1","1","866","854",""
"1","1","648","585",""
"1","1","652","519",""
"1","1","866","855",""
"1","1","648","586",""
"1","1","652","520",""
"1","1","866","856",""
"1","1","648","587",""
"1","1","652","521",""
"1","1","866","857",""
"1","1","648","588",""
"1","1","652","522",""
"1","1","866","858",""
"1","1","648","589",""
"1","1","652","523",""
"1","1","866","859",""
"1","1","648","590",""
"1","1","652","524",""
"1","1","866","860",""
"1","1","648","591",""
"1","1","652","525",""
"1","1","866","861",""
"1","1","648","592",""
"1","1","652","526",""
"1","1","866","862",""
"1","1","648","593",""
"1","1","652","527",""
"1","1","866","863",""
"1","1","648","594",""
"1","1","652","528",""
"1","1","866","864",""
"1","1","648","595",""
"1","1","652","529",""
"1","1","866","865",""
"1","1","648","596",""
"1","1","652","530",""
"1","1","866","866",""
"1","1","648","597",""
"1","1","652","531",""
"1","1","866","867",""
"1","1","648","598",""
"1","1","652","532",""
"1","1","866","868",""
"1","1","648","599",""
"1","1","652","533",""
"1","1","866","869",""
"1","1","648","600",""
"1","1","652","534",""
"1","1","866","870",""
"1","1","648","601",""
"1","1","652","535",""
"1","1","866","871",""
"1","1","648","602",""
"1","1","652","536",""
"1","1","866","872",""
"1","1","648","603",""
"1","1","652","537",""
"1","1","866","873",""
"1","1","648","604",""
"1","1","652","538",""
"1","1","866","874",""
"1","1","648","605",""
"1","1","652","539",""
"1","1","866","875",""
"1","1","648","606",""
"1","1","652","540",""
"1","1","866","876",""
"1","1","648","607",""
"1","1","652","541",""
"1","1","866","877",""
"1","1","648","608",""
"1","1","652","542",""
"1","1","866","878",""
"1","1","648","609",""
"1","1","652","543",""
"1","1","866","879",""
"1","1","648","610",""
"1","1","652","544",""
"1","1","866","880",""
"1","1","648","611",""
"1","1","652","545",""
"1","1","866","881",""
"1","1","648","612",""
"1","1","652","546",""
"1","1","866","882",""
"1","1","648","613",""
"1","1","652","547",""
"1","1","866","883",""
"1","1","648","614",""
"1","1","652","548",""
"1","1","866","884",""
"1","1","648","615",""
"1","1","652","549",""
"1","1","866","885",""
"1","1","648","616",""
"1","1","652","550",""
"1","1","866","886",""
"1","1","648","617",""
"1","1","652","551",""
"1","1","866","887",""
"1","1","648","618",""
"1","1","652","552",""
"1","1","866","888",""
"1","1","648","619",""
"1","1","652","553",""
"1","1","866","889",""
"1","1","648","620",""
"1","1","652","554",""
"1","1","866","890",""
"1","1","648","621",""
"1","1","652","555",""
"1","1","866","891",""
"1","1","648","622",""
"1","1","652","556",""
"1","1","866","892",""
"1","1","648","623",""
"1","1","652","557",""
"1","1","866","893",""
"1","1","648","624",""
"1","1","652","558",""
"1","1","866","894",""
"1","1","648","625",""
"1","1","652","559",""
"1","1","866","895",""
"1","1","648","626",""
"1","1","652","560",""
"1","1","866","896",""
"1","1","648","627",""
"1","1","652","561",""
"1","1","866","897",""
"1","1","648","628",""
"1","1","652","562",""
"1","1","866","898",""
"1","1","648","629",""
"1","1","652","563",""
"1","1","866","899",""
"1","1","648","630",""
"1","1","652","564",""
"1","1","866","900",""
"1","1","648","631",""
"1","1","652","565",""
"1","1","866","901",""
"1","1","648","632",""
"1","1","652","566",""
"1","1","866","902",""
"1","1","648","633",""
"1","1","652","567",""
"1","1","866","903",""
"1","1","648","634",""
"1","1","652","568",""
"1","1","866","904",""
"1","1","648","635",""
"1","1","652","569",""
"1","1","866","905",""
"1","1","648","636",""
"1","1","652","570",""
"1","1","866","906",""
"1","1","648","637",""
"1","1","652","571",""
"1","1","866","907",""
"1","1","648","638",""
"1","1","652","572",""
"1","1","866","908",""
"1","1","648","639",""
"1","1","652","573",""
"1","1","866","909",""
"1","1","648","640",""
"1","1","652","574",""
"1","1","866","910",""
"1","1","648","641",""
"1","1","652","575",""
"1","1","866","911",""
"1","1","648","642",""
"1","1","652","576",""
"1","1","866","912",""
"1","1","648","643",""
"1","1","652","577",""
"1","1","866","913",""
"1","1","648","644",""
"1","1","652","578",""
"1","1","866","914",""
"1","1","648","645",""
"1","1","652","579",""
"1","1","866","915",""
"1","1","648","646",""
"1","1","652","580",""
"1","1","866","916",""
"1","1","648","647",""
"1","1","652","581",""
"1","1","866","917",""
"1","1","648","648",""
"1","1","652","582",""
"1","1","866","918",""
"1","1","648","649",""
"1","1","652","583",""
"1","1","866","919",""
"1","1","648","650",""
"1","1","652","584",""
"1","1","866","920",""
"1","1","648","651",""
"1","1","652","585",""
"1","1","866","921",""
"1","1","648","652",""
"1","1","652","586",""
"1","1","866","922",""
"1","1","648","653",""
"1","1","652","587",""
"1","1","866","923",""
"1","1","648","654",""
"1","1","652","588",""
"1","1","866","924",""
"1","1","648","655",""
"1","1","652","589",""
"1","1","866","925",""
"1","1","648","656",""
"1","1","652","590",""
"1","1","866","926",""
"1","1","648","657",""
"1","1","652","591",""
"1","1","866","927",""
"1","1","648","658",""
"1","1","652","592",""
"1","1","866","928",""
"1","1","648","659",""
"1","1","652","593",""
"1","1","866","929",""
"1","1","648","660",""
"1","1","652","594",""
"1","1","866","930",""
"1","1","648","661",""
"1","1","652","595",""
"1","1","866","931",""
"1","1","648","662",""
"1","1","652","596",""
"1","1","866","932",""
"1","1","648","663",""
"1","1","652","597",""
"1","1","866","933",""
"1","1","648","664",""
"1","1","652","598",""
"1","1","866","934",""
"1","1","648","665",""
"1","1","652","599",""
"1","1","866","935",""
"1","1","648","666",""
"1","1","652","600",""
"1","1","866","936",""
"1","1","648","667",""
"1","1","652","601",""
"1","1","866","937",""
"1","1","648","668",""
"1","1","652","602",""
"1","1","866","938",""
"1","2","648","480",""
"1","2","652","414",""
"1","2","866","750",""
"1","2","1781","14033",""
"1","2","648","481",""
"1","2","652","415",""
"1","2","866","751",""
"1","2","1781","14034",""
"1","2","648","482",""
"1","2","652","416",""
"1","2","866","752",""
"1","2","1781","14035",""
"1","2","648","483",""
"1","2","652","417",""
"1","2","866","753",""
"1","2","1781","14036",""
"1","2","648","484",""
"1","2","652","418",""
"1","2","866","754",""
"1","2","1781","14037",""
"1","2","648","485",""
"1","2","652","419",""
"1","2","866","755",""
"1","2","648","486",""
"1","2","652","420",""
"1","2","866","756",""
"1","2","648","487",""
"1","2","652","421",""
"1","2","866","757",""
"1","2","648","488",""
"1","2","652","422",""
"1","2","866","758",""
"1","2","648","489",""
"1","2","652","423",""
"1","2","866","759",""
"1","2","648","490",""
"1","2","652","424",""
"1","2","866","760",""
"1","2","648","491",""
"1","2","652","425",""
"1","2","866","761",""
"1","2","648","492",""
"1","2","652","426",""
"1","2","866","762",""
"1","2","648","493",""
"1","2","652","427",""
"1","2","866","763",""
"1","2","648","494",""
"1","2","652","428",""
"1","2","866","764",""
"1","2","648","495",""
"1","2","652","429",""
"1","2","866","765",""
"1","2","648","496",""
"1","2","652","430",""
"1","2","866","766",""
"1","2","648","497",""
"1","2","652","431",""
"1","2","866","767",""
"1","2","648","498",""
"1","2","652","432",""
"1","2","866","768",""
"1","2","648","499",""
"1","2","652","433",""
"1","2","866","769",""
"1","2","648","500",""
"1","2","652","434",""
"1","2","866","770",""
"1","2","648","501",""
"1","2","652","435",""
"1","2","866","771",""
"1","2","648","502",""
"1","2","652","436",""
"1","2","866","772",""
"1","2","648","503",""
"1","2","652","437",""
"1","2","866","773",""
"1","2","648","504",""
"1","2","652","438",""
"1","2","866","774",""
"1","2","648","505",""
"1","2","652","439",""
"1","2","866","775",""
"1","2","648","506",""
"1","2","652","440",""
"1","2","866","776",""
"1","2","648","507",""
"1","2","652","441",""
"1","2","866","777",""
"1","2","648","508",""
"1","2","652","442",""
"1","2","866","778",""
"1","2","648","509",""
"1","2","652","443",""
"1","2","866","779",""
"1","2","648","510",""
"1","2","652","444",""
"1","2","866","780",""
"1","2","648","511",""
"1","2","652","445",""
"1","2","866","781",""
"1","2","648","512",""
"1","2","652","446",""
"1","2","866","782",""
"1","2","648","513",""
"1","2","652","447",""
"1","2","866","783",""
"1","2","648","514",""
"1","2","652","448",""
"1","2","866","784",""
"1","2","648","515",""
"1","2","652","449",""
"1","2","866","785",""
"1","2","648","516",""
"1","2","652","450",""
"1","2","866","786",""
"1","2","648","517",""
"1","2","652","451",""
"1","2","866","787",""
"1","2","648","518",""
"1","2","652","452",""
"1","2","866","788",""
"1","2","648","519",""
"1","2","652","453",""
"1","2","866","789",""
"1","2","648","520",""
"1","2","652","454",""
"1","2","866","790",""
"1","2","648","521",""
"1","2","652","455",""
"1","2","866","791",""
"1","2","648","522",""
"1","2","652","456",""
"1","2","866","792",""
"1","2","648","523",""
"1","2","652","457",""
"1","2","866","793",""
"1","2","648","524",""
"1","2","652","458",""
"1","2","866","794",""
"1","2","648","525",""
"1","2","652","459",""
"1","2","866","795",""
"1","2","648","526",""
"1","2","652","460",""
"1","2","866","796",""
"1","2","648","527",""
"1","2","652","461",""
"1","2","866","797",""
"1","2","648","528",""
"1","2","652","462",""
"1","2","866","798",""
"1","2","648","529",""
"1","2","652","463",""
"1","2","866","799",""
"1","2","648","530",""
"1","2","652","464",""
"1","2","866","800",""
"1","2","648","531",""
"1","2","652","465",""
"1","2","866","801",""
"1","2","648","532",""
"1","2","652","466",""
"1","2","866","802",""
"1","2","648","533",""
"1","2","652","467",""
"1","2","866","803",""
"1","2","648","534",""
"1","2","652","468",""
"1","2","866","804",""
"1","2","648","535",""
"1","2","652","469",""
"1","2","866","805",""
"1","2","648","536",""
"1","2","652","470",""
"1","2","866","806",""
"1","2","648","537",""
"1","2","652","471",""
"1","2","866","807",""
"1","2","648","538",""
"1","2","652","472",""
"1","2","866","808",""
"1","2","648","539",""
"1","2","652","473",""
"1","2","866","809",""
"1","2","648","540",""
"1","2","652","474",""
"1","2","866","810",""
"1","2","648","541",""
"1","2","652","475",""
"1","2","866","811",""
"1","2","648","542",""
"1","2","652","476",""
"1","2","866","812",""
"1","2","648","543",""
"1","2","652","477",""
"1","2","866","813",""
"1","2","648","544",""
"1","2","652","478",""
"1","2","866","814",""
"1","2","648","545",""
"1","2","652","479",""
"1","2","866","815",""
"1","2","648","546",""
"1","2","652","480",""
"1","2","866","816",""
"1","2","648","547",""
"1","2","652","481",""
"1","2","866","817",""
"1","3","648","313",""
"1","3","652","247",""
"1","3","866","583",""
"1","3","1781","14039",""
"1","3","648","314",""
"1","3","652","248",""
"1","3","866","584",""
"1","3","1781","14046",""
"1","3","648","315",""
"1","3","652","249",""
"1","3","866","585",""
"1","3","648","316",""
"1","3","652","250",""
"1","3","866","586",""
"1","3","648","317",""
"1","3","652","251",""
"1","3","866","587",""
"1","3","648","318",""
"1","3","652","252",""
"1","3","866","588",""
"1","3","648","319",""
"1","3","652","253",""
"1","3","866","589",""
"1","3","648","320",""
"1","3","652","254",""
"1","3","866","590",""
"1","3","648","321",""
"1","3","652","255",""
"1","3","866","591",""
"1","3","648","322",""
"1","3","652","256",""
"1","3","866","592",""
"1","3","648","323",""
"1","3","652","257",""
"1","3","866","593",""
"1","3","648","324",""
"1","3","652","258",""
"1","3","866","594",""
"1","3","648","325",""
"1","3","652","259",""
"1","3","866","595",""
"1","3","648","326",""
"1","3","652","260",""
"1","3","866","596",""
"1","3","648","327",""
"1","3","652","261",""
"1","3","866","597",""
"1","3","648","328",""
"1","3","652","262",""
"1","3","866","598",""
"1","3","648","329",""
"1","3","652","263",""
"1","3","866","599",""
"1","3","648","330",""
"1","3","652","264",""
"1","3","866","600",""
"1","3","648","331",""
"1","3","652","265",""
"1","3","866","601",""
"1","3","648","332",""
"1","3","652","266",""
"1","3","866","602",""
"1","3","648","333",""
"1","3","652","267",""
"1","3","866","603",""
"1","3","648","334",""
"1","3","652","268",""
"1","3","866","604",""
"1","3","648","335",""
"1","3","652","269",""
"1","3","866","605",""
"1","3","648","336",""
"1","3","652","270",""
"1","3","866","606",""
"1","3","648","337",""
"1","3","652","271",""
"1","3","866","607",""
"1","3","648","338",""
"1","3","652","272",""
"1","3","866","608",""
"1","3","648","339",""
"1","3","652","273",""
"1","3","866","609",""
"1","3","648","340",""
"1","3","652","274",""
"1","3","866","610",""
"1","3","648","341",""
"1","3","652","275",""
"1","3","866","611",""
"1","3","648","342",""
"1","3","652","276",""
"1","3","866","612",""
"1","3","648","343",""
"1","3","652","277",""
"1","3","866","613",""
"1","3","648","344",""
"1","3","652","278",""
"1","3","866","614",""
"1","3","648","345",""
"1","3","652","279",""
"1","3","866","615",""
"1","3","648","346",""
"1","3","652","280",""
"1","3","866","616",""
"1","3","648","347",""
"1","3","652","281",""
"1","3","866","617",""
"1","3","648","348",""
"1","3","652","282",""
"1","3","866","618",""
"1","3","648","349",""
"1","3","652","283",""
"1","3","866","619",""
"1","3","648","350",""
"1","3","652","284",""
"1","3","866","620",""
"1","3","648","351",""
"1","3","652","285",""
"1","3","866","621",""
"1","3","648","352",""
"1","3","652","286",""
"1","3","866","622",""
"1","3","648","353",""
"1","3","652","287",""
"1","3","866","623",""
"1","3","648","354",""
"1","3","652","288",""
"1","3","866","624",""
"1","3","648","355",""
"1","3","652","289",""
"1","3","866","625",""
"1","3","648","356",""
"1","3","652","290",""
"1","3","866","626",""
"1","3","648","357",""
"1","3","652","291",""
"1","3","866","627",""
"1","3","648","358",""
"1","3","652","292",""
"1","3","866","628",""
"1","3","648","359",""
"1","3","652","293",""
"1","3","866","629",""
"1","4","648","249",""
"1","4","652","183",""
"1","4","866","519",""
"1","4","1781","14020",""
"1","4","648","250",""
"1","4","652","184",""
"1","4","866","520",""
"1","4","1781","14021",""
"1","4","648","251",""
"1","4","652","185",""
"1","4","866","521",""
"1","4","1781","14022",""
"1","4","648","252",""
"1","4","652","186",""
"1","4","866","522",""
"1","4","648","253",""
"1","4","652","187",""
"1","4","866","523",""
"1","4","648","254",""
"1","4","652","188",""
"1","4","866","524",""
"1","4","648","255",""
"1","4","652","189",""
"1","4","866","525",""
"1","4","648","256",""
"1","4","652","190",""
"1","4","866","526",""
"1","4","648","257",""
"1","4","652","191",""
"1","4","866","527",""
"1","4","648","258",""
"1","4","652","192",""
"1","4","866","528",""
"1","4","648","259",""
"1","4","652","193",""
"1","4","866","529",""
"1","4","648","260",""
"1","4","652","194",""
"1","4","866","530",""
"1","4","648","261",""
"1","4","652","195",""
"1","4","866","531",""
"1","4","648","262",""
"1","4","652","196",""
"1","4","866","532",""
"1","4","648","263",""
"1","4","652","197",""
"1","4","866","533",""
"1","4","648","264",""
"1","4","652","198",""
"1","4","866","534",""
"1","4","648","265",""
"1","4","652","199",""
"1","4","866","535",""
"1","4","648","266",""
"1","4","652","200",""
"1","4","866","536",""
"1","4","648","267",""
"1","4","652","201",""
"1","4","866","537",""
"1","4","648","268",""
"1","4","652","202",""
"1","4","866","538",""
"1","4","648","269",""
"1","4","652","203",""
"1","4","866","539",""
"1","4","648","270",""
"1","4","652","204",""
"1","4","866","540",""
"1","4","648","271",""
"1","4","652","205",""
"1","4","866","541",""
"1","4","648","272",""
"1","4","652","206",""
"1","4","866","542",""
"1","4","648","273",""
"1","4","652","207",""
"1","4","866","543",""
"1","4","648","274",""
"1","4","652","208",""
"1","4","866","544",""
"1","4","648","275",""
"1","4","652","209",""
"1","4","866","545",""
"1","4","648","276",""
"1","4","652","210",""
"1","4","866","546",""
"1","4","648","277",""
"1","4","652","211",""
"1","4","866","547",""
"1","4","648","278",""
"1","4","652","212",""
"1","4","866","548",""
"1","4","648","279",""
"1","4","652","213",""
"1","4","866","549",""
"1","4","648","280",""
"1","4","652","214",""
"1","4","866","550",""
"1","4","648","281",""
"1","4","652","215",""
"1","4","866","551",""
"1","4","648","282",""
"1","4","652","216",""
"1","4","866","552",""
"1","5","648","390",""
"1","5","652","324",""
"1","5","866","660",""
"1","5","1781","14044",""
"1","5","648","391",""
"1","5","652","325",""
"1","5","866","661",""
"1","5","648","392",""
"1","5","652","326",""
"1","5","866","662",""
"1","5","648","393",""
"1","5","652","327",""
"1","5","866","663",""
"1","5","648","394",""
"1","5","652","328",""
"1","5","866","664",""
"1","5","648","395",""
"1","5","652","329",""
"1","5","866","665",""
"1","5","648","396",""
"1","5","652","330",""
"1","5","866","666",""
"1","5","648","397",""
"1","5","652","331",""
"1","5","866","667",""
"1","5","648","398",""
"1","5","652","332",""
"1","5","866","668",""
"1","5","648","399",""
"1","5","652","333",""
"1","5","866","669",""
"1","5","648","400",""
"1","5","652","334",""
"1","5","866","670",""
"1","5","648","401",""
"1","5","652","335",""
"1","5","866","671",""
"1","5","648","402",""
"1","5","652","336",""
"1","5","866","672",""
"1","5","648","403",""
"1","5","652","337",""
"1","5","866","673",""
"1","5","648","404",""
"1","5","652","338",""
"1","5","866","674",""
"1","5","648","405",""
"1","5","652","339",""
"1","5","866","675",""
"1","5","648","406",""
"1","5","652","340",""
"1","5","866","676",""
"1","5","648","407",""
"1","5","652","341",""
"1","5","866","677",""
"1","5","648","408",""
"1","5","652","342",""
"1","5","866","678",""
"1","5","648","409",""
"1","5","652","343",""
"1","5","866","679",""
"1","5","648","410",""
"1","5","652","344",""
"1","5","866","680",""
"1","5","648","411",""
"1","5","652","345",""
"1","5","866","681",""
"1","5","648","412",""
"1","5","652","346",""
"1","5","866","682",""
"1","5","648","413",""
"1","5","652","347",""
"1","5","866","683",""
"1","5","648","414",""
"1","5","652","348",""
"1","5","866","684",""
"1","5","648","415",""
"1","5","652","349",""
"1","5","866","685",""
"1","5","648","416",""
"1","5","652","350",""
"1","5","866","686",""
"1","5","648","417",""
"1","5","652","351",""
"1","5","866","687",""
"1","5","648","418",""
"1","5","652","352",""
"1","5","866","688",""
"1","5","648","419",""
"1","5","652","353",""
"1","5","866","689",""
"1","5","648","420",""
"1","5","652","354",""
"1","5","866","690",""
"1","5","648","421",""
"1","5","652","355",""
"1","5","866","691",""
"1","5","648","422",""
"1","5","652","356",""
"1","5","866","692",""
"1","6","648","423",""
"1","6","652","357",""
"1","6","866","693",""
"1","6","1781","14027",""
"1","6","648","424",""
"1","6","652","358",""
"1","6","866","694",""
"1","6","1781","14028",""
"1","6","648","425",""
"1","6","652","359",""
"1","6","866","695",""
"1","6","1781","14029",""
"1","6","648","426",""
"1","6","652","360",""
"1","6","866","696",""
"1","6","648","427",""
"1","6","652","361",""
"1","6","866","697",""
"1","6","648","428",""
"1","6","652","362",""
"1","6","866","698",""
"1","6","648","429",""
"1","6","652","363",""
"1","6","866","699",""
"1","6","648","430",""
"1","6","652","364",""
"1","6","866","700",""
"1","6","648","431",""
"1","6","652","365",""
"1","6","866","701",""
"1","6","648","432",""
"1","6","652","366",""
"1","6","866","702",""
"1","6","648","433",""
"1","6","652","367",""
"1","6","866","703",""
"1","6","648","434",""
"1","6","652","368",""
"1","6","866","704",""
"1","6","648","435",""
"1","6","652","369",""
"1","6","866","705",""
"1","6","648","436",""
"1","6","652","370",""
"1","6","866","706",""
"1","6","648","437",""
"1","6","652","371",""
"1","6","866","707",""
"1","6","648","438",""
"1","6","652","372",""
"1","6","866","708",""
"1","6","648","439",""
"1","6","652","373",""
"1","6","866","709",""
"1","6","648","440",""
"1","6","652","374",""
"1","6","866","710",""
"1","6","648","441",""
"1","6","652","375",""
"1","6","866","711",""
"1","6","648","442",""
"1","6","652","376",""
"1","6","866","712",""
"1","6","648","443",""
"1","6","652","377",""
"1","6","866","713",""
"1","6","648","444",""
"1","6","652","378",""
"1","6","866","714",""
"1","6","648","445",""
"1","6","652","379",""
"1","6","866","715",""
"1","6","648","446",""
"1","6","652","380",""
"1","6","866","716",""
"1","6","648","447",""
"1","6","652","381",""
"1","6","866","717",""
"1","6","648","448",""
"1","6","652","382",""
"1","6","866","718",""
"1","6","648","449",""
"1","6","652","383",""
"1","6","866","719",""
"1","6","648","450",""
"1","6","652","384",""
"1","6","866","720",""
"1","6","648","451",""
"1","6","652","385",""
"1","6","866","721",""
"1","6","648","452",""
"1","6","652","386",""
"1","6","866","722",""
"1","7","648","187",""
"1","7","652","121",""
"1","7","866","457",""
"1","7","1781","14004",""
"1","7","648","188",""
"1","7","652","122",""
"1","7","866","458",""
"1","7","1781","14008",""
"1","7","648","189",""
"1","7","652","123",""
"1","7","866","459",""
"1","7","1781","14051",""
"1","7","648","190",""
"1","7","652","124",""
"1","7","866","460",""
"1","7","1781","14052",""
"1","7","648","191",""
"1","7","652","125",""
"1","7","866","461",""
"1","7","648","192",""
"1","7","652","126",""
"1","7","866","462",""
"1","7","648","193",""
"1","7","652","127",""
"1","7","866","463",""
"1","7","648","194",""
"1","7","652","128",""
"1","7","866","464",""
"1","7","648","195",""
"1","7","652","129",""
"1","7","866","465",""
"1","7","648","196",""
"1","7","652","130",""
"1","7","866","466",""
"1","7","648","197",""
"1","7","652","131",""
"1","7","866","467",""
"1","7","648","198",""
"1","7","652","132",""
"1","7","866","468",""
"1","7","648","199",""
"1","7","652","133",""
"1","7","866","469",""
"1","7","648","283",""
"1","7","652","217",""
"1","7","866","553",""
"1","7","648","284",""
"1","7","652","218",""
"1","7","866","554",""
"1","7","648","285",""
"1","7","652","219",""
"1","7","866","555",""
"1","7","648","286",""
"1","7","652","220",""
"1","7","866","556",""
"1","7","648","287",""
"1","7","652","221",""
"1","7","866","557",""
"1","7","648","288",""
"1","7","652","222",""
"1","7","866","558",""
"1","7","648","289",""
"1","7","652","223",""
"1","7","866","559",""
"1","7","648","290",""
"1","7","652","224",""
"1","7","866","560",""
"1","7","648","291",""
"1","7","652","225",""
"1","7","866","561",""
"1","7","648","292",""
"1","7","652","226",""
"1","7","866","562",""
"1","7","648","293",""
"1","7","652","227",""
"1","7","866","563",""
"1","7","648","294",""
"1","7","652","228",""
"1","7","866","564",""
"1","7","648","295",""
"1","7","652","229",""
"1","7","866","565",""
"1","7","648","296",""
"1","7","652","230",""
"1","7","866","566",""
"1","7","648","297",""
"1","7","652","231",""
"1","7","866","567",""
"1","7","648","298",""
"1","7","652","232",""
"1","7","866","568",""
"1","8","648","453",""
"1","8","652","387",""
"1","8","866","723",""
"1","8","1781","14030",""
"1","8","648","454",""
"1","8","652","388",""
"1","8","866","724",""
"1","8","1781","14031",""
"1","8","648","455",""
"1","8","652","389",""
"1","8","866","725",""
"1","8","1781","14032",""
"1","8","648","456",""
"1","8","652","390",""
"1","8","866","726",""
"1","8","1781","14040",""
"1","8","648","457",""
"1","8","652","391",""
"1","8","866","727",""
"1","8","1781","14047",""
"1","8","648","458",""
"1","8","652","392",""
"1","8","866","728",""
"1","8","1781","14048",""
"1","8","648","459",""
"1","8","652","393",""
"1","8","866","729",""
"1","8","1781","14049",""
"1","8","648","460",""
"1","8","652","394",""
"1","8","866","730",""
"1","8","648","461",""
"1","8","652","395",""
"1","8","866","731",""
"1","8","648","462",""
"1","8","652","396",""
"1","8","866","732",""
"1","8","648","463",""
"1","8","652","397",""
"1","8","866","733",""
"1","8","648","464",""
"1","8","652","398",""
"1","8","866","734",""
"1","8","648","465",""
"1","8","652","399",""
"1","8","866","735",""
"1","8","648","466",""
"1","8","652","400",""
"1","8","866","736",""
"1","8","648","467",""
"1","8","652","401",""
"1","8","866","737",""
"1","8","648","468",""
"1","8","652","402",""
"1","8","866","738",""
"1","8","648","469",""
"1","8","652","403",""
"1","8","866","739",""
"1","8","648","470",""
"1","8","652","404",""
"1","8","866","740",""
"1","8","648","471",""
"1","8","652","405",""
"1","8","866","741",""
"1","8","648","472",""
"1","8","652","406",""
"1","8","866","742",""
"1","8","648","473",""
"1","8","652","407",""
"1","8","866","743",""
"1","8","648","474",""
"1","8","652","408",""
"1","8","866","744",""
"1","8","648","475",""
"1","8","652","409",""
"1","8","866","745",""
"1","8","648","476",""
"1","8","652","410",""
"1","8","866","746",""
"1","8","648","477",""
"1","8","652","411",""
"1","8","866","747",""
"1","8","648","478",""
"1","8","652","412",""
"1","8","866","748",""
"1","8","648","479",""
"1","8","652","413",""
"1","8","866","749",""
"1","9","648","689",""
"1","9","652","623",""
"1","9","866","959",""
"1","9","648","690",""
"1","9","652","624",""
"1","9","866","960",""
"1","9","648","691",""
"1","9","652","625",""
"1","9","866","961",""
"1","9","648","692",""
"1","9","652","626",""
"1","9","866","962",""
"1","9","648","693",""
"1","9","652","627",""
"1","9","866","963",""
"1","9","648","694",""
"1","9","652","628",""
"1","9","866","964",""
"1","9","648","695",""
"1","9","652","629",""
"1","9","866","965",""
"1","9","648","696",""
"1","9","652","630",""
"1","9","866","966",""
"1","9","648","697",""
"1","9","652","631",""
"1","9","866","967",""
"1","9","648","698",""
"1","9","652","632",""
"1","9","866","968",""
"1","9","648","699",""
"1","9","652","633",""
"1","9","866","969",""
"1","9","648","700",""
"1","9","652","634",""
"1","9","866","970",""
"1","9","648","701",""
"1","9","652","635",""
"1","9","866","971",""
"1","9","648","702",""
"1","9","652","636",""
"1","9","866","972",""
"1","9","648","703",""
"1","9","652","637",""
"1","9","866","973",""
"1","9","648","704",""
"1","9","652","638",""
"1","9","866","974",""
"1","9","648","705",""
"1","9","652","639",""
"1","9","866","975",""
"1","9","648","706",""
"1","9","652","640",""
"1","9","866","976",""
"1","9","648","707",""
"1","9","652","641",""
"1","9","866","977",""
"1","9","648","708",""
"1","9","652","642",""
"1","9","866","978",""
"1","9","648","709",""
"1","9","652","643",""
"1","9","866","979",""
"1","10","648","160",""
"1","10","652","100",""
"1","10","866","430",""
"1","10","1781","14000",""
"1","10","648","161",""
"1","10","652","101",""
"1","10","866","431",""
"1","10","1781","14005",""
"1","10","648","162",""
"1","10","652","102",""
"1","10","866","432",""
"1","10","648","163",""
"1","10","652","103",""
"1","10","866","433",""
"1","10","648","164",""
"1","10","652","104",""
"1","10","866","434",""
"1","10","648","165",""
"1","10","652","105",""
"1","10","866","435",""
"1","10","648","166",""
"1","10","652","106",""
"1","10","866","436",""
"1","10","648","167",""
"1","10","652","107",""
"1","10","866","437",""
"1","10","648","168",""
"1","10","652","108",""
"1","10","866","438",""
"1","10","648","169",""
"1","10","652","109",""
"1","10","866","439",""
"1","10","648","170",""
"1","10","652","110",""
"1","10","866","440",""
"1","10","648","171",""
"1","10","652","111",""
"1","10","866","441",""
"1","10","648","172",""
"1","10","652","112",""
"1","10","866","442",""
"1","10","648","173",""
"1","10","652","94",""
"1","10","866","443",""
"1","10","648","174",""
"1","10","652","95",""
"1","10","866","444",""
"1","10","648","175",""
"1","10","652","96",""
"1","10","866","445",""
"1","10","648","176",""
"1","10","652","97",""
"1","10","866","446",""
"1","10","648","177",""
"1","10","652","98",""
"1","10","866","447",""
"1","10","648","178",""
"1","10","652","99",""
"1","10","866","448",""
"1","11","24","22",""
"1","11","641","1783",""
"1","11","644","1733",""
"1","11","645","1776",""
"1","11","646","15",""
"1","11","647","17",""
"1","11","648","12",""
"1","11","649","159",""
"1","11","650","66",""
"1","11","1781","13680",""
"1","11","641","1784",""
"1","11","644","1734",""
"1","11","645","1777",""
"1","11","648","2",""
"1","11","1781","13681",""
"1","11","641","1785",""
"1","11","644","1735",""
"1","11","645","1778",""
"1","11","1781","13682",""
"1","11","641","1786",""
"1","11","644","1736",""
"1","11","645","1779",""
"1","11","1781","13683",""
"1","11","641","1787",""
"1","11","644","1737",""
"1","11","645","1780",""
"1","11","1781","13684",""
"1","11","641","1788",""
"1","11","644","1738",""
"1","11","645","1781",""
"1","11","1781","13685",""
"1","11","641","1789",""
"1","11","644","1739",""
"1","11","645","1782",""
"1","11","1781","13686",""
"1","11","641","1790",""
"1","11","644","1740",""
"1","11","645","1783",""
"1","11","1781","13687",""
"1","11","641","1791",""
"1","11","644","1741",""
"1","11","645","1784",""
"1","11","1781","13688",""
"1","11","641","1792",""
"1","11","644","1742",""
"1","11","645","1785",""
"1","11","1781","13689",""
"1","11","641","1793",""
"1","11","644","1743",""
"1","11","645","1786",""
"1","11","1781","13690",""
"1","11","645","90",""
"1","11","1781","2532",""
"1","12","648","672",""
"1","12","652","606",""
"1","12","866","942",""
"1","12","648","673",""
"1","12","652","607",""
"1","12","866","943",""
"1","12","648","674",""
"1","12","652","608",""
"1","12","866","944",""
"1","12","648","675",""
"1","12","652","609",""
"1","12","866","945",""
"1","12","648","676",""
"1","12","652","610",""
"1","12","866","946",""
"1","12","648","677",""
"1","12","652","611",""
"1","12","866","947",""
"1","12","648","678",""
"1","12","652","612",""
"1","12","866","948",""
"1","12","648","679",""
"1","12","652","613",""
"1","12","866","949",""
"1","12","648","680",""
"1","12","652","614",""
"1","12","866","950",""
"1","12","648","681",""
"1","12","652","615",""
"1","12","866","951",""
"1","12","648","682",""
"1","12","652","616",""
"1","12","866","952",""
"1","12","648","683",""
"1","12","652","617",""
"1","12","866","953",""
"1","12","648","684",""
"1","12","652","618",""
"1","12","866","954",""
"1","12","648","685",""
"1","12","652","619",""
"1","12","866","955",""
"1","12","648","686",""
"1","12","652","620",""
"1","12","866","956",""
"1","12","648","687",""
"1","12","652","621",""
"1","12","866","957",""
"1","12","648","688",""
"1","12","652","622",""
"1","12","866","958",""
"1","13","648","222",""
"1","13","652","156",""
"1","13","866","492",""
"1","13","1781","14015",""
"1","13","648","223",""
"1","13","652","157",""
"1","13","866","493",""
"1","13","1781","14016",""
"1","13","648","224",""
"1","13","652","158",""
"1","13","866","494",""
"1","13","648","225",""
"1","13","652","159",""
"1","13","866","495",""
"1","13","648","226",""
"1","13","652","160",""
"1","13","866","496",""
"1","13","648","227",""
"1","13","652","161",""
"1","13","866","497",""
"1","13","648","228",""
"1","13","652","162",""
"1","13","866","498",""
"1","13","648","229",""
"1","13","652","163",""
"1","13","866","499",""
"1","13","648","230",""
"1","13","652","164",""
"1","13","866","500",""
"1","13","648","231",""
"1","13","652","165",""
"1","13","866","501",""
"1","13","648","232",""
"1","13","652","166",""
"1","13","866","502",""
"1","13","648","233",""
"1","13","652","167",""
"1","13","866","503",""
"1","13","648","234",""
"1","13","652","168",""
"1","13","866","504",""
"1","13","648","235",""
"1","13","652","169",""
"1","13","866","505",""
"1","13","648","236",""
"1","13","652","170",""
"1","13","866","506",""
"1","14","648","114",""
"1","14","652","48",""
"1","14","866","384",""
"1","14","648","115",""
"1","14","652","49",""
"1","14","866","385",""
"1","14","648","116",""
"1","14","652","50",""
"1","14","866","386",""
"1","14","648","117",""
"1","14","652","51",""
"1","14","866","387",""
"1","14","648","118",""
"1","14","652","52",""
"1","14","866","388",""
"1","14","648","119",""
"1","14","652","53",""
"1","14","866","389",""
"1","14","648","120",""
"1","14","652","54",""
"1","14","866","390",""
"1","14","648","121",""
"1","14","652","55",""
"1","14","866","391",""
"1","14","648","122",""
"1","14","652","56",""
"1","14","866","392",""
"1","14","648","123",""
"1","14","652","57",""
"1","14","866","393",""
"1","14","648","124",""
"1","14","652","58",""
"1","14","866","394",""
"1","14","648","125",""
"1","14","652","59",""
"1","14","866","395",""
"1","14","648","126",""
"1","14","652","60",""
"1","14","866","396",""
"1","14","648","158",""
"1","14","652","92",""
"1","14","866","428",""
"1","14","648","159",""
"1","14","652","93",""
"1","14","866","429",""
"1","15","641","1035",""
"1","15","644","985",""
"1","15","645","1028",""
"1","15","641","1036",""
"1","15","644","986",""
"1","15","645","1029",""
"1","15","641","1037",""
"1","15","644","987",""
"1","15","645","1030",""
"1","15","641","1038",""
"1","15","644","988",""
"1","15","645","1031",""
"1","15","641","1039",""
"1","15","644","989",""
"1","15","645","1032",""
"1","15","641","1040",""
"1","15","644","990",""
"1","15","645","1033",""
"1","15","641","1041",""
"1","15","644","991",""
"1","15","645","1034",""
"1","15","641","1042",""
"1","15","644","992",""
"1","15","645","1035",""
"1","15","641","1043",""
"1","15","644","993",""
"1","15","645","1036",""
"1","15","641","1044",""
"1","15","644","994",""
"1","15","645","1037",""
"1","15","641","1045",""
"1","15","644","995",""
"1","15","645","1038",""
"1","15","641","1046",""
"1","15","644","996",""
"1","15","645","1039",""
"1","15","641","1047",""
"1","15","644","997",""
"1","15","645","1040",""
"1","15","641","1048",""
"1","15","644","998",""
"1","15","645","1041",""
"1","16","648","360",""
"1","16","652","294",""
"1","16","866","630",""
"1","16","1781","14001",""
"1","16","648","361",""
"1","16","652","295",""
"1","16","866","631",""
"1","16","1781","14002",""
"1","16","648","362",""
"1","16","652","296",""
"1","16","866","632",""
"1","16","648","363",""
"1","16","652","297",""
"1","16","866","633",""
"1","16","648","364",""
"1","16","652","298",""
"1","16","866","634",""
"1","16","648","365",""
"1","16","652","299",""
"1","16","866","635",""
"1","16","648","366",""
"1","16","652","300",""
"1","16","866","636",""
"1","16","648","367",""
"1","16","652","301",""
"1","16","866","637",""
"1","16","648","368",""
"1","16","652","302",""
"1","16","866","638",""
"1","16","648","369",""
"1","16","652","303",""
"1","16","866","639",""
"1","16","648","370",""
"1","16","652","304",""
"1","16","866","640",""
"1","16","648","371",""
"1","16","652","305",""
"1","16","866","641",""
"1","16","648","372",""
"1","16","652","306",""
"1","16","866","642",""
"1","17","648","237",""
"1","17","652","171",""
"1","17","866","507",""
"1","17","1781","14017",""
"1","17","648","238",""
"1","17","652","172",""
"1","17","866","508",""
"1","17","1781","14018",""
"1","17","648","239",""
"1","17","652","173",""
"1","17","866","509",""
"1","17","1781","14019",""
"1","17","648","240",""
"1","17","652","174",""
"1","17","866","510",""
"1","17","648","241",""
"1","17","652","175",""
"1","17","866","511",""
"1","17","648","242",""
"1","17","652","176",""
"1","17","866","512",""
"1","17","648","243",""
"1","17","652","177",""
"1","17","866","513",""
"1","17","648","244",""
"1","17","652","178",""
"1","17","866","514",""
"1","17","648","245",""
"1","17","652","179",""
"1","17","866","515",""
"1","17","648","246",""
"1","17","652","180",""
"1","17","866","516",""
"1","17","648","247",""
"1","17","652","181",""
"1","17","866","517",""
"1","17","648","248",""
"1","17","652","182",""
"1","17","866","518",""
"1","18","648","200",""
"1","18","652","134",""
"1","18","866","470",""
"1","18","1781","14011",""
"1","18","648","201",""
"1","18","652","135",""
"1","18","866","471",""
"1","18","1781","14012",""
"1","18","648","202",""
"1","18","652","136",""
"1","18","866","472",""
"1","18","648","203",""
"1","18","652","137",""
"1","18","866","473",""
"1","18","648","204",""
"1","18","652","138",""
"1","18","866","474",""
"1","18","648","205",""
"1","18","652","139",""
"1","18","866","475",""
"1","18","648","206",""
"1","18","652","140",""
"1","18","866","476",""
"1","18","648","207",""
"1","18","652","141",""
"1","18","866","477",""
"1","18","648","208",""
"1","18","652","142",""
"1","18","866","478",""
"1","18","648","209",""
"1","18","652","143",""
"1","18","866","479",""
"1","18","648","210",""
"1","18","652","144",""
"1","18","866","480",""
"1","18","648","211",""
"1","18","652","145",""
"1","18","866","481",""
"1","19","648","299",""
"1","19","652","233",""
"1","19","866","569",""
"1","19","1781","14023",""
"1","19","648","300",""
"1","19","652","234",""
"1","19","866","570",""
"1","19","1781","14024",""
"1","19","648","301",""
"1","19","652","235",""
"1","19","866","571",""
"1","19","648","302",""
"1","19","652","236",""
"1","19","866","572",""
"1","19","648","303",""
"1","19","652","237",""
"1","19","866","573",""
"1","19","648","304",""
"1","19","652","238",""
"1","19","866","574",""
"1","19","648","305",""
"1","19","652","239",""
"1","19","866","575",""
"1","19","648","306",""
"1","19","652","240",""
"1","19","866","576",""
"1","19","648","307",""
"1","19","652","241",""
"1","19","866","577",""
"1","19","648","308",""
"1","19","652","242",""
"1","19","866","578",""
"1","19","648","309",""
"1","19","652","243",""
"1","19","866","579",""
"1","19","648","310",""
"1","19","652","244",""
"1","19","866","580",""
"1","20","641","87",""
"1","20","648","147",""
"1","20","652","81",""
"1","20","866","417",""
"1","20","648","148",""
"1","20","652","82",""
"1","20","866","418",""
"1","20","648","149",""
"1","20","652","83",""
"1","20","866","419",""
"1","20","648","150",""
"1","20","652","84",""
"1","20","866","420",""
"1","20","648","151",""
"1","20","652","85",""
"1","20","866","421",""
"1","20","648","152",""
"1","20","652","86",""
"1","20","866","422",""
"1","20","648","153",""
"1","20","652","87",""
"1","20","866","423",""
"1","20","648","154",""
"1","20","652","88",""
"1","20","866","424",""
"1","20","648","155",""
"1","20","652","89",""
"1","20","866","425",""
"1","20","648","156",""
"1","20","652","90",""
"1","20","866","426",""
"1","20","648","157",""
"1","20","652","91",""
"1","20","866","427",""
"1","21","648","212",""
"1","21","652","146",""
"1","21","866","482",""
"1","21","1781","14013",""
"1","21","648","213",""
"1","21","652","147",""
"1","21","866","483",""
"1","21","1781","14014",""
"1","21","648","214",""
"1","21","652","148",""
"1","21","866","484",""
"1","21","1781","14043",""
"1","21","648","215",""
"1","21","652","149",""
"1","21","866","485",""
"1","21","648","216",""
"1","21","652","150",""
"1","21","866","486",""
"1","21","648","217",""
"1","21","652","151",""
"1","21","866","487",""
"1","21","648","218",""
"1","21","652","152",""
"1","21","866","488",""
"1","21","648","219",""
"1","21","652","153",""
"1","21","866","489",""
"1","21","648","220",""
"1","21","652","154",""
"1","21","866","490",""
"1","21","648","221",""
"1","21","652","155",""
"1","21","866","491",""
"1","22","648","104",""
"1","22","652","38",""
"1","22","866","374",""
"1","22","648","105",""
"1","22","652","39",""
"1","22","866","375",""
"1","22","648","106",""
"1","22","652","40",""
"1","22","866","376",""
"1","22","648","107",""
"1","22","652","41",""
"1","22","866","377",""
"1","22","648","108",""
"1","22","652","42",""
"1","22","866","378",""
"1","22","648","109",""
"1","22","652","43",""
"1","22","866","379",""
"1","22","648","110",""
"1","22","652","44",""
"1","22","866","380",""
"1","22","648","111",""
"1","22","652","45",""
"1","22","866","381",""
"1","22","648","112",""
"1","22","652","46",""
"1","22","866","382",""
"1","22","648","113",""
"1","22","652","47",""
"1","22","866","383",""
"1","23","648","373",""
"1","23","652","307",""
"1","23","866","643",""
"1","23","1781","14006",""
"1","23","648","374",""
"1","23","652","308",""
"1","23","866","644",""
"1","23","1781","14007",""
"1","23","648","375",""
"1","23","652","309",""
"1","23","866","645",""
"1","23","648","376",""
"1","23","652","310",""
"1","23","866","646",""
"1","23","648","377",""
"1","23","652","311",""
"1","23","866","647",""
"1","23","648","378",""
"1","23","652","312",""
"1","23","866","648",""
"1","23","648","379",""
"1","23","652","313",""
"1","23","866","649",""
"1","23","648","380",""
"1","23","652","314",""
"1","23","866","650",""
"1","23","648","381",""
"1","23","652","315",""
"1","23","866","651",""
"1","24","648","179",""
"1","24","652","113",""
"1","24","866","449",""
"1","24","1781","14003",""
"1","24","648","180",""
"1","24","652","114",""
"1","24","866","450",""
"1","24","1781","14038",""
"1","24","648","181",""
"1","24","652","115",""
"1","24","866","451",""
"1","24","648","182",""
"1","24","652","116",""
"1","24","866","452",""
"1","24","648","183",""
"1","24","652","117",""
"1","24","866","453",""
"1","24","648","184",""
"1","24","652","118",""
"1","24","866","454",""
"1","24","648","185",""
"1","24","652","119",""
"1","24","866","455",""
"1","24","648","186",""
"1","24","652","120",""
"1","24","866","456",""
"1","25","648","382",""
"1","25","652","316",""
"1","25","866","652",""
"1","25","1781","14009",""
"1","25","648","383",""
"1","25","652","317",""
"1","25","866","653",""
"1","25","1781","14010",""
"1","25","648","384",""
"1","25","652","318",""
"1","25","866","654",""
"1","25","648","385",""
"1","25","652","319",""
"1","25","866","655",""
"1","25","648","386",""
"1","25","652","320",""
"1","25","866","656",""
"1","25","648","387",""
"1","25","652","321",""
"1","25","866","657",""
"1","25","648","388",""
"1","25","652","322",""
"1","25","866","658",""
"1","25","648","389",""
"1","25","652","323",""
"1","25","866","659",""
"1","26","641","86",""
"1","26","648","132",""
"1","26","652","66",""
"1","26","866","402",""
"1","26","648","133",""
"1","26","652","67",""
"1","26","866","403",""
"1","26","648","134",""
"1","26","652","68",""
"1","26","866","404",""
"1","26","648","135",""
"1","26","652","69",""
"1","26","866","405",""
"1","26","648","136",""
"1","26","652","70",""
"1","26","866","406",""
"1","26","648","137",""
"1","26","652","71",""
"1","26","866","407",""
"1","26","648","138",""
"1","26","652","72",""
"1","26","866","408",""
"1","26","648","139",""
"1","26","652","73",""
"1","26","866","409",""
"1","27","648","140",""
"1","27","652","74",""
"1","27","866","410",""
"1","27","648","141",""
"1","27","652","75",""
"1","27","866","411",""
"1","27","648","142",""
"1","27","652","76",""
"1","27","866","412",""
"1","27","648","143",""
"1","27","652","77",""
"1","27","866","413",""
"1","27","648","144",""
"1","27","652","78",""
"1","27","866","414",""
"1","27","648","145",""
"1","27","652","79",""
"1","27","866","415",""
"1","27","648","146",""
"1","27","652","80",""
"1","27","866","416",""
"1","28","650","1679",""
"1","28","650","1681",""
"1","28","650","1687",""
"1","28","650","1712",""
"1","28","650","1724",""
"1","28","650","1729",""
"1","28","650","1744",""
"1","28","650","1748",""
"1","28","650","1749",""
"1","28","650","1750",""
"1","28","650","1751",""
"1","28","650","1754",""
"1","28","650","1755",""
"1","28","650","1756",""
"1","28","650","1757",""
"1","28","650","1760",""
"1","28","650","1767",""
"1","28","650","1852",""
"1","28","650","1864",""
"1","28","650","1869",""
"1","28","650","1884",""
"1","29","648","564",""
"1","29","652","498",""
"1","29","866","834",""
"1","29","1781","14045",""
"1","29","648","565",""
"1","29","652","499",""
"1","29","866","835",""
"1","29","648","566",""
"1","29","652","500",""
"1","29","866","836",""
"1","29","648","567",""
"1","29","652","501",""
"1","29","866","837",""
"1","29","648","568",""
"1","29","652","502",""
"1","29","866","838",""
"1","29","648","569",""
"1","29","652","503",""
"1","29","866","839",""
"1","30","648","127",""
"1","30","652","61",""
"1","30","866","397",""
"1","30","648","128",""
"1","30","652","62",""
"1","30","866","398",""
"1","30","648","129",""
"1","30","652","63",""
"1","30","866","399",""
"1","30","648","130",""
"1","30","652","64",""
"1","30","866","400",""
"1","30","648","131",""
"1","30","652","65",""
"1","30","866","401",""
"1","31","648","1004",""
"1","31","795","0",""
"1","31","825","0",""
"1","31","854","0",""
"1","31","866","299",""
"1","31","1781","10233",""
"1","31","648","945",""
"1","31","795","1",""
"1","31","825","1",""
"1","31","854","1",""
"1","31","866","329",""
"1","31","1781","10263",""
"1","31","648","975",""
"1","31","866","358",""
"1","31","1781","10292",""
"1","32","648","548",""
"1","32","652","482",""
"1","32","866","818",""
"1","32","1781","14041",""
"1","32","648","549",""
"1","32","652","483",""
"1","32","866","819",""
"1","32","648","550",""
"1","32","652","484",""
"1","32","866","820",""
"1","32","648","551",""
"1","32","652","485",""
"1","32","866","821",""
"1","33","648","552",""
"1","33","652","486",""
"1","33","866","822",""
"1","33","1781","14050",""
"1","33","648","553",""
"1","33","652","487",""
"1","33","866","823",""
"1","33","648","554",""
"1","33","652","488",""
"1","33","866","824",""
"1","33","648","555",""
"1","33","652","489",""
"1","33","866","825",""
"1","34","648","560",""
"1","34","652","494",""
"1","34","866","830",""
"1","34","1781","14042",""
"1","34","648","561",""
"1","34","652","495",""
"1","34","866","831",""
"1","34","648","562",""
"1","34","652","496",""
"1","34","866","832",""
"1","34","648","563",""
"1","34","652","497",""
"1","34","866","833",""
"1","35","641","1523",""
"1","35","644","1473",""
"1","35","645","1516",""
"1","35","641","1524",""
"1","35","644","1474",""
"1","35","645","1517",""
"1","35","641","1525",""
"1","35","644","1475",""
"1","35","645","1518",""
"1","35","641","1538",""
"1","35","644","1488",""
"1","35","645","1531",""
"1","36","647","1034",""
"1","36","650","1051",""
"1","36","1781","12118",""
"1","36","647","884",""
"1","36","650","1098",""
"1","36","1781","12165",""
"1","36","647","931",""
"1","36","650","1114",""
"1","36","1781","12181",""
"1","36","647","947",""
"1","36","650","1201",""
"1","36","1781","12268",""
"1","37","648","556",""
"1","37","652","490",""
"1","37","866","826",""
"1","37","648","557",""
"1","37","652","491",""
"1","37","866","827",""
"1","37","648","558",""
"1","37","652","492",""
"1","37","866","828",""
"1","37","648","559",""
"1","37","652","493",""
"1","37","866","829",""
"1","38","641","138",""
"1","38","644","88",""
"1","38","645","131",""
"1","38","646","70",""
"1","38","647","70",""
"1","38","649","200",""
"1","38","650","107",""
"1","38","1781","11049",""
"1","38","645","1861",""
"1","38","650","861",""
"1","38","1781","7054",""
"1","39","643","66",""
"1","39","646","0",""
"1","39","647","0",""
"1","39","649","0",""
"1","39","650","0",""
"1","39","1781","2531",""
"1","39","643","69",""
"1","39","646","1",""
"1","39","647","1",""
"1","39","649","1",""
"1","39","650","1",""
"1","40","643","67",""
"1","40","644","8",""
"1","40","645","71",""
"1","40","646","3",""
"1","40","647","3",""
"1","40","648","11",""
"1","40","649","3",""
"1","40","650","3",""
"1","40","1781","2541",""
"1","40","643","71",""
"1","40","1781","2542",""
"1","41","650","1610",""
"1","41","650","1657",""
"1","41","650","1658",""
"1","41","650","1659",""
"1","41","650","1660",""
"1","41","650","1661",""
"1","41","650","1662",""
"1","41","650","1663",""
"1","41","650","1664",""
"1","41","650","1665",""
"1","41","650","1666",""
"1","42","641","193",""
"1","42","644","143",""
"1","42","645","186",""
"1","42","647","125",""
"1","42","649","255",""
"1","42","650","162",""
"1","42","1781","12031",""
"1","42","647","797",""
"1","42","650","964",""
"1","42","1781","7109",""
"1","43","647","1056",""
"1","43","650","1223",""
"1","43","1781","12017",""
"1","43","647","783",""
"1","43","650","950",""
"1","43","1781","12056",""
"1","43","647","822",""
"1","43","650","989",""
"1","43","1781","12290",""
"1","43","1781","5190",""
"1","44","648","932",""
"1","44","782","0",""
"1","44","848","0",""
"1","44","866","286",""
"1","44","1781","10220",""
"1","44","648","998",""
"1","44","782","1",""
"1","44","848","1",""
"1","44","866","352",""
"1","44","1781","10286",""
"1","45","648","954",""
"1","45","804","0",""
"1","45","849","0",""
"1","45","866","308",""
"1","45","1781","10242",""
"1","45","648","999",""
"1","45","804","1",""
"1","45","849","1",""
"1","45","866","353",""
"1","45","1781","10287",""
"1","46","648","1000",""
"1","46","810","0",""
"1","46","850","0",""
"1","46","866","314",""
"1","46","1781","10248",""
"1","46","648","960",""
"1","46","810","1",""
"1","46","850","1",""
"1","46","866","354",""
"1","46","1781","10288",""
"1","47","648","1001",""
"1","47","821","0",""
"1","47","851","0",""
"1","47","866","325",""
"1","47","1781","10259",""
"1","47","648","971",""
"1","47","821","1",""
"1","47","851","1",""
"1","47","866","355",""
"1","47","1781","10289",""
"1","48","648","1002",""
"1","48","823","0",""
"1","48","852","0",""
"1","48","866","327",""
"1","48","1781","10261",""
"1","48","648","973",""
"1","48","823","1",""
"1","48","852","1",""
"1","48","866","356",""
"1","48","1781","10290",""
"1","49","648","1003",""
"1","49","824","0",""
"1","49","853","0",""
"1","49","866","328",""
"1","49","1781","10262",""
"1","49","648","974",""
"1","49","824","1",""
"1","49","853","1",""
"1","49","866","357",""
"1","49","1781","10291",""
"1","50","650","1637",""
"1","50","650","1638",""
"1","50","650","1639",""
"1","50","650","1640",""
"1","50","650","1641",""
"1","50","650","1642",""
"1","50","650","1643",""
"1","50","650","1644",""
"1","50","650","1645",""
"1","50","650","1646",""
"1","51","650","1647",""
"1","51","650","1648",""
"1","51","650","1649",""
"1","51","650","1650",""
"1","51","650","1651",""
"1","51","650","1652",""
"1","51","650","1653",""
"1","51","650","1654",""
"1","51","650","1655",""
"1","51","650","1656",""
"1","52","650","1611",""
"1","52","650","1667",""
"1","52","650","1668",""
"1","52","650","1669",""
"1","52","650","1670",""
"1","52","650","1671",""
"1","52","650","1672",""
"1","52","650","1673",""
"1","52","650","1674",""
"1","52","650","1675",""
"1","53","647","1065",""
"1","53","650","1232",""
"1","53","1781","12022",""
"1","53","647","788",""
"1","53","650","955",""
"1","53","1781","12053",""
"1","53","647","819",""
"1","53","650","986",""
"1","53","1781","12299",""
"1","54","647","1035",""
"1","54","650","1018",""
"1","54","1781","12085",""
"1","54","647","851",""
"1","54","650","1050",""
"1","54","1781","12117",""
"1","54","647","883",""
"1","54","650","1202",""
"1","54","1781","12269",""
"1","55","641","141",""
"1","55","644","91",""
"1","55","645","134",""
"1","55","647","73",""
"1","55","649","203",""
"1","55","650","110",""
"1","55","1781","545",""
"1","55","1781","7057",""
"1","56","641","150",""
"1","56","644","100",""
"1","56","645","143",""
"1","56","647","82",""
"1","56","649","212",""
"1","56","650","119",""
"1","56","1781","5214",""
"1","56","1781","7066",""
"1","57","641","300",""
"1","57","644","250",""
"1","57","645","293",""
"1","57","647","232",""
"1","57","649","362",""
"1","57","650","269",""
"1","57","1781","5129",""
"1","57","1781","7216",""
"1","58","641","302",""
"1","58","644","252",""
"1","58","645","295",""
"1","58","647","234",""
"1","58","649","364",""
"1","58","650","271",""
"1","58","1781","5023",""
"1","58","1781","7218",""
"1","59","641","304",""
"1","59","644","254",""
"1","59","645","297",""
"1","59","647","236",""
"1","59","649","366",""
"1","59","650","273",""
"1","59","1781","5027",""
"1","59","1781","7220",""
"1","60","641","305",""
"1","60","644","255",""
"1","60","645","298",""
"1","60","647","237",""
"1","60","649","367",""
"1","60","650","274",""
"1","60","1781","5132",""
"1","60","1781","7221",""
"1","61","641","307",""
"1","61","644","257",""
"1","61","645","300",""
"1","61","647","239",""
"1","61","649","369",""
"1","61","650","276",""
"1","61","1781","5029",""
"1","61","1781","7223",""
"1","62","641","309",""
"1","62","644","259",""
"1","62","645","302",""
"1","62","647","241",""
"1","62","649","371",""
"1","62","650","278",""
"1","62","1781","5126",""
"1","62","1781","7225",""
"1","63","641","320",""
"1","63","644","270",""
"1","63","645","313",""
"1","63","647","252",""
"1","63","649","382",""
"1","63","650","289",""
"1","63","1781","5025",""
"1","63","1781","7236",""
"1","64","641","321",""
"1","64","644","271",""
"1","64","645","314",""
"1","64","647","253",""
"1","64","649","383",""
"1","64","650","290",""
"1","64","1781","5028",""
"1","64","1781","7237",""
"1","65","641","322",""
"1","65","644","272",""
"1","65","645","315",""
"1","65","647","254",""
"1","65","649","384",""
"1","65","650","291",""
"1","65","1781","5125",""
"1","65","1781","7238",""
"1","66","641","323",""
"1","66","644","273",""
"1","66","645","316",""
"1","66","647","255",""
"1","66","649","385",""
"1","66","650","292",""
"1","66","1781","5128",""
"1","66","1781","7239",""
"1","67","641","324",""
"1","67","644","274",""
"1","67","645","317",""
"1","67","647","256",""
"1","67","649","386",""
"1","67","650","293",""
"1","67","1781","5130",""
"1","67","1781","7240",""
"1","68","641","325",""
"1","68","644","275",""
"1","68","645","318",""
"1","68","647","257",""
"1","68","649","387",""
"1","68","650","294",""
"1","68","1781","5131",""
"1","68","1781","7241",""
"1","69","641","606",""
"1","69","644","556",""
"1","69","645","599",""
"1","69","647","538",""
"1","69","649","668",""
"1","69","650","575",""
"1","69","1781","1304",""
"1","69","1781","7522",""
"1","70","641","772",""
"1","70","644","1758",""
"1","70","645","765",""
"1","70","647","704",""
"1","70","649","834",""
"1","70","650","741",""
"1","70","1781","7688",""
"1","70","644","722",""
"1","71","641","773",""
"1","71","644","1759",""
"1","71","645","766",""
"1","71","647","705",""
"1","71","649","835",""
"1","71","650","742",""
"1","71","1781","7689",""
"1","71","644","723",""
"1","72","641","774",""
"1","72","644","1760",""
"1","72","645","767",""
"1","72","647","706",""
"1","72","649","836",""
"1","72","650","743",""
"1","72","1781","7690",""
"1","72","644","724",""
"1","73","641","775",""
"1","73","644","1785",""
"1","73","645","768",""
"1","73","647","707",""
"1","73","649","837",""
"1","73","650","744",""
"1","73","1781","7691",""
"1","73","644","725",""
"1","74","641","776",""
"1","74","644","1786",""
"1","74","645","769",""
"1","74","647","708",""
"1","74","649","838",""
"1","74","650","745",""
"1","74","1781","7692",""
"1","74","644","726",""
"1","75","641","777",""
"1","75","644","1787",""
"1","75","645","770",""
"1","75","647","709",""
"1","75","649","839",""
"1","75","650","746",""
"1","75","1781","7693",""
"1","75","644","727",""
"1","76","641","787",""
"1","76","644","1762",""
"1","76","645","780",""
"1","76","647","719",""
"1","76","649","849",""
"1","76","650","756",""
"1","76","1781","7703",""
"1","76","644","737",""
"1","77","641","881",""
"1","77","644","831",""
"1","77","645","874",""
"1","77","1781","8535",""
"1","77","641","885",""
"1","77","644","835",""
"1","77","645","878",""
"1","77","1781","8539",""
"1","78","647","1189",""
"1","78","650","1356",""
"1","78","647","1236",""
"1","78","650","1403",""
"1","78","647","1252",""
"1","78","650","1419",""
"1","78","647","1339",""
"1","78","650","1506",""
"1","79","648","311",""
"1","79","652","245",""
"1","79","866","581",""
"1","79","1781","14025",""
"1","79","648","312",""
"1","79","652","246",""
"1","79","866","582",""
"1","79","1781","14026",""
"1","80","650","1850",""
"1","80","650","1859",""
"1","80","650","1861",""
"1","80","650","1862",""
"1","80","650","1863",""
"1","80","650","1876",""
"1","80","650","1880",""
"1","80","650","1881",""
"1","81","641","98",""
"1","81","644","48",""
"1","81","645","91",""
"1","81","647","30",""
"1","81","649","160",""
"1","81","650","67",""
"1","81","1781","7014",""
"1","82","641","99",""
"1","82","644","49",""
"1","82","645","92",""
"1","82","647","31",""
"1","82","649","161",""
"1","82","650","68",""
"1","82","1781","7015",""
"1","83","641","100",""
"1","83","644","50",""
"1","83","645","93",""
"1","83","647","32",""
"1","83","649","162",""
"1","83","650","69",""
"1","83","1781","7016",""
"1","84","641","101",""
"1","84","644","51",""
"1","84","645","94",""
"1","84","647","33",""
"1","84","649","163",""
"1","84","650","70",""
"1","84","1781","7017",""
"1","85","641","102",""
"1","85","644","52",""
"1","85","645","95",""
"1","85","647","34",""
"1","85","649","164",""
"1","85","650","71",""
"1","85","1781","7018",""
"1","86","641","103",""
"1","86","644","53",""
"1","86","645","96",""
"1","86","647","35",""
"1","86","649","165",""
"1","86","650","72",""
"1","86","1781","7019",""
"1","87","641","104",""
"1","87","644","54",""
"1","87","645","97",""
"1","87","647","36",""
"1","87","649","166",""
"1","87","650","73",""
"1","87","1781","7020",""
"1","88","641","105",""
"1","88","644","55",""
"1","88","645","98",""
"1","88","647","37",""
"1","88","649","167",""
"1","88","650","74",""
"1","88","1781","7021",""
"1","89","641","106",""
"1","89","644","56",""
"1","89","645","99",""
"1","89","647","38",""
"1","89","649","168",""
"1","89","650","75",""
"1","89","1781","7022",""
"1","90","641","107",""
"1","90","644","57",""
"1","90","645","100",""
"1","90","647","39",""
"1","90","649","169",""
"1","90","650","76",""
"1","90","1781","7023",""
"1","91","641","108",""
"1","91","644","58",""
"1","91","645","101",""
"1","91","647","40",""
"1","91","649","170",""
"1","91","650","77",""
"1","91","1781","7024",""
"1","92","641","109",""
"1","92","644","59",""
"1","92","645","102",""
"1","92","647","41",""
"1","92","649","171",""
"1","92","650","78",""
"1","92","1781","7025",""
"1","93","641","110",""
"1","93","644","60",""
"1","93","645","103",""
"1","93","647","42",""
"1","93","649","172",""
"1","93","650","79",""
"1","93","1781","7026",""
"1","94","641","111",""
"1","94","644","61",""
"1","94","645","104",""
"1","94","647","43",""
"1","94","649","173",""
"1","94","650","80",""
"1","94","1781","7027",""
"1","95","641","112",""
"1","95","644","62",""
"1","95","645","105",""
"1","95","647","44",""
"1","95","649","174",""
"1","95","650","81",""
"1","95","1781","7028",""
"1","96","641","113",""
"1","96","644","63",""
"1","96","645","106",""
"1","96","647","45",""
"1","96","649","175",""
"1","96","650","82",""
"1","96","1781","7029",""
"1","97","641","114",""
"1","97","644","64",""
"1","97","645","107",""
"1","97","647","46",""
"1","97","649","176",""
"1","97","650","83",""
"1","97","1781","7030",""
"1","98","641","115",""
"1","98","644","65",""
"1","98","645","108",""
"1","98","647","47",""
"1","98","649","177",""
"1","98","650","84",""
"1","98","1781","7031",""
"1","99","641","116",""
"1","99","644","66",""
"1","99","645","109",""
"1","99","647","48",""
"1","99","649","178",""
"1","99","650","85",""
"1","99","1781","7032",""
"1","100","641","117",""
"1","100","644","67",""
"1","100","645","110",""
"1","100","647","49",""
"1","100","649","179",""
"1","100","650","86",""
"1","100","1781","7033",""
"1","101","641","118",""
"1","101","644","68",""
"1","101","645","111",""
"1","101","647","50",""
"1","101","649","180",""
"1","101","650","87",""
"1","101","1781","7034",""
"1","102","641","119",""
"1","102","644","69",""
"1","102","645","112",""
"1","102","647","51",""
"1","102","649","181",""
"1","102","650","88",""
"1","102","1781","7035",""
"1","103","641","120",""
"1","103","644","70",""
"1","103","645","113",""
"1","103","647","52",""
"1","103","649","182",""
"1","103","650","89",""
"1","103","1781","7036",""
"1","104","641","121",""
"1","104","644","71",""
"1","104","645","114",""
"1","104","647","53",""
"1","104","649","183",""
"1","104","650","90",""
"1","104","1781","7037",""
"1","105","641","122",""
"1","105","644","72",""
"1","105","645","115",""
"1","105","647","54",""
"1","105","649","184",""
"1","105","650","91",""
"1","105","1781","7038",""
"1","106","641","123",""
"1","106","644","73",""
"1","106","645","116",""
"1","106","647","55",""
"1","106","649","185",""
"1","106","650","92",""
"1","106","1781","7039",""
"1","107","641","124",""
"1","107","644","74",""
"1","107","645","117",""
"1","107","647","56",""
"1","107","649","186",""
"1","107","650","93",""
"1","107","1781","7040",""
"1","108","641","125",""
"1","108","644","75",""
"1","108","645","118",""
"1","108","647","57",""
"1","108","649","187",""
"1","108","650","94",""
"1","108","1781","7041",""
"1","109","641","126",""
"1","109","644","76",""
"1","109","645","119",""
"1","109","647","58",""
"1","109","649","188",""
"1","109","650","95",""
"1","109","1781","7042",""
"1","110","641","127",""
"1","110","644","77",""
"1","110","645","120",""
"1","110","647","59",""
"1","110","649","189",""
"1","110","650","96",""
"1","110","1781","7043",""
"1","111","641","128",""
"1","111","644","78",""
"1","111","645","121",""
"1","111","647","60",""
"1","111","649","190",""
"1","111","650","97",""
"1","111","1781","7044",""
"1","112","641","129",""
"1","112","644","79",""
"1","112","645","122",""
"1","112","647","61",""
"1","112","649","191",""
"1","112","650","98",""
"1","112","1781","7045",""
"1","113","641","130",""
"1","113","644","80",""
"1","113","645","123",""
"1","113","647","62",""
"1","113","649","192",""
"1","113","650","99",""
"1","113","1781","7046",""
"1","114","641","131",""
"1","114","644","81",""
"1","114","645","124",""
"1","114","647","63",""
"1","114","649","193",""
"1","114","650","100",""
"1","114","1781","7047",""
"1","115","641","132",""
"1","115","644","82",""
"1","115","645","125",""
"1","115","647","64",""
"1","115","649","194",""
"1","115","650","101",""
"1","115","1781","7048",""
"1","116","641","133",""
"1","116","644","83",""
"1","116","645","126",""
"1","116","647","65",""
"1","116","649","195",""
"1","116","650","102",""
"1","116","1781","7049",""
"1","117","641","134",""
"1","117","644","84",""
"1","117","645","127",""
"1","117","647","66",""
"1","117","649","196",""
"1","117","650","103",""
"1","117","1781","7050",""
"1","118","641","135",""
"1","118","644","85",""
"1","118","645","128",""
"1","118","647","67",""
"1","118","649","197",""
"1","118","650","104",""
"1","118","1781","7051",""
"1","119","641","136",""
"1","119","644","86",""
"1","119","645","129",""
"1","119","647","68",""
"1","119","649","198",""
"1","119","650","105",""
"1","119","1781","7052",""
"1","120","641","137",""
"1","120","644","87",""
"1","120","645","130",""
"1","120","647","69",""
"1","120","649","199",""
"1","120","650","106",""
"1","120","1781","7053",""
"1","121","641","139",""
"1","121","644","89",""
"1","121","645","132",""
"1","121","647","71",""
"1","121","649","201",""
"1","121","650","108",""
"1","121","1781","7055",""
"1","122","641","140",""
"1","122","644","90",""
"1","122","645","133",""
"1","122","647","72",""
"1","122","649","202",""
"1","122","650","109",""
"1","122","1781","7056",""
"1","123","641","142",""
"1","123","644","92",""
"1","123","645","135",""
"1","123","647","74",""
"1","123","649","204",""
"1","123","650","111",""
"1","123","1781","7058",""
"1","124","641","143",""
"1","124","644","93",""
"1","124","645","136",""
"1","124","647","75",""
"1","124","649","205",""
"1","124","650","112",""
"1","124","1781","7059",""
"1","125","641","144",""
"1","125","644","94",""
"1","125","645","137",""
"1","125","647","76",""
"1","125","649","206",""
"1","125","650","113",""
"1","125","1781","7060",""
"1","126","641","145",""
"1","126","644","95",""
"1","126","645","138",""
"1","126","647","77",""
"1","126","649","207",""
"1","126","650","114",""
"1","126","1781","7061",""
"1","127","641","146",""
"1","127","644","96",""
"1","127","645","139",""
"1","127","647","78",""
"1","127","649","208",""
"1","127","650","115",""
"1","127","1781","7062",""
"1","128","641","147",""
"1","128","644","97",""
"1","128","645","140",""
"1","128","647","79",""
"1","128","649","209",""
"1","128","650","116",""
"1","128","1781","7063",""
"1","129","641","148",""
"1","129","644","98",""
"1","129","645","141",""
"1","129","647","80",""
"1","129","649","210",""
"1","129","650","117",""
"1","129","1781","7064",""
"1","130","641","149",""
"1","130","644","99",""
"1","130","645","142",""
"1","130","647","81",""
"1","130","649","211",""
"1","130","650","118",""
"1","130","1781","7065",""
"1","131","641","151",""
"1","131","644","101",""
"1","131","645","144",""
"1","131","647","83",""
"1","131","649","213",""
"1","131","650","120",""
"1","131","1781","7067",""
"1","132","641","152",""
"1","132","644","102",""
"1","132","645","145",""
"1","132","647","84",""
"1","132","649","214",""
"1","132","650","121",""
"1","132","1781","7068",""
"1","133","641","153",""
"1","133","644","103",""
"1","133","645","146",""
"1","133","647","85",""
"1","133","649","215",""
"1","133","650","122",""
"1","133","1781","7069",""
"1","134","641","154",""
"1","134","644","104",""
"1","134","645","147",""
"1","134","647","86",""
"1","134","649","216",""
"1","134","650","123",""
"1","134","1781","7070",""
"1","135","641","155",""
"1","135","644","105",""
"1","135","645","148",""
"1","135","647","87",""
"1","135","649","217",""
"1","135","650","124",""
"1","135","1781","7071",""
"1","136","641","156",""
"1","136","644","106",""
"1","136","645","149",""
"1","136","647","88",""
"1","136","649","218",""
"1","136","650","125",""
"1","136","1781","7072",""
"1","137","641","157",""
"1","137","644","107",""
"1","137","645","150",""
"1","137","647","89",""
"1","137","649","219",""
"1","137","650","126",""
"1","137","1781","7073",""
"1","138","641","158",""
"1","138","644","108",""
"1","138","645","151",""
"1","138","647","90",""
"1","138","649","220",""
"1","138","650","127",""
"1","138","1781","7074",""
"1","139","641","159",""
"1","139","644","109",""
"1","139","645","152",""
"1","139","647","91",""
"1","139","649","221",""
"1","139","650","128",""
"1","139","1781","7075",""
"1","140","641","160",""
"1","140","644","110",""
"1","140","645","153",""
"1","140","647","92",""
"1","140","649","222",""
"1","140","650","129",""
"1","140","1781","7076",""
"1","141","641","161",""
"1","141","644","111",""
"1","141","645","154",""
"1","141","647","93",""
"1","141","649","223",""
"1","141","650","130",""
"1","141","1781","7077",""
"1","142","641","162",""
"1","142","644","112",""
"1","142","645","155",""
"1","142","647","94",""
"1","142","649","224",""
"1","142","650","131",""
"1","142","1781","7078",""
"1","143","641","163",""
"1","143","644","113",""
"1","143","645","156",""
"1","143","647","95",""
"1","143","649","225",""
"1","143","650","132",""
"1","143","1781","7079",""
"1","144","641","164",""
"1","144","644","114",""
"1","144","645","157",""
"1","144","647","96",""
"1","144","649","226",""
"1","144","650","133",""
"1","144","1781","7080",""
"1","145","641","165",""
"1","145","644","115",""
"1","145","645","158",""
"1","145","647","97",""
"1","145","649","227",""
"1","145","650","134",""
"1","145","1781","7081",""
"1","146","641","166",""
"1","146","644","116",""
"1","146","645","159",""
"1","146","647","98",""
"1","146","649","228",""
"1","146","650","135",""
"1","146","1781","7082",""
"1","147","641","167",""
"1","147","644","117",""
"1","147","645","160",""
"1","147","647","99",""
"1","147","649","229",""
"1","147","650","136",""
"1","147","1781","7083",""
"1","148","641","168",""
"1","148","644","118",""
"1","148","645","161",""
"1","148","647","100",""
"1","148","649","230",""
"1","148","650","137",""
"1","148","1781","7084",""
"1","149","641","169",""
"1","149","644","119",""
"1","149","645","162",""
"1","149","647","101",""
"1","149","649","231",""
"1","149","650","138",""
"1","149","1781","7085",""
"1","150","641","170",""
"1","150","644","120",""
"1","150","645","163",""
"1","150","647","102",""
"1","150","649","232",""
"1","150","650","139",""
"1","150","1781","7086",""
"1","151","641","171",""
"1","151","644","121",""
"1","151","645","164",""
"1","151","647","103",""
"1","151","649","233",""
"1","151","650","140",""
"1","151","1781","7087",""
"1","152","641","172",""
"1","152","644","122",""
"1","152","645","165",""
"1","152","647","104",""
"1","152","649","234",""
"1","152","650","141",""
"1","152","1781","7088",""
"1","153","641","173",""
"1","153","644","123",""
"1","153","645","166",""
"1","153","647","105",""
"1","153","649","235",""
"1","153","650","142",""
"1","153","1781","7089",""
"1","154","641","174",""
"1","154","644","124",""
"1","154","645","167",""
"1","154","647","106",""
"1","154","649","236",""
"1","154","650","143",""
"1","154","1781","7090",""
"1","155","641","175",""
"1","155","644","125",""
"1","155","645","168",""
"1","155","647","107",""
"1","155","649","237",""
"1","155","650","144",""
"1","155","1781","7091",""
"1","156","641","176",""
"1","156","644","126",""
"1","156","645","169",""
"1","156","647","108",""
"1","156","649","238",""
"1","156","650","145",""
"1","156","1781","7092",""
"1","157","641","177",""
"1","157","644","127",""
"1","157","645","170",""
"1","157","647","109",""
"1","157","649","239",""
"1","157","650","146",""
"1","157","1781","7093",""
"1","158","641","178",""
"1","158","644","128",""
"1","158","645","171",""
"1","158","647","110",""
"1","158","649","240",""
"1","158","650","147",""
"1","158","1781","7094",""
"1","159","641","179",""
"1","159","644","129",""
"1","159","645","172",""
"1","159","647","111",""
"1","159","649","241",""
"1","159","650","148",""
"1","159","1781","7095",""
"1","160","641","180",""
"1","160","644","130",""
"1","160","645","173",""
"1","160","647","112",""
"1","160","649","242",""
"1","160","650","149",""
"1","160","1781","7096",""
"1","161","641","181",""
"1","161","644","131",""
"1","161","645","174",""
"1","161","647","113",""
"1","161","649","243",""
"1","161","650","150",""
"1","161","1781","7097",""
"1","162","641","182",""
"1","162","644","132",""
"1","162","645","175",""
"1","162","647","114",""
"1","162","649","244",""
"1","162","650","151",""
"1","162","1781","7098",""
"1","163","641","183",""
"1","163","644","133",""
"1","163","645","176",""
"1","163","647","115",""
"1","163","649","245",""
"1","163","650","152",""
"1","163","1781","7099",""
"1","164","641","184",""
"1","164","644","134",""
"1","164","645","177",""
"1","164","647","116",""
"1","164","649","246",""
"1","164","650","153",""
"1","164","1781","7100",""
"1","165","641","185",""
"1","165","644","135",""
"1","165","645","178",""
"1","165","647","117",""
"1","165","649","247",""
"1","165","650","154",""
"1","165","1781","7101",""
"1","166","641","186",""
"1","166","644","136",""
"1","166","645","179",""
"1","166","647","118",""
"1","166","649","248",""
"1","166","650","155",""
"1","166","1781","7102",""
"1","167","641","187",""
"1","167","644","137",""
"1","167","645","180",""
"1","167","647","119",""
"1","167","649","249",""
"1","167","650","156",""
"1","167","1781","7103",""
"1","168","641","188",""
"1","168","644","138",""
"1","168","645","181",""
"1","168","647","120",""
"1","168","649","250",""
"1","168","650","157",""
"1","168","1781","7104",""
"1","169","641","189",""
"1","169","644","139",""
"1","169","645","182",""
"1","169","647","121",""
"1","169","649","251",""
"1","169","650","158",""
"1","169","1781","7105",""
"1","170","641","190",""
"1","170","644","140",""
"1","170","645","183",""
"1","170","647","122",""
"1","170","649","252",""
"1","170","650","159",""
"1","170","1781","7106",""
"1","171","641","191",""
"1","171","644","141",""
"1","171","645","184",""
"1","171","647","123",""
"1","171","649","253",""
"1","171","650","160",""
"1","171","1781","7107",""
"1","172","641","192",""
"1","172","644","142",""
"1","172","645","185",""
"1","172","647","124",""
"1","172","649","254",""
"1","172","650","161",""
"1","172","1781","7108",""
"1","173","641","194",""
"1","173","644","144",""
"1","173","645","187",""
"1","173","647","126",""
"1","173","649","256",""
"1","173","650","163",""
"1","173","1781","7110",""
"1","174","641","195",""
"1","174","644","145",""
"1","174","645","188",""
"1","174","647","127",""
"1","174","649","257",""
"1","174","650","164",""
"1","174","1781","7111",""
"1","175","641","196",""
"1","175","644","146",""
"1","175","645","189",""
"1","175","647","128",""
"1","175","649","258",""
"1","175","650","165",""
"1","175","1781","7112",""
"1","176","641","197",""
"1","176","644","147",""
"1","176","645","190",""
"1","176","647","129",""
"1","176","649","259",""
"1","176","650","166",""
"1","176","1781","7113",""
"1","177","641","198",""
"1","177","644","148",""
"1","177","645","191",""
"1","177","647","130",""
"1","177","649","260",""
"1","177","650","167",""
"1","177","1781","7114",""
"1","178","641","199",""
"1","178","644","149",""
"1","178","645","192",""
"1","178","647","131",""
"1","178","649","261",""
"1","178","650","168",""
"1","178","1781","7115",""
"1","179","641","201",""
"1","179","644","151",""
"1","179","645","194",""
"1","179","647","133",""
"1","179","649","263",""
"1","179","650","170",""
"1","179","1781","7117",""
"1","180","641","202",""
"1","180","644","152",""
"1","180","645","195",""
"1","180","647","134",""
"1","180","649","264",""
"1","180","650","171",""
"1","180","1781","7118",""
"1","181","641","203",""
"1","181","644","153",""
"1","181","645","196",""
"1","181","647","135",""
"1","181","649","265",""
"1","181","650","172",""
"1","181","1781","7119",""
"1","182","641","204",""
"1","182","644","154",""
"1","182","645","197",""
"1","182","647","136",""
"1","182","649","266",""
"1","182","650","173",""
"1","182","1781","7120",""
"1","183","641","205",""
"1","183","644","155",""
"1","183","645","198",""
"1","183","647","137",""
"1","183","649","267",""
"1","183","650","174",""
"1","183","1781","7121",""
"1","184","641","206",""
"1","184","644","156",""
"1","184","645","199",""
"1","184","647","138",""
"1","184","649","268",""
"1","184","650","175",""
"1","184","1781","7122",""
"1","185","641","207",""
"1","185","644","157",""
"1","185","645","200",""
"1","185","647","139",""
"1","185","649","269",""
"1","185","650","176",""
"1","185","1781","7123",""
"1","186","641","208",""
"1","186","644","158",""
"1","186","645","201",""
"1","186","647","140",""
"1","186","649","270",""
"1","186","650","177",""
"1","186","1781","7124",""
"1","187","641","209",""
"1","187","644","159",""
"1","187","645","202",""
"1","187","647","141",""
"1","187","649","271",""
"1","187","650","178",""
"1","187","1781","7125",""
"1","188","641","210",""
"1","188","644","160",""
"1","188","645","203",""
"1","188","647","142",""
"1","188","649","272",""
"1","188","650","179",""
"1","188","1781","7126",""
"1","189","641","211",""
"1","189","644","161",""
"1","189","645","204",""
"1","189","647","143",""
"1","189","649","273",""
"1","189","650","180",""
"1","189","1781","7127",""
"1","190","641","212",""
"1","190","644","162",""
"1","190","645","205",""
"1","190","647","144",""
"1","190","649","274",""
"1","190","650","181",""
"1","190","1781","7128",""
"1","191","641","213",""
"1","191","644","163",""
"1","191","645","206",""
"1","191","647","145",""
"1","191","649","275",""
"1","191","650","182",""
"1","191","1781","7129",""
"1","192","641","214",""
"1","192","644","164",""
"1","192","645","207",""
"1","192","647","146",""
"1","192","649","276",""
"1","192","650","183",""
"1","192","1781","7130",""
"1","193","641","215",""
"1","193","644","165",""
"1","193","645","208",""
"1","193","647","147",""
"1","193","649","277",""
"1","193","650","184",""
"1","193","1781","7131",""
"1","194","641","216",""
"1","194","644","166",""
"1","194","645","209",""
"1","194","647","148",""
"1","194","649","278",""
"1","194","650","185",""
"1","194","1781","7132",""
"1","195","641","217",""
"1","195","644","167",""
"1","195","645","210",""
"1","195","647","149",""
"1","195","649","279",""
"1","195","650","186",""
"1","195","1781","7133",""
"1","196","641","218",""
"1","196","644","168",""
"1","196","645","211",""
"1","196","647","150",""
"1","196","649","280",""
"1","196","650","187",""
"1","196","1781","7134",""
"1","197","641","219",""
"1","197","644","169",""
"1","197","645","212",""
"1","197","647","151",""
"1","197","649","281",""
"1","197","650","188",""
"1","197","1781","7135",""
"1","198","641","220",""
"1","198","644","170",""
"1","198","645","213",""
"1","198","647","152",""
"1","198","649","282",""
"1","198","650","189",""
"1","198","1781","7136",""
"1","199","641","221",""
"1","199","644","171",""
"1","199","645","214",""
"1","199","647","153",""
"1","199","649","283",""
"1","199","650","190",""
"1","199","1781","7137",""
"1","200","641","222",""
"1","200","644","172",""
"1","200","645","215",""
"1","200","647","154",""
"1","200","649","284",""
"1","200","650","191",""
"1","200","1781","7138",""
"1","201","641","223",""
"1","201","644","173",""
"1","201","645","216",""
"1","201","647","155",""
"1","201","649","285",""
"1","201","650","192",""
"1","201","1781","7139",""
"1","202","641","224",""
"1","202","644","174",""
"1","202","645","217",""
"1","202","647","156",""
"1","202","649","286",""
"1","202","650","193",""
"1","202","1781","7140",""
"1","203","641","225",""
"1","203","644","175",""
"1","203","645","218",""
"1","203","647","157",""
"1","203","649","287",""
"1","203","650","194",""
"1","203","1781","7141",""
"1","204","641","226",""
"1","204","644","176",""
"1","204","645","219",""
"1","204","647","158",""
"1","204","649","288",""
"1","204","650","195",""
"1","204","1781","7142",""
"1","205","641","227",""
"1","205","644","177",""
"1","205","645","220",""
"1","205","647","159",""
"1","205","649","289",""
"1","205","650","196",""
"1","205","1781","7143",""
"1","206","641","228",""
"1","206","644","178",""
"1","206","645","221",""
"1","206","647","160",""
"1","206","649","290",""
"1","206","650","197",""
"1","206","1781","7144",""
"1","207","641","229",""
"1","207","644","179",""
"1","207","645","222",""
"1","207","647","161",""
"1","207","649","291",""
"1","207","650","198",""
"1","207","1781","7145",""
"1","208","641","230",""
"1","208","644","180",""
"1","208","645","223",""
"1","208","647","162",""
"1","208","649","292",""
"1","208","650","199",""
"1","208","1781","7146",""
"1","209","641","231",""
"1","209","644","181",""
"1","209","645","224",""
"1","209","647","163",""
"1","209","649","293",""
"1","209","650","200",""
"1","209","1781","7147",""
"1","210","641","232",""
"1","210","644","182",""
"1","210","645","225",""
"1","210","647","164",""
"1","210","649","294",""
"1","210","650","201",""
"1","210","1781","7148",""
"1","211","641","233",""
"1","211","644","183",""
"1","211","645","226",""
"1","211","647","165",""
"1","211","649","295",""
"1","211","650","202",""
"1","211","1781","7149",""
"1","212","641","234",""
"1","212","644","184",""
"1","212","645","227",""
"1","212","647","166",""
"1","212","649","296",""
"1","212","650","203",""
"1","212","1781","7150",""
"1","213","641","235",""
"1","213","644","185",""
"1","213","645","228",""
"1","213","647","167",""
"1","213","649","297",""
"1","213","650","204",""
"1","213","1781","7151",""
"1","214","641","236",""
"1","214","644","186",""
"1","214","645","229",""
"1","214","647","168",""
"1","214","649","298",""
"1","214","650","205",""
"1","214","1781","7152",""
"1","215","641","237",""
"1","215","644","187",""
"1","215","645","230",""
"1","215","647","169",""
"1","215","649","299",""
"1","215","650","206",""
"1","215","1781","7153",""
"1","216","641","238",""
"1","216","644","188",""
"1","216","645","231",""
"1","216","647","170",""
"1","216","649","300",""
"1","216","650","207",""
"1","216","1781","7154",""
"1","217","641","239",""
"1","217","644","189",""
"1","217","645","232",""
"1","217","647","171",""
"1","217","649","301",""
"1","217","650","208",""
"1","217","1781","7155",""
"1","218","641","240",""
"1","218","644","190",""
"1","218","645","233",""
"1","218","647","172",""
"1","218","649","302",""
"1","218","650","209",""
"1","218","1781","7156",""
"1","219","641","241",""
"1","219","644","191",""
"1","219","645","234",""
"1","219","647","173",""
"1","219","649","303",""
"1","219","650","210",""
"1","219","1781","7157",""
"1","220","641","242",""
"1","220","644","192",""
"1","220","645","235",""
"1","220","647","174",""
"1","220","649","304",""
"1","220","650","211",""
"1","220","1781","7158",""
"1","221","641","243",""
"1","221","644","193",""
"1","221","645","236",""
"1","221","647","175",""
"1","221","649","305",""
"1","221","650","212",""
"1","221","1781","7159",""
"1","222","641","244",""
"1","222","644","194",""
"1","222","645","237",""
"1","222","647","176",""
"1","222","649","306",""
"1","222","650","213",""
"1","222","1781","7160",""
"1","223","641","245",""
"1","223","644","195",""
"1","223","645","238",""
"1","223","647","177",""
"1","223","649","307",""
"1","223","650","214",""
"1","223","1781","7161",""
"1","224","641","246",""
"1","224","644","196",""
"1","224","645","239",""
"1","224","647","178",""
"1","224","649","308",""
"1","224","650","215",""
"1","224","1781","7162",""
"1","225","641","247",""
"1","225","644","197",""
"1","225","645","240",""
"1","225","647","179",""
"1","225","649","309",""
"1","225","650","216",""
"1","225","1781","7163",""
"1","226","641","248",""
"1","226","644","198",""
"1","226","645","241",""
"1","226","647","180",""
"1","226","649","310",""
"1","226","650","217",""
"1","226","1781","7164",""
"1","227","641","249",""
"1","227","644","199",""
"1","227","645","242",""
"1","227","647","181",""
"1","227","649","311",""
"1","227","650","218",""
"1","227","1781","7165",""
"1","228","641","250",""
"1","228","644","200",""
"1","228","645","243",""
"1","228","647","182",""
"1","228","649","312",""
"1","228","650","219",""
"1","228","1781","7166",""
"1","229","641","251",""
"1","229","644","201",""
"1","229","645","244",""
"1","229","647","183",""
"1","229","649","313",""
"1","229","650","220",""
"1","229","1781","7167",""
"1","230","641","252",""
"1","230","644","202",""
"1","230","645","245",""
"1","230","647","184",""
"1","230","649","314",""
"1","230","650","221",""
"1","230","1781","7168",""
"1","231","641","253",""
"1","231","644","203",""
"1","231","645","246",""
"1","231","647","185",""
"1","231","649","315",""
"1","231","650","222",""
"1","231","1781","7169",""
"1","232","641","254",""
"1","232","644","204",""
"1","232","645","247",""
"1","232","647","186",""
"1","232","649","316",""
"1","232","650","223",""
"1","232","1781","7170",""
"1","233","641","255",""
"1","233","644","205",""
"1","233","645","248",""
"1","233","647","187",""
"1","233","649","317",""
"1","233","650","224",""
"1","233","1781","7171",""
"1","234","641","256",""
"1","234","644","206",""
"1","234","645","249",""
"1","234","647","188",""
"1","234","649","318",""
"1","234","650","225",""
"1","234","1781","7172",""
"1","235","641","257",""
"1","235","644","207",""
"1","235","645","250",""
"1","235","647","189",""
"1","235","649","319",""
"1","235","650","226",""
"1","235","1781","7173",""
"1","236","641","258",""
"1","236","644","208",""
"1","236","645","251",""
"1","236","647","190",""
"1","236","649","320",""
"1","236","650","227",""
"1","236","1781","7174",""
"1","237","641","259",""
"1","237","644","209",""
"1","237","645","252",""
"1","237","647","191",""
"1","237","649","321",""
"1","237","650","228",""
"1","237","1781","7175",""
"1","238","641","260",""
"1","238","644","210",""
"1","238","645","253",""
"1","238","647","192",""
"1","238","649","322",""
"1","238","650","229",""
"1","238","1781","7176",""
"1","239","641","261",""
"1","239","644","211",""
"1","239","645","254",""
"1","239","647","193",""
"1","239","649","323",""
"1","239","650","230",""
"1","239","1781","7177",""
"1","240","641","262",""
"1","240","644","212",""
"1","240","645","255",""
"1","240","647","194",""
"1","240","649","324",""
"1","240","650","231",""
"1","240","1781","7178",""
"1","241","641","263",""
"1","241","644","213",""
"1","241","645","256",""
"1","241","647","195",""
"1","241","649","325",""
"1","241","650","232",""
"1","241","1781","7179",""
"1","242","641","264",""
"1","242","644","214",""
"1","242","645","257",""
"1","242","647","196",""
"1","242","649","326",""
"1","242","650","233",""
"1","242","1781","7180",""
"1","243","641","265",""
"1","243","644","215",""
"1","243","645","258",""
"1","243","647","197",""
"1","243","649","327",""
"1","243","650","234",""
"1","243","1781","7181",""
"1","244","641","266",""
"1","244","644","216",""
"1","244","645","259",""
"1","244","647","198",""
"1","244","649","328",""
"1","244","650","235",""
"1","244","1781","7182",""
"1","245","641","267",""
"1","245","644","217",""
"1","245","645","260",""
"1","245","647","199",""
"1","245","649","329",""
"1","245","650","236",""
"1","245","1781","7183",""
"1","246","641","268",""
"1","246","644","218",""
"1","246","645","261",""
"1","246","647","200",""
"1","246","649","330",""
"1","246","650","237",""
"1","246","1781","7184",""
"1","247","641","269",""
"1","247","644","219",""
"1","247","645","262",""
"1","247","647","201",""
"1","247","649","331",""
"1","247","650","238",""
"1","247","1781","7185",""
"1","248","641","270",""
"1","248","644","220",""
"1","248","645","263",""
"1","248","647","202",""
"1","248","649","332",""
"1","248","650","239",""
"1","248","1781","7186",""
"1","249","641","271",""
"1","249","644","221",""
"1","249","645","264",""
"1","249","647","203",""
"1","249","649","333",""
"1","249","650","240",""
"1","249","1781","7187",""
"1","250","641","272",""
"1","250","644","222",""
"1","250","645","265",""
"1","250","647","204",""
"1","250","649","334",""
"1","250","650","241",""
"1","250","1781","7188",""
"1","251","641","273",""
"1","251","644","223",""
"1","251","645","266",""
"1","251","647","205",""
"1","251","649","335",""
"1","251","650","242",""
"1","251","1781","7189",""
"1","252","641","274",""
"1","252","644","224",""
"1","252","645","267",""
"1","252","647","206",""
"1","252","649","336",""
"1","252","650","243",""
"1","252","1781","7190",""
"1","253","641","275",""
"1","253","644","225",""
"1","253","645","268",""
"1","253","647","207",""
"1","253","649","337",""
"1","253","650","244",""
"1","253","1781","7191",""
"1","254","641","276",""
"1","254","644","226",""
"1","254","645","269",""
"1","254","647","208",""
"1","254","649","338",""
"1","254","650","245",""
"1","254","1781","7192",""
"1","255","641","277",""
"1","255","644","227",""
"1","255","645","270",""
"1","255","647","209",""
"1","255","649","339",""
"1","255","650","246",""
"1","255","1781","7193",""
"1","256","641","278",""
"1","256","644","228",""
"1","256","645","271",""
"1","256","647","210",""
"1","256","649","340",""
"1","256","650","247",""
"1","256","1781","7194",""
"1","257","641","279",""
"1","257","644","229",""
"1","257","645","272",""
"1","257","647","211",""
"1","257","649","341",""
"1","257","650","248",""
"1","257","1781","7195",""
"1","258","641","280",""
"1","258","644","230",""
"1","258","645","273",""
"1","258","647","212",""
"1","258","649","342",""
"1","258","650","249",""
"1","258","1781","7196",""
"1","259","641","281",""
"1","259","644","231",""
"1","259","645","274",""
"1","259","647","213",""
"1","259","649","343",""
"1","259","650","250",""
"1","259","1781","7197",""
"1","260","641","282",""
"1","260","644","232",""
"1","260","645","275",""
"1","260","647","214",""
"1","260","649","344",""
"1","260","650","251",""
"1","260","1781","7198",""
"1","261","641","283",""
"1","261","644","233",""
"1","261","645","276",""
"1","261","647","215",""
"1","261","649","345",""
"1","261","650","252",""
"1","261","1781","7199",""
"1","262","641","284",""
"1","262","644","234",""
"1","262","645","277",""
"1","262","647","216",""
"1","262","649","346",""
"1","262","650","253",""
"1","262","1781","7200",""
"1","263","641","285",""
"1","263","644","235",""
"1","263","645","278",""
"1","263","647","217",""
"1","263","649","347",""
"1","263","650","254",""
"1","263","1781","7201",""
"1","264","641","286",""
"1","264","644","236",""
"1","264","645","279",""
"1","264","647","218",""
"1","264","649","348",""
"1","264","650","255",""
"1","264","1781","7202",""
"1","265","641","287",""
"1","265","644","237",""
"1","265","645","280",""
"1","265","647","219",""
"1","265","649","349",""
"1","265","650","256",""
"1","265","1781","7203",""
"1","266","641","288",""
"1","266","644","238",""
"1","266","645","281",""
"1","266","647","220",""
"1","266","649","350",""
"1","266","650","257",""
"1","266","1781","7204",""
"1","267","641","289",""
"1","267","644","239",""
"1","267","645","282",""
"1","267","647","221",""
"1","267","649","351",""
"1","267","650","258",""
"1","267","1781","7205",""
"1","268","641","290",""
"1","268","644","240",""
"1","268","645","283",""
"1","268","647","222",""
"1","268","649","352",""
"1","268","650","259",""
"1","268","1781","7206",""
"1","269","641","291",""
"1","269","644","241",""
"1","269","645","284",""
"1","269","647","223",""
"1","269","649","353",""
"1","269","650","260",""
"1","269","1781","7207",""
"1","270","641","292",""
"1","270","644","242",""
"1","270","645","285",""
"1","270","647","224",""
"1","270","649","354",""
"1","270","650","261",""
"1","270","1781","7208",""
"1","271","641","293",""
"1","271","644","243",""
"1","271","645","286",""
"1","271","647","225",""
"1","271","649","355",""
"1","271","650","262",""
"1","271","1781","7209",""
"1","272","641","294",""
"1","272","644","244",""
"1","272","645","287",""
"1","272","647","226",""
"1","272","649","356",""
"1","272","650","263",""
"1","272","1781","7210",""
"1","273","641","295",""
"1","273","644","245",""
"1","273","645","288",""
"1","273","647","227",""
"1","273","649","357",""
"1","273","650","264",""
"1","273","1781","7211",""
"1","274","641","296",""
"1","274","644","246",""
"1","274","645","289",""
"1","274","647","228",""
"1","274","649","358",""
"1","274","650","265",""
"1","274","1781","7212",""
"1","275","641","297",""
"1","275","644","247",""
"1","275","645","290",""
"1","275","647","229",""
"1","275","649","359",""
"1","275","650","266",""
"1","275","1781","7213",""
"1","276","641","298",""
"1","276","644","248",""
"1","276","645","291",""
"1","276","647","230",""
"1","276","649","360",""
"1","276","650","267",""
"1","276","1781","7214",""
"1","277","641","299",""
"1","277","644","249",""
"1","277","645","292",""
"1","277","647","231",""
"1","277","649","361",""
"1","277","650","268",""
"1","277","1781","7215",""
"1","278","641","301",""
"1","278","644","251",""
"1","278","645","294",""
"1","278","647","233",""
"1","278","649","363",""
"1","278","650","270",""
"1","278","1781","7217",""
"1","279","641","303",""
"1","279","644","253",""
"1","279","645","296",""
"1","279","647","235",""
"1","279","649","365",""
"1","279","650","272",""
"1","279","1781","7219",""
"1","280","641","306",""
"1","280","644","256",""
"1","280","645","299",""
"1","280","647","238",""
"1","280","649","368",""
"1","280","650","275",""
"1","280","1781","7222",""
"1","281","641","308",""
"1","281","644","258",""
"1","281","645","301",""
"1","281","647","240",""
"1","281","649","370",""
"1","281","650","277",""
"1","281","1781","7224",""
"1","282","641","310",""
"1","282","644","260",""
"1","282","645","303",""
"1","282","647","242",""
"1","282","649","372",""
"1","282","650","279",""
"1","282","1781","7226",""
"1","283","641","311",""
"1","283","644","261",""
"1","283","645","304",""
"1","283","647","243",""
"1","283","649","373",""
"1","283","650","280",""
"1","283","1781","7227",""
"1","284","641","312",""
"1","284","644","262",""
"1","284","645","305",""
"1","284","647","244",""
"1","284","649","374",""
"1","284","650","281",""
"1","284","1781","7228",""
"1","285","641","313",""
"1","285","644","263",""
"1","285","645","306",""
"1","285","647","245",""
"1","285","649","375",""
"1","285","650","282",""
"1","285","1781","7229",""
"1","286","641","314",""
"1","286","644","264",""
"1","286","645","307",""
"1","286","647","246",""
"1","286","649","376",""
"1","286","650","283",""
"1","286","1781","7230",""
"1","287","641","315",""
"1","287","644","265",""
"1","287","645","308",""
"1","287","647","247",""
"1","287","649","377",""
"1","287","650","284",""
"1","287","1781","7231",""
"1","288","641","316",""
"1","288","644","266",""
"1","288","645","309",""
"1","288","647","248",""
"1","288","649","378",""
"1","288","650","285",""
"1","288","1781","7232",""
"1","289","641","317",""
"1","289","644","267",""
"1","289","645","310",""
"1","289","647","249",""
"1","289","649","379",""
"1","289","650","286",""
"1","289","1781","7233",""
"1","290","641","318",""
"1","290","644","268",""
"1","290","645","311",""
"1","290","647","250",""
"1","290","649","380",""
"1","290","650","287",""
"1","290","1781","7234",""
"1","291","641","319",""
"1","291","644","269",""
"1","291","645","312",""
"1","291","647","251",""
"1","291","649","381",""
"1","291","650","288",""
"1","291","1781","7235",""
"1","292","641","326",""
"1","292","644","276",""
"1","292","645","319",""
"1","292","647","258",""
"1","292","649","388",""
"1","292","650","295",""
"1","292","1781","7242",""
"1","293","641","327",""
"1","293","644","277",""
"1","293","645","320",""
"1","293","647","259",""
"1","293","649","389",""
"1","293","650","296",""
"1","293","1781","7243",""
"1","294","641","328",""
"1","294","644","278",""
"1","294","645","321",""
"1","294","647","260",""
"1","294","649","390",""
"1","294","650","297",""
"1","294","1781","7244",""
"1","295","641","329",""
"1","295","644","279",""
"1","295","645","322",""
"1","295","647","261",""
"1","295","649","391",""
"1","295","650","298",""
"1","295","1781","7245",""
"1","296","641","330",""
"1","296","644","280",""
"1","296","645","323",""
"1","296","647","262",""
"1","296","649","392",""
"1","296","650","299",""
"1","296","1781","7246",""
"1","297","641","331",""
"1","297","644","281",""
"1","297","645","324",""
"1","297","647","263",""
"1","297","649","393",""
"1","297","650","300",""
"1","297","1781","7247",""
"1","298","641","332",""
"1","298","644","282",""
"1","298","645","325",""
"1","298","647","264",""
"1","298","649","394",""
"1","298","650","301",""
"1","298","1781","7248",""
"1","299","641","333",""
"1","299","644","283",""
"1","299","645","326",""
"1","299","647","265",""
"1","299","649","395",""
"1","299","650","302",""
"1","299","1781","7249",""
"1","300","641","334",""
"1","300","644","284",""
"1","300","645","327",""
"1","300","647","266",""
"1","300","649","396",""
"1","300","650","303",""
"1","300","1781","7250",""
"1","301","641","335",""
"1","301","644","285",""
"1","301","645","328",""
"1","301","647","267",""
"1","301","649","397",""
"1","301","650","304",""
"1","301","1781","7251",""
"1","302","641","336",""
"1","302","644","286",""
"1","302","645","329",""
"1","302","647","268",""
"1","302","649","398",""
"1","302","650","305",""
"1","302","1781","7252",""
"1","303","641","337",""
"1","303","644","287",""
"1","303","645","330",""
"1","303","647","269",""
"1","303","649","399",""
"1","303","650","306",""
"1","303","1781","7253",""
"1","304","641","338",""
"1","304","644","288",""
"1","304","645","331",""
"1","304","647","270",""
"1","304","649","400",""
"1","304","650","307",""
"1","304","1781","7254",""
"1","305","641","339",""
"1","305","644","289",""
"1","305","645","332",""
"1","305","647","271",""
"1","305","649","401",""
"1","305","650","308",""
"1","305","1781","7255",""
"1","306","641","340",""
"1","306","644","290",""
"1","306","645","333",""
"1","306","647","272",""
"1","306","649","402",""
"1","306","650","309",""
"1","306","1781","7256",""
"1","307","641","341",""
"1","307","644","291",""
"1","307","645","334",""
"1","307","647","273",""
"1","307","649","403",""
"1","307","650","310",""
"1","307","1781","7257",""
"1","308","641","342",""
"1","308","644","292",""
"1","308","645","335",""
"1","308","647","274",""
"1","308","649","404",""
"1","308","650","311",""
"1","308","1781","7258",""
"1","309","641","343",""
"1","309","644","293",""
"1","309","645","336",""
"1","309","647","275",""
"1","309","649","405",""
"1","309","650","312",""
"1","309","1781","7259",""
"1","310","641","344",""
"1","310","644","294",""
"1","310","645","337",""
"1","310","647","276",""
"1","310","649","406",""
"1","310","650","313",""
"1","310","1781","7260",""
"1","311","641","345",""
"1","311","644","295",""
"1","311","645","338",""
"1","311","647","277",""
"1","311","649","407",""
"1","311","650","314",""
"1","311","1781","7261",""
"1","312","641","346",""
"1","312","644","296",""
"1","312","645","339",""
"1","312","647","278",""
"1","312","649","408",""
"1","312","650","315",""
"1","312","1781","7262",""
"1","313","641","347",""
"1","313","644","297",""
"1","313","645","340",""
"1","313","647","279",""
"1","313","649","409",""
"1","313","650","316",""
"1","313","1781","7263",""
"1","314","641","348",""
"1","314","644","298",""
"1","314","645","341",""
"1","314","647","280",""
"1","314","649","410",""
"1","314","650","317",""
"1","314","1781","7264",""
"1","315","641","349",""
"1","315","644","299",""
"1","315","645","342",""
"1","315","647","281",""
"1","315","649","411",""
"1","315","650","318",""
"1","315","1781","7265",""
"1","316","641","350",""
"1","316","644","300",""
"1","316","645","343",""
"1","316","647","282",""
"1","316","649","412",""
"1","316","650","319",""
"1","316","1781","7266",""
"1","317","641","351",""
"1","317","644","301",""
"1","317","645","344",""
"1","317","647","283",""
"1","317","649","413",""
"1","317","650","320",""
"1","317","1781","7267",""
"1","318","641","352",""
"1","318","644","302",""
"1","318","645","345",""
"1","318","647","284",""
"1","318","649","414",""
"1","318","650","321",""
"1","318","1781","7268",""
"1","319","641","353",""
"1","319","644","303",""
"1","319","645","346",""
"1","319","647","285",""
"1","319","649","415",""
"1","319","650","322",""
"1","319","1781","7269",""
"1","320","641","354",""
"1","320","644","304",""
"1","320","645","347",""
"1","320","647","286",""
"1","320","649","416",""
"1","320","650","323",""
"1","320","1781","7270",""
"1","321","641","355",""
"1","321","644","305",""
"1","321","645","348",""
"1","321","647","287",""
"1","321","649","417",""
"1","321","650","324",""
"1","321","1781","7271",""
"1","322","641","356",""
"1","322","644","306",""
"1","322","645","349",""
"1","322","647","288",""
"1","322","649","418",""
"1","322","650","325",""
"1","322","1781","7272",""
"1","323","641","357",""
"1","323","644","307",""
"1","323","645","350",""
"1","323","647","289",""
"1","323","649","419",""
"1","323","650","326",""
"1","323","1781","7273",""
"1","324","641","358",""
"1","324","644","308",""
"1","324","645","351",""
"1","324","647","290",""
"1","324","649","420",""
"1","324","650","327",""
"1","324","1781","7274",""
"1","325","641","359",""
"1","325","644","309",""
"1","325","645","352",""
"1","325","647","291",""
"1","325","649","421",""
"1","325","650","328",""
"1","325","1781","7275",""
"1","326","641","360",""
"1","326","644","310",""
"1","326","645","353",""
"1","326","647","292",""
"1","326","649","422",""
"1","326","650","329",""
"1","326","1781","7276",""
"1","327","641","361",""
"1","327","644","311",""
"1","327","645","354",""
"1","327","647","293",""
"1","327","649","423",""
"1","327","650","330",""
"1","327","1781","7277",""
"1","328","641","362",""
"1","328","644","312",""
"1","328","645","355",""
"1","328","647","294",""
"1","328","649","424",""
"1","328","650","331",""
"1","328","1781","7278",""
"1","329","641","363",""
"1","329","644","313",""
"1","329","645","356",""
"1","329","647","295",""
"1","329","649","425",""
"1","329","650","332",""
"1","329","1781","7279",""
"1","330","641","364",""
"1","330","644","314",""
"1","330","645","357",""
"1","330","647","296",""
"1","330","649","426",""
"1","330","650","333",""
"1","330","1781","7280",""
"1","331","641","365",""
"1","331","644","315",""
"1","331","645","358",""
"1","331","647","297",""
"1","331","649","427",""
"1","331","650","334",""
"1","331","1781","7281",""
"1","332","641","366",""
"1","332","644","316",""
"1","332","645","359",""
"1","332","647","298",""
"1","332","649","428",""
"1","332","650","335",""
"1","332","1781","7282",""
"1","333","641","367",""
"1","333","644","317",""
"1","333","645","360",""
"1","333","647","299",""
"1","333","649","429",""
"1","333","650","336",""
"1","333","1781","7283",""
"1","334","641","368",""
"1","334","644","318",""
"1","334","645","361",""
"1","334","647","300",""
"1","334","649","430",""
"1","334","650","337",""
"1","334","1781","7284",""
"1","335","641","369",""
"1","335","644","319",""
"1","335","645","362",""
"1","335","647","301",""
"1","335","649","431",""
"1","335","650","338",""
"1","335","1781","7285",""
"1","336","641","370",""
"1","336","644","320",""
"1","336","645","363",""
"1","336","647","302",""
"1","336","649","432",""
"1","336","650","339",""
"1","336","1781","7286",""
"1","337","641","371",""
"1","337","644","321",""
"1","337","645","364",""
"1","337","647","303",""
"1","337","649","433",""
"1","337","650","340",""
"1","337","1781","7287",""
"1","338","641","372",""
"1","338","644","322",""
"1","338","645","365",""
"1","338","647","304",""
"1","338","649","434",""
"1","338","650","341",""
"1","338","1781","7288",""
"1","339","641","373",""
"1","339","644","323",""
"1","339","645","366",""
"1","339","647","305",""
"1","339","649","435",""
"1","339","650","342",""
"1","339","1781","7289",""
"1","340","641","374",""
"1","340","644","324",""
"1","340","645","367",""
"1","340","647","306",""
"1","340","649","436",""
"1","340","650","343",""
"1","340","1781","7290",""
"1","341","641","375",""
"1","341","644","325",""
"1","341","645","368",""
"1","341","647","307",""
"1","341","649","437",""
"1","341","650","344",""
"1","341","1781","7291",""
"1","342","641","376",""
"1","342","644","326",""
"1","342","645","369",""
"1","342","647","308",""
"1","342","649","438",""
"1","342","650","345",""
"1","342","1781","7292",""
"1","343","641","377",""
"1","343","644","327",""
"1","343","645","370",""
"1","343","647","309",""
"1","343","649","439",""
"1","343","650","346",""
"1","343","1781","7293",""
"1","344","641","378",""
"1","344","644","328",""
"1","344","645","371",""
"1","344","647","310",""
"1","344","649","440",""
"1","344","650","347",""
"1","344","1781","7294",""
"1","345","641","379",""
"1","345","644","329",""
"1","345","645","372",""
"1","345","647","311",""
"1","345","649","441",""
"1","345","650","348",""
"1","345","1781","7295",""
"1","346","641","380",""
"1","346","644","330",""
"1","346","645","373",""
"1","346","647","312",""
"1","346","649","442",""
"1","346","650","349",""
"1","346","1781","7296",""
"1","347","641","381",""
"1","347","644","331",""
"1","347","645","374",""
"1","347","647","313",""
"1","347","649","443",""
"1","347","650","350",""
"1","347","1781","7297",""
"1","348","641","382",""
"1","348","644","332",""
"1","348","645","375",""
"1","348","647","314",""
"1","348","649","444",""
"1","348","650","351",""
"1","348","1781","7298",""
"1","349","641","383",""
"1","349","644","333",""
"1","349","645","376",""
"1","349","647","315",""
"1","349","649","445",""
"1","349","650","352",""
"1","349","1781","7299",""
"1","350","641","384",""
"1","350","644","334",""
"1","350","645","377",""
"1","350","647","316",""
"1","350","649","446",""
"1","350","650","353",""
"1","350","1781","7300",""
"1","351","641","385",""
"1","351","644","335",""
"1","351","645","378",""
"1","351","647","317",""
"1","351","649","447",""
"1","351","650","354",""
"1","351","1781","7301",""
"1","352","641","386",""
"1","352","644","336",""
"1","352","645","379",""
"1","352","647","318",""
"1","352","649","448",""
"1","352","650","355",""
"1","352","1781","7302",""
"1","353","641","387",""
"1","353","644","337",""
"1","353","645","380",""
"1","353","647","319",""
"1","353","649","449",""
"1","353","650","356",""
"1","353","1781","7303",""
"1","354","641","388",""
"1","354","644","338",""
"1","354","645","381",""
"1","354","647","320",""
"1","354","649","450",""
"1","354","650","357",""
"1","354","1781","7304",""
"1","355","641","389",""
"1","355","644","339",""
"1","355","645","382",""
"1","355","647","321",""
"1","355","649","451",""
"1","355","650","358",""
"1","355","1781","7305",""
"1","356","641","390",""
"1","356","644","340",""
"1","356","645","383",""
"1","356","647","322",""
"1","356","649","452",""
"1","356","650","359",""
"1","356","1781","7306",""
"1","357","641","391",""
"1","357","644","341",""
"1","357","645","384",""
"1","357","647","323",""
"1","357","649","453",""
"1","357","650","360",""
"1","357","1781","7307",""
"1","358","641","392",""
"1","358","644","342",""
"1","358","645","385",""
"1","358","647","324",""
"1","358","649","454",""
"1","358","650","361",""
"1","358","1781","7308",""
"1","359","641","393",""
"1","359","644","343",""
"1","359","645","386",""
"1","359","647","325",""
"1","359","649","455",""
"1","359","650","362",""
"1","359","1781","7309",""
"1","360","641","394",""
"1","360","644","344",""
"1","360","645","387",""
"1","360","647","326",""
"1","360","649","456",""
"1","360","650","363",""
"1","360","1781","7310",""
"1","361","641","395",""
"1","361","644","345",""
"1","361","645","388",""
"1","361","647","327",""
"1","361","649","457",""
"1","361","650","364",""
"1","361","1781","7311",""
"1","362","641","396",""
"1","362","644","346",""
"1","362","645","389",""
"1","362","647","328",""
"1","362","649","458",""
"1","362","650","365",""
"1","362","1781","7312",""
"1","363","641","397",""
"1","363","644","347",""
"1","363","645","390",""
"1","363","647","329",""
"1","363","649","459",""
"1","363","650","366",""
"1","363","1781","7313",""
"1","364","641","398",""
"1","364","644","348",""
"1","364","645","391",""
"1","364","647","330",""
"1","364","649","460",""
"1","364","650","367",""
"1","364","1781","7314",""
"1","365","641","399",""
"1","365","644","349",""
"1","365","645","392",""
"1","365","647","331",""
"1","365","649","461",""
"1","365","650","368",""
"1","365","1781","7315",""
"1","366","641","400",""
"1","366","644","350",""
"1","366","645","393",""
"1","366","647","332",""
"1","366","649","462",""
"1","366","650","369",""
"1","366","1781","7316",""
"1","367","641","401",""
"1","367","644","351",""
"1","367","645","394",""
"1","367","647","333",""
"1","367","649","463",""
"1","367","650","370",""
"1","367","1781","7317",""
"1","368","641","402",""
"1","368","644","352",""
"1","368","645","395",""
"1","368","647","334",""
"1","368","649","464",""
"1","368","650","371",""
"1","368","1781","7318",""
"1","369","641","403",""
"1","369","644","353",""
"1","369","645","396",""
"1","369","647","335",""
"1","369","649","465",""
"1","369","650","372",""
"1","369","1781","7319",""
"1","370","641","404",""
"1","370","644","354",""
"1","370","645","397",""
"1","370","647","336",""
"1","370","649","466",""
"1","370","650","373",""
"1","370","1781","7320",""
"1","371","641","405",""
"1","371","644","355",""
"1","371","645","398",""
"1","371","647","337",""
"1","371","649","467",""
"1","371","650","374",""
"1","371","1781","7321",""
"1","372","641","406",""
"1","372","644","356",""
"1","372","645","399",""
"1","372","647","338",""
"1","372","649","468",""
"1","372","650","375",""
"1","372","1781","7322",""
"1","373","641","407",""
"1","373","644","357",""
"1","373","645","400",""
"1","373","647","339",""
"1","373","649","469",""
"1","373","650","376",""
"1","373","1781","7323",""
"1","374","641","408",""
"1","374","644","358",""
"1","374","645","401",""
"1","374","647","340",""
"1","374","649","470",""
"1","374","650","377",""
"1","374","1781","7324",""
"1","375","641","409",""
"1","375","644","359",""
"1","375","645","402",""
"1","375","647","341",""
"1","375","649","471",""
"1","375","650","378",""
"1","375","1781","7325",""
"1","376","641","410",""
"1","376","644","360",""
"1","376","645","403",""
"1","376","647","342",""
"1","376","649","472",""
"1","376","650","379",""
"1","376","1781","7326",""
"1","377","641","411",""
"1","377","644","361",""
"1","377","645","404",""
"1","377","647","343",""
"1","377","649","473",""
"1","377","650","380",""
"1","377","1781","7327",""
"1","378","641","412",""
"1","378","644","362",""
"1","378","645","405",""
"1","378","647","344",""
"1","378","649","474",""
"1","378","650","381",""
"1","378","1781","7328",""
"1","379","641","413",""
"1","379","644","363",""
"1","379","645","406",""
"1","379","647","345",""
"1","379","649","475",""
"1","379","650","382",""
"1","379","1781","7329",""
"1","380","641","414",""
"1","380","644","364",""
"1","380","645","407",""
"1","380","647","346",""
"1","380","649","476",""
"1","380","650","383",""
"1","380","1781","7330",""
"1","381","641","415",""
"1","381","644","365",""
"1","381","645","408",""
"1","381","647","347",""
"1","381","649","477",""
"1","381","650","384",""
"1","381","1781","7331",""
"1","382","641","416",""
"1","382","644","366",""
"1","382","645","409",""
"1","382","647","348",""
"1","382","649","478",""
"1","382","650","385",""
"1","382","1781","7332",""
"1","383","641","417",""
"1","383","644","367",""
"1","383","645","410",""
"1","383","647","349",""
"1","383","649","479",""
"1","383","650","386",""
"1","383","1781","7333",""
"1","384","641","418",""
"1","384","644","368",""
"1","384","645","411",""
"1","384","647","350",""
"1","384","649","480",""
"1","384","650","387",""
"1","384","1781","7334",""
"1","385","641","419",""
"1","385","644","369",""
"1","385","645","412",""
"1","385","647","351",""
"1","385","649","481",""
"1","385","650","388",""
"1","385","1781","7335",""
"1","386","641","420",""
"1","386","644","370",""
"1","386","645","413",""
"1","386","647","352",""
"1","386","649","482",""
"1","386","650","389",""
"1","386","1781","7336",""
"1","387","641","421",""
"1","387","644","371",""
"1","387","645","414",""
"1","387","647","353",""
"1","387","649","483",""
"1","387","650","390",""
"1","387","1781","7337",""
"1","388","641","422",""
"1","388","644","372",""
"1","388","645","415",""
"1","388","647","354",""
"1","388","649","484",""
"1","388","650","391",""
"1","388","1781","7338",""
"1","389","641","423",""
"1","389","644","373",""
"1","389","645","416",""
"1","389","647","355",""
"1","389","649","485",""
"1","389","650","392",""
"1","389","1781","7339",""
"1","390","641","424",""
"1","390","644","374",""
"1","390","645","417",""
"1","390","647","356",""
"1","390","649","486",""
"1","390","650","393",""
"1","390","1781","7340",""
"1","391","641","425",""
"1","391","644","375",""
"1","391","645","418",""
"1","391","647","357",""
"1","391","649","487",""
"1","391","650","394",""
"1","391","1781","7341",""
"1","392","641","426",""
"1","392","644","376",""
"1","392","645","419",""
"1","392","647","358",""
"1","392","649","488",""
"1","392","650","395",""
"1","392","1781","7342",""
"1","393","641","427",""
"1","393","644","377",""
"1","393","645","420",""
"1","393","647","359",""
"1","393","649","489",""
"1","393","650","396",""
"1","393","1781","7343",""
"1","394","641","428",""
"1","394","644","378",""
"1","394","645","421",""
"1","394","647","360",""
"1","394","649","490",""
"1","394","650","397",""
"1","394","1781","7344",""
"1","395","641","429",""
"1","395","644","379",""
"1","395","645","422",""
"1","395","647","361",""
"1","395","649","491",""
"1","395","650","398",""
"1","395","1781","7345",""
"1","396","641","430",""
"1","396","644","380",""
"1","396","645","423",""
"1","396","647","362",""
"1","396","649","492",""
"1","396","650","399",""
"1","396","1781","7346",""
"1","397","641","431",""
"1","397","644","381",""
"1","397","645","424",""
"1","397","647","363",""
"1","397","649","493",""
"1","397","650","400",""
"1","397","1781","7347",""
"1","398","641","432",""
"1","398","644","382",""
"1","398","645","425",""
"1","398","647","364",""
"1","398","649","494",""
"1","398","650","401",""
"1","398","1781","7348",""
"1","399","641","433",""
"1","399","644","383",""
"1","399","645","426",""
"1","399","647","365",""
"1","399","649","495",""
"1","399","650","402",""
"1","399","1781","7349",""
"1","400","641","434",""
"1","400","644","384",""
"1","400","645","427",""
"1","400","647","366",""
"1","400","649","496",""
"1","400","650","403",""
"1","400","1781","7350",""
"1","401","641","435",""
"1","401","644","385",""
"1","401","645","428",""
"1","401","647","367",""
"1","401","649","497",""
"1","401","650","404",""
"1","401","1781","7351",""
"1","402","641","436",""
"1","402","644","386",""
"1","402","645","429",""
"1","402","647","368",""
"1","402","649","498",""
"1","402","650","405",""
"1","402","1781","7352",""
"1","403","641","437",""
"1","403","644","387",""
"1","403","645","430",""
"1","403","647","369",""
"1","403","649","499",""
"1","403","650","406",""
"1","403","1781","7353",""
"1","404","641","438",""
"1","404","644","388",""
"1","404","645","431",""
"1","404","647","370",""
"1","404","649","500",""
"1","404","650","407",""
"1","404","1781","7354",""
"1","405","641","439",""
"1","405","644","389",""
"1","405","645","432",""
"1","405","647","371",""
"1","405","649","501",""
"1","405","650","408",""
"1","405","1781","7355",""
"1","406","641","440",""
"1","406","644","390",""
"1","406","645","433",""
"1","406","647","372",""
"1","406","649","502",""
"1","406","650","409",""
"1","406","1781","7356",""
"1","407","641","441",""
"1","407","644","391",""
"1","407","645","434",""
"1","407","647","373",""
"1","407","649","503",""
"1","407","650","410",""
"1","407","1781","7357",""
"1","408","641","442",""
"1","408","644","392",""
"1","408","645","435",""
"1","408","647","374",""
"1","408","649","504",""
"1","408","650","411",""
"1","408","1781","7358",""
"1","409","641","443",""
"1","409","644","393",""
"1","409","645","436",""
"1","409","647","375",""
"1","409","649","505",""
"1","409","650","412",""
"1","409","1781","7359",""
"1","410","641","444",""
"1","410","644","394",""
"1","410","645","437",""
"1","410","647","376",""
"1","410","649","506",""
"1","410","650","413",""
"1","410","1781","7360",""
"1","411","641","445",""
"1","411","644","395",""
"1","411","645","438",""
"1","411","647","377",""
"1","411","649","507",""
"1","411","650","414",""
"1","411","1781","7361",""
"1","412","641","446",""
"1","412","644","396",""
"1","412","645","439",""
"1","412","647","378",""
"1","412","649","508",""
"1","412","650","415",""
"1","412","1781","7362",""
"1","413","641","447",""
"1","413","644","397",""
"1","413","645","440",""
"1","413","647","379",""
"1","413","649","509",""
"1","413","650","416",""
"1","413","1781","7363",""
"1","414","641","448",""
"1","414","644","398",""
"1","414","645","441",""
"1","414","647","380",""
"1","414","649","510",""
"1","414","650","417",""
"1","414","1781","7364",""
"1","415","641","449",""
"1","415","644","399",""
"1","415","645","442",""
"1","415","647","381",""
"1","415","649","511",""
"1","415","650","418",""
"1","415","1781","7365",""
"1","416","641","450",""
"1","416","644","400",""
"1","416","645","443",""
"1","416","647","382",""
"1","416","649","512",""
"1","416","650","419",""
"1","416","1781","7366",""
"1","417","641","451",""
"1","417","644","401",""
"1","417","645","444",""
"1","417","647","383",""
"1","417","649","513",""
"1","417","650","420",""
"1","417","1781","7367",""
"1","418","641","452",""
"1","418","644","402",""
"1","418","645","445",""
"1","418","647","384",""
"1","418","649","514",""
"1","418","650","421",""
"1","418","1781","7368",""
"1","419","641","453",""
"1","419","644","403",""
"1","419","645","446",""
"1","419","647","385",""
"1","419","649","515",""
"1","419","650","422",""
"1","419","1781","7369",""
"1","420","641","454",""
"1","420","644","404",""
"1","420","645","447",""
"1","420","647","386",""
"1","420","649","516",""
"1","420","650","423",""
"1","420","1781","7370",""
"1","421","641","455",""
"1","421","644","405",""
"1","421","645","448",""
"1","421","647","387",""
"1","421","649","517",""
"1","421","650","424",""
"1","421","1781","7371",""
"1","422","641","456",""
"1","422","644","406",""
"1","422","645","449",""
"1","422","647","388",""
"1","422","649","518",""
"1","422","650","425",""
"1","422","1781","7372",""
"1","423","641","457",""
"1","423","644","407",""
"1","423","645","450",""
"1","423","647","389",""
"1","423","649","519",""
"1","423","650","426",""
"1","423","1781","7373",""
"1","424","641","458",""
"1","424","644","408",""
"1","424","645","451",""
"1","424","647","390",""
"1","424","649","520",""
"1","424","650","427",""
"1","424","1781","7374",""
"1","425","641","459",""
"1","425","644","409",""
"1","425","645","452",""
"1","425","647","391",""
"1","425","649","521",""
"1","425","650","428",""
"1","425","1781","7375",""
"1","426","641","460",""
"1","426","644","410",""
"1","426","645","453",""
"1","426","647","392",""
"1","426","649","522",""
"1","426","650","429",""
"1","426","1781","7376",""
"1","427","641","461",""
"1","427","644","411",""
"1","427","645","454",""
"1","427","647","393",""
"1","427","649","523",""
"1","427","650","430",""
"1","427","1781","7377",""
"1","428","641","462",""
"1","428","644","412",""
"1","428","645","455",""
"1","428","647","394",""
"1","428","649","524",""
"1","428","650","431",""
"1","428","1781","7378",""
"1","429","641","463",""
"1","429","644","413",""
"1","429","645","456",""
"1","429","647","395",""
"1","429","649","525",""
"1","429","650","432",""
"1","429","1781","7379",""
"1","430","641","464",""
"1","430","644","414",""
"1","430","645","457",""
"1","430","647","396",""
"1","430","649","526",""
"1","430","650","433",""
"1","430","1781","7380",""
"1","431","641","465",""
"1","431","644","415",""
"1","431","645","458",""
"1","431","647","397",""
"1","431","649","527",""
"1","431","650","434",""
"1","431","1781","7381",""
"1","432","641","466",""
"1","432","644","416",""
"1","432","645","459",""
"1","432","647","398",""
"1","432","649","528",""
"1","432","650","435",""
"1","432","1781","7382",""
"1","433","641","467",""
"1","433","644","417",""
"1","433","645","460",""
"1","433","647","399",""
"1","433","649","529",""
"1","433","650","436",""
"1","433","1781","7383",""
"1","434","641","468",""
"1","434","644","418",""
"1","434","645","461",""
"1","434","647","400",""
"1","434","649","530",""
"1","434","650","437",""
"1","434","1781","7384",""
"1","435","641","469",""
"1","435","644","419",""
"1","435","645","462",""
"1","435","647","401",""
"1","435","649","531",""
"1","435","650","438",""
"1","435","1781","7385",""
"1","436","641","470",""
"1","436","644","420",""
"1","436","645","463",""
"1","436","647","402",""
"1","436","649","532",""
"1","436","650","439",""
"1","436","1781","7386",""
"1","437","641","471",""
"1","437","644","421",""
"1","437","645","464",""
"1","437","647","403",""
"1","437","649","533",""
"1","437","650","440",""
"1","437","1781","7387",""
"1","438","641","472",""
"1","438","644","422",""
"1","438","645","465",""
"1","438","647","404",""
"1","438","649","534",""
"1","438","650","441",""
"1","438","1781","7388",""
"1","439","641","473",""
"1","439","644","423",""
"1","439","645","466",""
"1","439","647","405",""
"1","439","649","535",""
"1","439","650","442",""
"1","439","1781","7389",""
"1","440","641","474",""
"1","440","644","424",""
"1","440","645","467",""
"1","440","647","406",""
"1","440","649","536",""
"1","440","650","443",""
"1","440","1781","7390",""
"1","441","641","475",""
"1","441","644","425",""
"1","441","645","468",""
"1","441","647","407",""
"1","441","649","537",""
"1","441","650","444",""
"1","441","1781","7391",""
"1","442","641","476",""
"1","442","644","426",""
"1","442","645","469",""
"1","442","647","408",""
"1","442","649","538",""
"1","442","650","445",""
"1","442","1781","7392",""
"1","443","641","477",""
"1","443","644","427",""
"1","443","645","470",""
"1","443","647","409",""
"1","443","649","539",""
"1","443","650","446",""
"1","443","1781","7393",""
"1","444","641","478",""
"1","444","644","428",""
"1","444","645","471",""
"1","444","647","410",""
"1","444","649","540",""
"1","444","650","447",""
"1","444","1781","7394",""
"1","445","641","479",""
"1","445","644","429",""
"1","445","645","472",""
"1","445","647","411",""
"1","445","649","541",""
"1","445","650","448",""
"1","445","1781","7395",""
"1","446","641","480",""
"1","446","644","430",""
"1","446","645","473",""
"1","446","647","412",""
"1","446","649","542",""
"1","446","650","449",""
"1","446","1781","7396",""
"1","447","641","481",""
"1","447","644","431",""
"1","447","645","474",""
"1","447","647","413",""
"1","447","649","543",""
"1","447","650","450",""
"1","447","1781","7397",""
"1","448","641","482",""
"1","448","644","432",""
"1","448","645","475",""
"1","448","647","414",""
"1","448","649","544",""
"1","448","650","451",""
"1","448","1781","7398",""
"1","449","641","483",""
"1","449","644","433",""
"1","449","645","476",""
"1","449","647","415",""
"1","449","649","545",""
"1","449","650","452",""
"1","449","1781","7399",""
"1","450","641","484",""
"1","450","644","434",""
"1","450","645","477",""
"1","450","647","416",""
"1","450","649","546",""
"1","450","650","453",""
"1","450","1781","7400",""
"1","451","641","485",""
"1","451","644","435",""
"1","451","645","478",""
"1","451","647","417",""
"1","451","649","547",""
"1","451","650","454",""
"1","451","1781","7401",""
"1","452","641","486",""
"1","452","644","436",""
"1","452","645","479",""
"1","452","647","418",""
"1","452","649","548",""
"1","452","650","455",""
"1","452","1781","7402",""
"1","453","641","487",""
"1","453","644","437",""
"1","453","645","480",""
"1","453","647","419",""
"1","453","649","549",""
"1","453","650","456",""
"1","453","1781","7403",""
"1","454","641","488",""
"1","454","644","438",""
"1","454","645","481",""
"1","454","647","420",""
"1","454","649","550",""
"1","454","650","457",""
"1","454","1781","7404",""
"1","455","641","489",""
"1","455","644","439",""
"1","455","645","482",""
"1","455","647","421",""
"1","455","649","551",""
"1","455","650","458",""
"1","455","1781","7405",""
"1","456","641","490",""
"1","456","644","440",""
"1","456","645","483",""
"1","456","647","422",""
"1","456","649","552",""
"1","456","650","459",""
"1","456","1781","7406",""
"1","457","641","491",""
"1","457","644","441",""
"1","457","645","484",""
"1","457","647","423",""
"1","457","649","553",""
"1","457","650","460",""
"1","457","1781","7407",""
"1","458","641","492",""
"1","458","644","442",""
"1","458","645","485",""
"1","458","647","424",""
"1","458","649","554",""
"1","458","650","461",""
"1","458","1781","7408",""
"1","459","641","493",""
"1","459","644","443",""
"1","459","645","486",""
"1","459","647","425",""
"1","459","649","555",""
"1","459","650","462",""
"1","459","1781","7409",""
"1","460","641","495",""
"1","460","644","445",""
"1","460","645","488",""
"1","460","647","427",""
"1","460","649","557",""
"1","460","650","464",""
"1","460","1781","7411",""
"1","461","641","496",""
"1","461","644","446",""
"1","461","645","489",""
"1","461","647","428",""
"1","461","649","558",""
"1","461","650","465",""
"1","461","1781","7412",""
"1","462","641","497",""
"1","462","644","447",""
"1","462","645","490",""
"1","462","647","429",""
"1","462","649","559",""
"1","462","650","466",""
"1","462","1781","7413",""
"1","463","641","498",""
"1","463","644","448",""
"1","463","645","491",""
"1","463","647","430",""
"1","463","649","560",""
"1","463","650","467",""
"1","463","1781","7414",""
"1","464","641","499",""
"1","464","644","449",""
"1","464","645","492",""
"1","464","647","431",""
"1","464","649","561",""
"1","464","650","468",""
"1","464","1781","7415",""
"1","465","641","500",""
"1","465","644","450",""
"1","465","645","493",""
"1","465","647","432",""
"1","465","649","562",""
"1","465","650","469",""
"1","465","1781","7416",""
"1","466","641","501",""
"1","466","644","451",""
"1","466","645","494",""
"1","466","647","433",""
"1","466","649","563",""
"1","466","650","470",""
"1","466","1781","7417",""
"1","467","641","502",""
"1","467","644","452",""
"1","467","645","495",""
"1","467","647","434",""
"1","467","649","564",""
"1","467","650","471",""
"1","467","1781","7418",""
"1","468","641","503",""
"1","468","644","453",""
"1","468","645","496",""
"1","468","647","435",""
"1","468","649","565",""
"1","468","650","472",""
"1","468","1781","7419",""
"1","469","641","504",""
"1","469","644","454",""
"1","469","645","497",""
"1","469","647","436",""
"1","469","649","566",""
"1","469","650","473",""
"1","469","1781","7420",""
"1","470","641","505",""
"1","470","644","455",""
"1","470","645","498",""
"1","470","647","437",""
"1","470","649","567",""
"1","470","650","474",""
"1","470","1781","7421",""
"1","471","641","506",""
"1","471","644","456",""
"1","471","645","499",""
"1","471","647","438",""
"1","471","649","568",""
"1","471","650","475",""
"1","471","1781","7422",""
"1","472","641","507",""
"1","472","644","457",""
"1","472","645","500",""
"1","472","647","439",""
"1","472","649","569",""
"1","472","650","476",""
"1","472","1781","7423",""
"1","473","641","508",""
"1","473","644","458",""
"1","473","645","501",""
"1","473","647","440",""
"1","473","649","570",""
"1","473","650","477",""
"1","473","1781","7424",""
"1","474","641","509",""
"1","474","644","459",""
"1","474","645","502",""
"1","474","647","441",""
"1","474","649","571",""
"1","474","650","478",""
"1","474","1781","7425",""
"1","475","641","510",""
"1","475","644","460",""
"1","475","645","503",""
"1","475","647","442",""
"1","475","649","572",""
"1","475","650","479",""
"1","475","1781","7426",""
"1","476","641","511",""
"1","476","644","461",""
"1","476","645","504",""
"1","476","647","443",""
"1","476","649","573",""
"1","476","650","480",""
"1","476","1781","7427",""
"1","477","641","512",""
"1","477","644","462",""
"1","477","645","505",""
"1","477","647","444",""
"1","477","649","574",""
"1","477","650","481",""
"1","477","1781","7428",""
"1","478","641","513",""
"1","478","644","463",""
"1","478","645","506",""
"1","478","647","445",""
"1","478","649","575",""
"1","478","650","482",""
"1","478","1781","7429",""
"1","479","641","514",""
"1","479","644","464",""
"1","479","645","507",""
"1","479","647","446",""
"1","479","649","576",""
"1","479","650","483",""
"1","479","1781","7430",""
"1","480","641","515",""
"1","480","644","465",""
"1","480","645","508",""
"1","480","647","447",""
"1","480","649","577",""
"1","480","650","484",""
"1","480","1781","7431",""
"1","481","641","516",""
"1","481","644","466",""
"1","481","645","509",""
"1","481","647","448",""
"1","481","649","578",""
"1","481","650","485",""
"1","481","1781","7432",""
"1","482","641","517",""
"1","482","644","467",""
"1","482","645","510",""
"1","482","647","449",""
"1","482","649","579",""
"1","482","650","486",""
"1","482","1781","7433",""
"1","483","641","518",""
"1","483","644","468",""
"1","483","645","511",""
"1","483","647","450",""
"1","483","649","580",""
"1","483","650","487",""
"1","483","1781","7434",""
"1","484","641","519",""
"1","484","644","469",""
"1","484","645","512",""
"1","484","647","451",""
"1","484","649","581",""
"1","484","650","488",""
"1","484","1781","7435",""
"1","485","641","520",""
"1","485","644","470",""
"1","485","645","513",""
"1","485","647","452",""
"1","485","649","582",""
"1","485","650","489",""
"1","485","1781","7436",""
"1","486","641","521",""
"1","486","644","471",""
"1","486","645","514",""
"1","486","647","453",""
"1","486","649","583",""
"1","486","650","490",""
"1","486","1781","7437",""
"1","487","641","522",""
"1","487","644","472",""
"1","487","645","515",""
"1","487","647","454",""
"1","487","649","584",""
"1","487","650","491",""
"1","487","1781","7438",""
"1","488","641","523",""
"1","488","644","473",""
"1","488","645","516",""
"1","488","647","455",""
"1","488","649","585",""
"1","488","650","492",""
"1","488","1781","7439",""
"1","489","641","524",""
"1","489","644","474",""
"1","489","645","517",""
"1","489","647","456",""
"1","489","649","586",""
"1","489","650","493",""
"1","489","1781","7440",""
"1","490","641","525",""
"1","490","644","475",""
"1","490","645","518",""
"1","490","647","457",""
"1","490","649","587",""
"1","490","650","494",""
"1","490","1781","7441",""
"1","491","641","526",""
"1","491","644","476",""
"1","491","645","519",""
"1","491","647","458",""
"1","491","649","588",""
"1","491","650","495",""
"1","491","1781","7442",""
"1","492","641","527",""
"1","492","644","477",""
"1","492","645","520",""
"1","492","647","459",""
"1","492","649","589",""
"1","492","650","496",""
"1","492","1781","7443",""
"1","493","641","528",""
"1","493","644","478",""
"1","493","645","521",""
"1","493","647","460",""
"1","493","649","590",""
"1","493","650","497",""
"1","493","1781","7444",""
"1","494","641","529",""
"1","494","644","479",""
"1","494","645","522",""
"1","494","647","461",""
"1","494","649","591",""
"1","494","650","498",""
"1","494","1781","7445",""
"1","495","641","530",""
"1","495","644","480",""
"1","495","645","523",""
"1","495","647","462",""
"1","495","649","592",""
"1","495","650","499",""
"1","495","1781","7446",""
"1","496","641","531",""
"1","496","644","481",""
"1","496","645","524",""
"1","496","647","463",""
"1","496","649","593",""
"1","496","650","500",""
"1","496","1781","7447",""
"1","497","641","532",""
"1","497","644","482",""
"1","497","645","525",""
"1","497","647","464",""
"1","497","649","594",""
"1","497","650","501",""
"1","497","1781","7448",""
"1","498","641","533",""
"1","498","644","483",""
"1","498","645","526",""
"1","498","647","465",""
"1","498","649","595",""
"1","498","650","502",""
"1","498","1781","7449",""
"1","499","641","534",""
"1","499","644","484",""
"1","499","645","527",""
"1","499","647","466",""
"1","499","649","596",""
"1","499","650","503",""
"1","499","1781","7450",""
"1","500","641","535",""
"1","500","644","485",""
"1","500","645","528",""
"1","500","647","467",""
"1","500","649","597",""
"1","500","650","504",""
"1","500","1781","7451",""
"1","501","641","536",""
"1","501","644","486",""
"1","501","645","529",""
"1","501","647","468",""
"1","501","649","598",""
"1","501","650","505",""
"1","501","1781","7452",""
"1","502","641","537",""
"1","502","644","487",""
"1","502","645","530",""
"1","502","647","469",""
"1","502","649","599",""
"1","502","650","506",""
"1","502","1781","7453",""
"1","503","641","538",""
"1","503","644","488",""
"1","503","645","531",""
"1","503","647","470",""
"1","503","649","600",""
"1","503","650","507",""
"1","503","1781","7454",""
"1","504","641","539",""
"1","504","644","489",""
"1","504","645","532",""
"1","504","647","471",""
"1","504","649","601",""
"1","504","650","508",""
"1","504","1781","7455",""
"1","505","641","540",""
"1","505","644","490",""
"1","505","645","533",""
"1","505","647","472",""
"1","505","649","602",""
"1","505","650","509",""
"1","505","1781","7456",""
"1","506","641","541",""
"1","506","644","491",""
"1","506","645","534",""
"1","506","647","473",""
"1","506","649","603",""
"1","506","650","510",""
"1","506","1781","7457",""
"1","507","641","542",""
"1","507","644","492",""
"1","507","645","535",""
"1","507","647","474",""
"1","507","649","604",""
"1","507","650","511",""
"1","507","1781","7458",""
"1","508","641","543",""
"1","508","644","493",""
"1","508","645","536",""
"1","508","647","475",""
"1","508","649","605",""
"1","508","650","512",""
"1","508","1781","7459",""
"1","509","641","544",""
"1","509","644","494",""
"1","509","645","537",""
"1","509","647","476",""
"1","509","649","606",""
"1","509","650","513",""
"1","509","1781","7460",""
"1","510","641","545",""
"1","510","644","495",""
"1","510","645","538",""
"1","510","647","477",""
"1","510","649","607",""
"1","510","650","514",""
"1","510","1781","7461",""
"1","511","641","546",""
"1","511","644","496",""
"1","511","645","539",""
"1","511","647","478",""
"1","511","649","608",""
"1","511","650","515",""
"1","511","1781","7462",""
"1","512","641","547",""
"1","512","644","497",""
"1","512","645","540",""
"1","512","647","479",""
"1","512","649","609",""
"1","512","650","516",""
"1","512","1781","7463",""
"1","513","641","548",""
"1","513","644","498",""
"1","513","645","541",""
"1","513","647","480",""
"1","513","649","610",""
"1","513","650","517",""
"1","513","1781","7464",""
"1","514","641","549",""
"1","514","644","499",""
"1","514","645","542",""
"1","514","647","481",""
"1","514","649","611",""
"1","514","650","518",""
"1","514","1781","7465",""
"1","515","641","550",""
"1","515","644","500",""
"1","515","645","543",""
"1","515","647","482",""
"1","515","649","612",""
"1","515","650","519",""
"1","515","1781","7466",""
"1","516","641","551",""
"1","516","644","501",""
"1","516","645","544",""
"1","516","647","483",""
"1","516","649","613",""
"1","516","650","520",""
"1","516","1781","7467",""
"1","517","641","552",""
"1","517","644","502",""
"1","517","645","545",""
"1","517","647","484",""
"1","517","649","614",""
"1","517","650","521",""
"1","517","1781","7468",""
"1","518","641","553",""
"1","518","644","503",""
"1","518","645","546",""
"1","518","647","485",""
"1","518","649","615",""
"1","518","650","522",""
"1","518","1781","7469",""
"1","519","641","554",""
"1","519","644","504",""
"1","519","645","547",""
"1","519","647","486",""
"1","519","649","616",""
"1","519","650","523",""
"1","519","1781","7470",""
"1","520","641","555",""
"1","520","644","505",""
"1","520","645","548",""
"1","520","647","487",""
"1","520","649","617",""
"1","520","650","524",""
"1","520","1781","7471",""
"1","521","641","556",""
"1","521","644","506",""
"1","521","645","549",""
"1","521","647","488",""
"1","521","649","618",""
"1","521","650","525",""
"1","521","1781","7472",""
"1","522","641","557",""
"1","522","644","507",""
"1","522","645","550",""
"1","522","647","489",""
"1","522","649","619",""
"1","522","650","526",""
"1","522","1781","7473",""
"1","523","641","558",""
"1","523","644","508",""
"1","523","645","551",""
"1","523","647","490",""
"1","523","649","620",""
"1","523","650","527",""
"1","523","1781","7474",""
"1","524","641","559",""
"1","524","644","509",""
"1","524","645","552",""
"1","524","647","491",""
"1","524","649","621",""
"1","524","650","528",""
"1","524","1781","7475",""
"1","525","641","560",""
"1","525","644","510",""
"1","525","645","553",""
"1","525","647","492",""
"1","525","649","622",""
"1","525","650","529",""
"1","525","1781","7476",""
"1","526","641","561",""
"1","526","644","511",""
"1","526","645","554",""
"1","526","647","493",""
"1","526","649","623",""
"1","526","650","530",""
"1","526","1781","7477",""
"1","527","641","562",""
"1","527","644","512",""
"1","527","645","555",""
"1","527","647","494",""
"1","527","649","624",""
"1","527","650","531",""
"1","527","1781","7478",""
"1","528","641","563",""
"1","528","644","513",""
"1","528","645","556",""
"1","528","647","495",""
"1","528","649","625",""
"1","528","650","532",""
"1","528","1781","7479",""
"1","529","641","564",""
"1","529","644","514",""
"1","529","645","557",""
"1","529","647","496",""
"1","529","649","626",""
"1","529","650","533",""
"1","529","1781","7480",""
"1","530","641","565",""
"1","530","644","515",""
"1","530","645","558",""
"1","530","647","497",""
"1","530","649","627",""
"1","530","650","534",""
"1","530","1781","7481",""
"1","531","641","566",""
"1","531","644","516",""
"1","531","645","559",""
"1","531","647","498",""
"1","531","649","628",""
"1","531","650","535",""
"1","531","1781","7482",""
"1","532","641","567",""
"1","532","644","517",""
"1","532","645","560",""
"1","532","647","499",""
"1","532","649","629",""
"1","532","650","536",""
"1","532","1781","7483",""
"1","533","641","568",""
"1","533","644","518",""
"1","533","645","561",""
"1","533","647","500",""
"1","533","649","630",""
"1","533","650","537",""
"1","533","1781","7484",""
"1","534","641","569",""
"1","534","644","519",""
"1","534","645","562",""
"1","534","647","501",""
"1","534","649","631",""
"1","534","650","538",""
"1","534","1781","7485",""
"1","535","641","570",""
"1","535","644","520",""
"1","535","645","563",""
"1","535","647","502",""
"1","535","649","632",""
"1","535","650","539",""
"1","535","1781","7486",""
"1","536","641","571",""
"1","536","644","521",""
"1","536","645","564",""
"1","536","647","503",""
"1","536","649","633",""
"1","536","650","540",""
"1","536","1781","7487",""
"1","537","641","572",""
"1","537","644","522",""
"1","537","645","565",""
"1","537","647","504",""
"1","537","649","634",""
"1","537","650","541",""
"1","537","1781","7488",""
"1","538","641","573",""
"1","538","644","523",""
"1","538","645","566",""
"1","538","647","505",""
"1","538","649","635",""
"1","538","650","542",""
"1","538","1781","7489",""
"1","539","641","574",""
"1","539","644","524",""
"1","539","645","567",""
"1","539","647","506",""
"1","539","649","636",""
"1","539","650","543",""
"1","539","1781","7490",""
"1","540","641","575",""
"1","540","644","525",""
"1","540","645","568",""
"1","540","647","507",""
"1","540","649","637",""
"1","540","650","544",""
"1","540","1781","7491",""
"1","541","641","576",""
"1","541","644","526",""
"1","541","645","569",""
"1","541","647","508",""
"1","541","649","638",""
"1","541","650","545",""
"1","541","1781","7492",""
"1","542","641","577",""
"1","542","644","527",""
"1","542","645","570",""
"1","542","647","509",""
"1","542","649","639",""
"1","542","650","546",""
"1","542","1781","7493",""
"1","543","641","578",""
"1","543","644","528",""
"1","543","645","571",""
"1","543","647","510",""
"1","543","649","640",""
"1","543","650","547",""
"1","543","1781","7494",""
"1","544","641","579",""
"1","544","644","529",""
"1","544","645","572",""
"1","544","647","511",""
"1","544","649","641",""
"1","544","650","548",""
"1","544","1781","7495",""
"1","545","641","580",""
"1","545","644","530",""
"1","545","645","573",""
"1","545","647","512",""
"1","545","649","642",""
"1","545","650","549",""
"1","545","1781","7496",""
"1","546","641","581",""
"1","546","644","531",""
"1","546","645","574",""
"1","546","647","513",""
"1","546","649","643",""
"1","546","650","550",""
"1","546","1781","7497",""
"1","547","641","582",""
"1","547","644","532",""
"1","547","645","575",""
"1","547","647","514",""
"1","547","649","644",""
"1","547","650","551",""
"1","547","1781","7498",""
"1","548","641","583",""
"1","548","644","533",""
"1","548","645","576",""
"1","548","647","515",""
"1","548","649","645",""
"1","548","650","552",""
"1","548","1781","7499",""
"1","549","641","584",""
"1","549","644","534",""
"1","549","645","577",""
"1","549","647","516",""
"1","549","649","646",""
"1","549","650","553",""
"1","549","1781","7500",""
"1","550","641","585",""
"1","550","644","535",""
"1","550","645","578",""
"1","550","647","517",""
"1","550","649","647",""
"1","550","650","554",""
"1","550","1781","7501",""
"1","551","641","586",""
"1","551","644","536",""
"1","551","645","579",""
"1","551","647","518",""
"1","551","649","648",""
"1","551","650","555",""
"1","551","1781","7502",""
"1","552","641","587",""
"1","552","644","537",""
"1","552","645","580",""
"1","552","647","519",""
"1","552","649","649",""
"1","552","650","556",""
"1","552","1781","7503",""
"1","553","641","588",""
"1","553","644","538",""
"1","553","645","581",""
"1","553","647","520",""
"1","553","649","650",""
"1","553","650","557",""
"1","553","1781","7504",""
"1","554","641","589",""
"1","554","644","539",""
"1","554","645","582",""
"1","554","647","521",""
"1","554","649","651",""
"1","554","650","558",""
"1","554","1781","7505",""
"1","555","641","590",""
"1","555","644","540",""
"1","555","645","583",""
"1","555","647","522",""
"1","555","649","652",""
"1","555","650","559",""
"1","555","1781","7506",""
"1","556","641","591",""
"1","556","644","541",""
"1","556","645","584",""
"1","556","647","523",""
"1","556","649","653",""
"1","556","650","560",""
"1","556","1781","7507",""
"1","557","641","592",""
"1","557","644","542",""
"1","557","645","585",""
"1","557","647","524",""
"1","557","649","654",""
"1","557","650","561",""
"1","557","1781","7508",""
"1","558","641","593",""
"1","558","644","543",""
"1","558","645","586",""
"1","558","647","525",""
"1","558","649","655",""
"1","558","650","562",""
"1","558","1781","7509",""
"1","559","641","594",""
"1","559","644","544",""
"1","559","645","587",""
"1","559","647","526",""
"1","559","649","656",""
"1","559","650","563",""
"1","559","1781","7510",""
"1","560","641","595",""
"1","560","644","545",""
"1","560","645","588",""
"1","560","647","527",""
"1","560","649","657",""
"1","560","650","564",""
"1","560","1781","7511",""
"1","561","641","596",""
"1","561","644","546",""
"1","561","645","589",""
"1","561","647","528",""
"1","561","649","658",""
"1","561","650","565",""
"1","561","1781","7512",""
"1","562","641","597",""
"1","562","644","547",""
"1","562","645","590",""
"1","562","647","529",""
"1","562","649","659",""
"1","562","650","566",""
"1","562","1781","7513",""
"1","563","641","598",""
"1","563","644","548",""
"1","563","645","591",""
"1","563","647","530",""
"1","563","649","660",""
"1","563","650","567",""
"1","563","1781","7514",""
"1","564","641","599",""
"1","564","644","549",""
"1","564","645","592",""
"1","564","647","531",""
"1","564","649","661",""
"1","564","650","568",""
"1","564","1781","7515",""
"1","565","641","600",""
"1","565","644","550",""
"1","565","645","593",""
"1","565","647","532",""
"1","565","649","662",""
"1","565","650","569",""
"1","565","1781","7516",""
"1","566","641","601",""
"1","566","644","551",""
"1","566","645","594",""
"1","566","647","533",""
"1","566","649","663",""
"1","566","650","570",""
"1","566","1781","7517",""
"1","567","641","602",""
"1","567","644","552",""
"1","567","645","595",""
"1","567","647","534",""
"1","567","649","664",""
"1","567","650","571",""
"1","567","1781","7518",""
"1","568","641","603",""
"1","568","644","553",""
"1","568","645","596",""
"1","568","647","535",""
"1","568","649","665",""
"1","568","650","572",""
"1","568","1781","7519",""
"1","569","641","604",""
"1","569","644","554",""
"1","569","645","597",""
"1","569","647","536",""
"1","569","649","666",""
"1","569","650","573",""
"1","569","1781","7520",""
"1","570","641","605",""
"1","570","644","555",""
"1","570","645","598",""
"1","570","647","537",""
"1","570","649","667",""
"1","570","650","574",""
"1","570","1781","7521",""
"1","571","641","607",""
"1","571","644","557",""
"1","571","645","600",""
"1","571","647","539",""
"1","571","649","669",""
"1","571","650","576",""
"1","571","1781","7523",""
"1","572","641","608",""
"1","572","644","558",""
"1","572","645","601",""
"1","572","647","540",""
"1","572","649","670",""
"1","572","650","577",""
"1","572","1781","7524",""
"1","573","641","609",""
"1","573","644","559",""
"1","573","645","602",""
"1","573","647","541",""
"1","573","649","671",""
"1","573","650","578",""
"1","573","1781","7525",""
"1","574","641","610",""
"1","574","644","560",""
"1","574","645","603",""
"1","574","647","542",""
"1","574","649","672",""
"1","574","650","579",""
"1","574","1781","7526",""
"1","575","641","611",""
"1","575","644","561",""
"1","575","645","604",""
"1","575","647","543",""
"1","575","649","673",""
"1","575","650","580",""
"1","575","1781","7527",""
"1","576","641","612",""
"1","576","644","562",""
"1","576","645","605",""
"1","576","647","544",""
"1","576","649","674",""
"1","576","650","581",""
"1","576","1781","7528",""
"1","577","641","613",""
"1","577","644","563",""
"1","577","645","606",""
"1","577","647","545",""
"1","577","649","675",""
"1","577","650","582",""
"1","577","1781","7529",""
"1","578","641","614",""
"1","578","644","564",""
"1","578","645","607",""
"1","578","647","546",""
"1","578","649","676",""
"1","578","650","583",""
"1","578","1781","7530",""
"1","579","641","615",""
"1","579","644","565",""
"1","579","645","608",""
"1","579","647","547",""
"1","579","649","677",""
"1","579","650","584",""
"1","579","1781","7531",""
"1","580","641","616",""
"1","580","644","566",""
"1","580","645","609",""
"1","580","647","548",""
"1","580","649","678",""
"1","580","650","585",""
"1","580","1781","7532",""
"1","581","641","617",""
"1","581","644","567",""
"1","581","645","610",""
"1","581","647","549",""
"1","581","649","679",""
"1","581","650","586",""
"1","581","1781","7533",""
"1","582","641","618",""
"1","582","644","568",""
"1","582","645","611",""
"1","582","647","550",""
"1","582","649","680",""
"1","582","650","587",""
"1","582","1781","7534",""
"1","583","641","619",""
"1","583","644","569",""
"1","583","645","612",""
"1","583","647","551",""
"1","583","649","681",""
"1","583","650","588",""
"1","583","1781","7535",""
"1","584","641","620",""
"1","584","644","570",""
"1","584","645","613",""
"1","584","647","552",""
"1","584","649","682",""
"1","584","650","589",""
"1","584","1781","7536",""
"1","585","641","621",""
"1","585","644","571",""
"1","585","645","614",""
"1","585","647","553",""
"1","585","649","683",""
"1","585","650","590",""
"1","585","1781","7537",""
"1","586","641","622",""
"1","586","644","572",""
"1","586","645","615",""
"1","586","647","554",""
"1","586","649","684",""
"1","586","650","591",""
"1","586","1781","7538",""
"1","587","641","623",""
"1","587","644","573",""
"1","587","645","616",""
"1","587","647","555",""
"1","587","649","685",""
"1","587","650","592",""
"1","587","1781","7539",""
"1","588","641","624",""
"1","588","644","574",""
"1","588","645","617",""
"1","588","647","556",""
"1","588","649","686",""
"1","588","650","593",""
"1","588","1781","7540",""
"1","589","641","625",""
"1","589","644","575",""
"1","589","645","618",""
"1","589","647","557",""
"1","589","649","687",""
"1","589","650","594",""
"1","589","1781","7541",""
"1","590","641","626",""
"1","590","644","576",""
"1","590","645","619",""
"1","590","647","558",""
"1","590","649","688",""
"1","590","650","595",""
"1","590","1781","7542",""
"1","591","641","627",""
"1","591","644","577",""
"1","591","645","620",""
"1","591","647","559",""
"1","591","649","689",""
"1","591","650","596",""
"1","591","1781","7543",""
"1","592","641","628",""
"1","592","644","578",""
"1","592","645","621",""
"1","592","647","560",""
"1","592","649","690",""
"1","592","650","597",""
"1","592","1781","7544",""
"1","593","641","629",""
"1","593","644","579",""
"1","593","645","622",""
"1","593","647","561",""
"1","593","649","691",""
"1","593","650","598",""
"1","593","1781","7545",""
"1","594","641","630",""
"1","594","644","580",""
"1","594","645","623",""
"1","594","647","562",""
"1","594","649","692",""
"1","594","650","599",""
"1","594","1781","7546",""
"1","595","641","631",""
"1","595","644","581",""
"1","595","645","624",""
"1","595","647","563",""
"1","595","649","693",""
"1","595","650","600",""
"1","595","1781","7547",""
"1","596","641","632",""
"1","596","644","582",""
"1","596","645","625",""
"1","596","647","564",""
"1","596","649","694",""
"1","596","650","601",""
"1","596","1781","7548",""
"1","597","641","633",""
"1","597","644","583",""
"1","597","645","626",""
"1","597","647","565",""
"1","597","649","695",""
"1","597","650","602",""
"1","597","1781","7549",""
"1","598","641","634",""
"1","598","644","584",""
"1","598","645","627",""
"1","598","647","566",""
"1","598","649","696",""
"1","598","650","603",""
"1","598","1781","7550",""
"1","599","641","635",""
"1","599","644","585",""
"1","599","645","628",""
"1","599","647","567",""
"1","599","649","697",""
"1","599","650","604",""
"1","599","1781","7551",""
"1","600","641","636",""
"1","600","644","586",""
"1","600","645","629",""
"1","600","647","568",""
"1","600","649","698",""
"1","600","650","605",""
"1","600","1781","7552",""
"1","601","641","637",""
"1","601","644","587",""
"1","601","645","630",""
"1","601","647","569",""
"1","601","649","699",""
"1","601","650","606",""
"1","601","1781","7553",""
"1","602","641","638",""
"1","602","644","588",""
"1","602","645","631",""
"1","602","647","570",""
"1","602","649","700",""
"1","602","650","607",""
"1","602","1781","7554",""
"1","603","641","639",""
"1","603","644","589",""
"1","603","645","632",""
"1","603","647","571",""
"1","603","649","701",""
"1","603","650","608",""
"1","603","1781","7555",""
"1","604","641","640",""
"1","604","644","590",""
"1","604","645","633",""
"1","604","647","572",""
"1","604","649","702",""
"1","604","650","609",""
"1","604","1781","7556",""
"1","605","641","641",""
"1","605","644","591",""
"1","605","645","634",""
"1","605","647","573",""
"1","605","649","703",""
"1","605","650","610",""
"1","605","1781","7557",""
"1","606","641","642",""
"1","606","644","592",""
"1","606","645","635",""
"1","606","647","574",""
"1","606","649","704",""
"1","606","650","611",""
"1","606","1781","7558",""
"1","607","641","643",""
"1","607","644","593",""
"1","607","645","636",""
"1","607","647","575",""
"1","607","649","705",""
"1","607","650","612",""
"1","607","1781","7559",""
"1","608","641","644",""
"1","608","644","594",""
"1","608","645","637",""
"1","608","647","576",""
"1","608","649","706",""
"1","608","650","613",""
"1","608","1781","7560",""
"1","609","641","645",""
"1","609","644","595",""
"1","609","645","638",""
"1","609","647","577",""
"1","609","649","707",""
"1","609","650","614",""
"1","609","1781","7561",""
"1","610","641","646",""
"1","610","644","596",""
"1","610","645","639",""
"1","610","647","578",""
"1","610","649","708",""
"1","610","650","615",""
"1","610","1781","7562",""
"1","611","641","647",""
"1","611","644","597",""
"1","611","645","640",""
"1","611","647","579",""
"1","611","649","709",""
"1","611","650","616",""
"1","611","1781","7563",""
"1","612","641","648",""
"1","612","644","598",""
"1","612","645","641",""
"1","612","647","580",""
"1","612","649","710",""
"1","612","650","617",""
"1","612","1781","7564",""
"1","613","641","649",""
"1","613","644","599",""
"1","613","645","642",""
"1","613","647","581",""
"1","613","649","711",""
"1","613","650","618",""
"1","613","1781","7565",""
"1","614","641","650",""
"1","614","644","600",""
"1","614","645","643",""
"1","614","647","582",""
"1","614","649","712",""
"1","614","650","619",""
"1","614","1781","7566",""
"1","615","641","651",""
"1","615","644","601",""
"1","615","645","644",""
"1","615","647","583",""
"1","615","649","713",""
"1","615","650","620",""
"1","615","1781","7567",""
"1","616","641","652",""
"1","616","644","602",""
"1","616","645","645",""
"1","616","647","584",""
"1","616","649","714",""
"1","616","650","621",""
"1","616","1781","7568",""
"1","617","641","653",""
"1","617","644","603",""
"1","617","645","646",""
"1","617","647","585",""
"1","617","649","715",""
"1","617","650","622",""
"1","617","1781","7569",""
"1","618","641","654",""
"1","618","644","604",""
"1","618","645","647",""
"1","618","647","586",""
"1","618","649","716",""
"1","618","650","623",""
"1","618","1781","7570",""
"1","619","641","655",""
"1","619","644","605",""
"1","619","645","648",""
"1","619","647","587",""
"1","619","649","717",""
"1","619","650","624",""
"1","619","1781","7571",""
"1","620","641","656",""
"1","620","644","606",""
"1","620","645","649",""
"1","620","647","588",""
"1","620","649","718",""
"1","620","650","625",""
"1","620","1781","7572",""
"1","621","641","657",""
"1","621","644","607",""
"1","621","645","650",""
"1","621","647","589",""
"1","621","649","719",""
"1","621","650","626",""
"1","621","1781","7573",""
"1","622","641","658",""
"1","622","644","608",""
"1","622","645","651",""
"1","622","647","590",""
"1","622","649","720",""
"1","622","650","627",""
"1","622","1781","7574",""
"1","623","641","659",""
"1","623","644","609",""
"1","623","645","652",""
"1","623","647","591",""
"1","623","649","721",""
"1","623","650","628",""
"1","623","1781","7575",""
"1","624","641","660",""
"1","624","644","610",""
"1","624","645","653",""
"1","624","647","592",""
"1","624","649","722",""
"1","624","650","629",""
"1","624","1781","7576",""
"1","625","641","661",""
"1","625","644","611",""
"1","625","645","654",""
"1","625","647","593",""
"1","625","649","723",""
"1","625","650","630",""
"1","625","1781","7577",""
"1","626","641","662",""
"1","626","644","612",""
"1","626","645","655",""
"1","626","647","594",""
"1","626","649","724",""
"1","626","650","631",""
"1","626","1781","7578",""
"1","627","641","663",""
"1","627","644","613",""
"1","627","645","656",""
"1","627","647","595",""
"1","627","649","725",""
"1","627","650","632",""
"1","627","1781","7579",""
"1","628","641","664",""
"1","628","644","614",""
"1","628","645","657",""
"1","628","647","596",""
"1","628","649","726",""
"1","628","650","633",""
"1","628","1781","7580",""
"1","629","641","665",""
"1","629","644","615",""
"1","629","645","658",""
"1","629","647","597",""
"1","629","649","727",""
"1","629","650","634",""
"1","629","1781","7581",""
"1","630","641","666",""
"1","630","644","616",""
"1","630","645","659",""
"1","630","647","598",""
"1","630","649","728",""
"1","630","650","635",""
"1","630","1781","7582",""
"1","631","641","667",""
"1","631","644","617",""
"1","631","645","660",""
"1","631","647","599",""
"1","631","649","729",""
"1","631","650","636",""
"1","631","1781","7583",""
"1","632","641","668",""
"1","632","644","618",""
"1","632","645","661",""
"1","632","647","600",""
"1","632","649","730",""
"1","632","650","637",""
"1","632","1781","7584",""
"1","633","641","669",""
"1","633","644","619",""
"1","633","645","662",""
"1","633","647","601",""
"1","633","649","731",""
"1","633","650","638",""
"1","633","1781","7585",""
"1","634","641","670",""
"1","634","644","620",""
"1","634","645","663",""
"1","634","647","602",""
"1","634","649","732",""
"1","634","650","639",""
"1","634","1781","7586",""
"1","635","641","671",""
"1","635","644","621",""
"1","635","645","664",""
"1","635","647","603",""
"1","635","649","733",""
"1","635","650","640",""
"1","635","1781","7587",""
"1","636","641","672",""
"1","636","644","622",""
"1","636","645","665",""
"1","636","647","604",""
"1","636","649","734",""
"1","636","650","641",""
"1","636","1781","7588",""
"1","637","641","673",""
"1","637","644","623",""
"1","637","645","666",""
"1","637","647","605",""
"1","637","649","735",""
"1","637","650","642",""
"1","637","1781","7589",""
"1","638","641","674",""
"1","638","644","624",""
"1","638","645","667",""
"1","638","647","606",""
"1","638","649","736",""
"1","638","650","643",""
"1","638","1781","7590",""
"1","639","641","675",""
"1","639","644","625",""
"1","639","645","668",""
"1","639","647","607",""
"1","639","649","737",""
"1","639","650","644",""
"1","639","1781","7591",""
"1","640","641","676",""
"1","640","644","626",""
"1","640","645","669",""
"1","640","647","608",""
"1","640","649","738",""
"1","640","650","645",""
"1","640","1781","7592",""
"1","641","641","677",""
"1","641","644","627",""
"1","641","645","670",""
"1","641","647","609",""
"1","641","649","739",""
"1","641","650","646",""
"1","641","1781","7593",""
"1","642","641","678",""
"1","642","644","628",""
"1","642","645","671",""
"1","642","647","610",""
"1","642","649","740",""
"1","642","650","647",""
"1","642","1781","7594",""
"1","643","641","679",""
"1","643","644","629",""
"1","643","645","672",""
"1","643","647","611",""
"1","643","649","741",""
"1","643","650","648",""
"1","643","1781","7595",""
"1","644","641","680",""
"1","644","644","630",""
"1","644","645","673",""
"1","644","647","612",""
"1","644","649","742",""
"1","644","650","649",""
"1","644","1781","7596",""
"1","645","641","681",""
"1","645","644","631",""
"1","645","645","674",""
"1","645","647","613",""
"1","645","649","743",""
"1","645","650","650",""
"1","645","1781","7597",""
"1","646","641","682",""
"1","646","644","632",""
"1","646","645","675",""
"1","646","647","614",""
"1","646","649","744",""
"1","646","650","651",""
"1","646","1781","7598",""
"1","647","641","683",""
"1","647","644","633",""
"1","647","645","676",""
"1","647","647","615",""
"1","647","649","745",""
"1","647","650","652",""
"1","647","1781","7599",""
"1","648","641","684",""
"1","648","644","634",""
"1","648","645","677",""
"1","648","647","616",""
"1","648","649","746",""
"1","648","650","653",""
"1","648","1781","7600",""
"1","649","641","685",""
"1","649","644","635",""
"1","649","645","678",""
"1","649","647","617",""
"1","649","649","747",""
"1","649","650","654",""
"1","649","1781","7601",""
"1","650","641","686",""
"1","650","644","636",""
"1","650","645","679",""
"1","650","647","618",""
"1","650","649","748",""
"1","650","650","655",""
"1","650","1781","7602",""
"1","651","641","687",""
"1","651","644","637",""
"1","651","645","680",""
"1","651","647","619",""
"1","651","649","749",""
"1","651","650","656",""
"1","651","1781","7603",""
"1","652","641","688",""
"1","652","644","638",""
"1","652","645","681",""
"1","652","647","620",""
"1","652","649","750",""
"1","652","650","657",""
"1","652","1781","7604",""
"1","653","641","689",""
"1","653","644","639",""
"1","653","645","682",""
"1","653","647","621",""
"1","653","649","751",""
"1","653","650","658",""
"1","653","1781","7605",""
"1","654","641","690",""
"1","654","644","640",""
"1","654","645","683",""
"1","654","647","622",""
"1","654","649","752",""
"1","654","650","659",""
"1","654","1781","7606",""
"1","655","641","691",""
"1","655","644","641",""
"1","655","645","684",""
"1","655","647","623",""
"1","655","649","753",""
"1","655","650","660",""
"1","655","1781","7607",""
"1","656","641","692",""
"1","656","644","642",""
"1","656","645","685",""
"1","656","647","624",""
"1","656","649","754",""
"1","656","650","661",""
"1","656","1781","7608",""
"1","657","641","693",""
"1","657","644","643",""
"1","657","645","686",""
"1","657","647","625",""
"1","657","649","755",""
"1","657","650","662",""
"1","657","1781","7609",""
"1","658","641","694",""
"1","658","644","644",""
"1","658","645","687",""
"1","658","647","626",""
"1","658","649","756",""
"1","658","650","663",""
"1","658","1781","7610",""
"1","659","641","695",""
"1","659","644","645",""
"1","659","645","688",""
"1","659","647","627",""
"1","659","649","757",""
"1","659","650","664",""
"1","659","1781","7611",""
"1","660","641","696",""
"1","660","644","646",""
"1","660","645","689",""
"1","660","647","628",""
"1","660","649","758",""
"1","660","650","665",""
"1","660","1781","7612",""
"1","661","641","697",""
"1","661","644","647",""
"1","661","645","690",""
"1","661","647","629",""
"1","661","649","759",""
"1","661","650","666",""
"1","661","1781","7613",""
"1","662","641","698",""
"1","662","644","648",""
"1","662","645","691",""
"1","662","647","630",""
"1","662","649","760",""
"1","662","650","667",""
"1","662","1781","7614",""
"1","663","641","699",""
"1","663","644","649",""
"1","663","645","692",""
"1","663","647","631",""
"1","663","649","761",""
"1","663","650","668",""
"1","663","1781","7615",""
"1","664","641","700",""
"1","664","644","650",""
"1","664","645","693",""
"1","664","647","632",""
"1","664","649","762",""
"1","664","650","669",""
"1","664","1781","7616",""
"1","665","641","701",""
"1","665","644","651",""
"1","665","645","694",""
"1","665","647","633",""
"1","665","649","763",""
"1","665","650","670",""
"1","665","1781","7617",""
"1","666","641","702",""
"1","666","644","652",""
"1","666","645","695",""
"1","666","647","634",""
"1","666","649","764",""
"1","666","650","671",""
"1","666","1781","7618",""
"1","667","641","703",""
"1","667","644","653",""
"1","667","645","696",""
"1","667","647","635",""
"1","667","649","765",""
"1","667","650","672",""
"1","667","1781","7619",""
"1","668","641","704",""
"1","668","644","654",""
"1","668","645","697",""
"1","668","647","636",""
"1","668","649","766",""
"1","668","650","673",""
"1","668","1781","7620",""
"1","669","641","705",""
"1","669","644","655",""
"1","669","645","698",""
"1","669","647","637",""
"1","669","649","767",""
"1","669","650","674",""
"1","669","1781","7621",""
"1","670","641","706",""
"1","670","644","656",""
"1","670","645","699",""
"1","670","647","638",""
"1","670","649","768",""
"1","670","650","675",""
"1","670","1781","7622",""
"1","671","641","707",""
"1","671","644","657",""
"1","671","645","700",""
"1","671","647","639",""
"1","671","649","769",""
"1","671","650","676",""
"1","671","1781","7623",""
"1","672","641","708",""
"1","672","644","658",""
"1","672","645","701",""
"1","672","647","640",""
"1","672","649","770",""
"1","672","650","677",""
"1","672","1781","7624",""
"1","673","641","709",""
"1","673","644","659",""
"1","673","645","702",""
"1","673","647","641",""
"1","673","649","771",""
"1","673","650","678",""
"1","673","1781","7625",""
"1","674","641","710",""
"1","674","644","660",""
"1","674","645","703",""
"1","674","647","642",""
"1","674","649","772",""
"1","674","650","679",""
"1","674","1781","7626",""
"1","675","641","711",""
"1","675","644","661",""
"1","675","645","704",""
"1","675","647","643",""
"1","675","649","773",""
"1","675","650","680",""
"1","675","1781","7627",""
"1","676","641","712",""
"1","676","644","662",""
"1","676","645","705",""
"1","676","647","644",""
"1","676","649","774",""
"1","676","650","681",""
"1","676","1781","7628",""
"1","677","641","713",""
"1","677","644","663",""
"1","677","645","706",""
"1","677","647","645",""
"1","677","649","775",""
"1","677","650","682",""
"1","677","1781","7629",""
"1","678","641","714",""
"1","678","644","664",""
"1","678","645","707",""
"1","678","647","646",""
"1","678","649","776",""
"1","678","650","683",""
"1","678","1781","7630",""
"1","679","641","715",""
"1","679","644","665",""
"1","679","645","708",""
"1","679","647","647",""
"1","679","649","777",""
"1","679","650","684",""
"1","679","1781","7631",""
"1","680","641","716",""
"1","680","644","666",""
"1","680","645","709",""
"1","680","647","648",""
"1","680","649","778",""
"1","680","650","685",""
"1","680","1781","7632",""
"1","681","641","717",""
"1","681","644","667",""
"1","681","645","710",""
"1","681","647","649",""
"1","681","649","779",""
"1","681","650","686",""
"1","681","1781","7633",""
"1","682","641","718",""
"1","682","644","668",""
"1","682","645","711",""
"1","682","647","650",""
"1","682","649","780",""
"1","682","650","687",""
"1","682","1781","7634",""
"1","683","641","719",""
"1","683","644","669",""
"1","683","645","712",""
"1","683","647","651",""
"1","683","649","781",""
"1","683","650","688",""
"1","683","1781","7635",""
"1","684","641","720",""
"1","684","644","670",""
"1","684","645","713",""
"1","684","647","652",""
"1","684","649","782",""
"1","684","650","689",""
"1","684","1781","7636",""
"1","685","641","721",""
"1","685","644","671",""
"1","685","645","714",""
"1","685","647","653",""
"1","685","649","783",""
"1","685","650","690",""
"1","685","1781","7637",""
"1","686","641","722",""
"1","686","644","672",""
"1","686","645","715",""
"1","686","647","654",""
"1","686","649","784",""
"1","686","650","691",""
"1","686","1781","7638",""
"1","687","641","723",""
"1","687","644","673",""
"1","687","645","716",""
"1","687","647","655",""
"1","687","649","785",""
"1","687","650","692",""
"1","687","1781","7639",""
"1","688","641","724",""
"1","688","644","674",""
"1","688","645","717",""
"1","688","647","656",""
"1","688","649","786",""
"1","688","650","693",""
"1","688","1781","7640",""
"1","689","641","725",""
"1","689","644","675",""
"1","689","645","718",""
"1","689","647","657",""
"1","689","649","787",""
"1","689","650","694",""
"1","689","1781","7641",""
"1","690","641","726",""
"1","690","644","676",""
"1","690","645","719",""
"1","690","647","658",""
"1","690","649","788",""
"1","690","650","695",""
"1","690","1781","7642",""
"1","691","641","727",""
"1","691","644","677",""
"1","691","645","720",""
"1","691","647","659",""
"1","691","649","789",""
"1","691","650","696",""
"1","691","1781","7643",""
"1","692","641","728",""
"1","692","644","678",""
"1","692","645","721",""
"1","692","647","660",""
"1","692","649","790",""
"1","692","650","697",""
"1","692","1781","7644",""
"1","693","641","729",""
"1","693","644","679",""
"1","693","645","722",""
"1","693","647","661",""
"1","693","649","791",""
"1","693","650","698",""
"1","693","1781","7645",""
"1","694","641","730",""
"1","694","644","680",""
"1","694","645","723",""
"1","694","647","662",""
"1","694","649","792",""
"1","694","650","699",""
"1","694","1781","7646",""
"1","695","641","731",""
"1","695","644","681",""
"1","695","645","724",""
"1","695","647","663",""
"1","695","649","793",""
"1","695","650","700",""
"1","695","1781","7647",""
"1","696","641","732",""
"1","696","644","682",""
"1","696","645","725",""
"1","696","647","664",""
"1","696","649","794",""
"1","696","650","701",""
"1","696","1781","7648",""
"1","697","641","733",""
"1","697","644","683",""
"1","697","645","726",""
"1","697","647","665",""
"1","697","649","795",""
"1","697","650","702",""
"1","697","1781","7649",""
"1","698","641","734",""
"1","698","644","684",""
"1","698","645","727",""
"1","698","647","666",""
"1","698","649","796",""
"1","698","650","703",""
"1","698","1781","7650",""
"1","699","641","735",""
"1","699","644","685",""
"1","699","645","728",""
"1","699","647","667",""
"1","699","649","797",""
"1","699","650","704",""
"1","699","1781","7651",""
"1","700","641","736",""
"1","700","644","686",""
"1","700","645","729",""
"1","700","647","668",""
"1","700","649","798",""
"1","700","650","705",""
"1","700","1781","7652",""
"1","701","641","737",""
"1","701","644","687",""
"1","701","645","730",""
"1","701","647","669",""
"1","701","649","799",""
"1","701","650","706",""
"1","701","1781","7653",""
"1","702","641","738",""
"1","702","644","688",""
"1","702","645","731",""
"1","702","647","670",""
"1","702","649","800",""
"1","702","650","707",""
"1","702","1781","7654",""
"1","703","641","739",""
"1","703","644","689",""
"1","703","645","732",""
"1","703","647","671",""
"1","703","649","801",""
"1","703","650","708",""
"1","703","1781","7655",""
"1","704","641","740",""
"1","704","644","690",""
"1","704","645","733",""
"1","704","647","672",""
"1","704","649","802",""
"1","704","650","709",""
"1","704","1781","7656",""
"1","705","641","741",""
"1","705","644","691",""
"1","705","645","734",""
"1","705","647","673",""
"1","705","649","803",""
"1","705","650","710",""
"1","705","1781","7657",""
"1","706","641","742",""
"1","706","644","692",""
"1","706","645","735",""
"1","706","647","674",""
"1","706","649","804",""
"1","706","650","711",""
"1","706","1781","7658",""
"1","707","641","743",""
"1","707","644","693",""
"1","707","645","736",""
"1","707","647","675",""
"1","707","649","805",""
"1","707","650","712",""
"1","707","1781","7659",""
"1","708","641","744",""
"1","708","644","694",""
"1","708","645","737",""
"1","708","647","676",""
"1","708","649","806",""
"1","708","650","713",""
"1","708","1781","7660",""
"1","709","641","745",""
"1","709","644","695",""
"1","709","645","738",""
"1","709","647","677",""
"1","709","649","807",""
"1","709","650","714",""
"1","709","1781","7661",""
"1","710","641","746",""
"1","710","644","696",""
"1","710","645","739",""
"1","710","647","678",""
"1","710","649","808",""
"1","710","650","715",""
"1","710","1781","7662",""
"1","711","641","747",""
"1","711","644","697",""
"1","711","645","740",""
"1","711","647","679",""
"1","711","649","809",""
"1","711","650","716",""
"1","711","1781","7663",""
"1","712","641","748",""
"1","712","644","698",""
"1","712","645","741",""
"1","712","647","680",""
"1","712","649","810",""
"1","712","650","717",""
"1","712","1781","7664",""
"1","713","641","749",""
"1","713","644","699",""
"1","713","645","742",""
"1","713","647","681",""
"1","713","649","811",""
"1","713","650","718",""
"1","713","1781","7665",""
"1","714","641","750",""
"1","714","644","700",""
"1","714","645","743",""
"1","714","647","682",""
"1","714","649","812",""
"1","714","650","719",""
"1","714","1781","7666",""
"1","715","641","751",""
"1","715","644","701",""
"1","715","645","744",""
"1","715","647","683",""
"1","715","649","813",""
"1","715","650","720",""
"1","715","1781","7667",""
"1","716","641","752",""
"1","716","644","702",""
"1","716","645","745",""
"1","716","647","684",""
"1","716","649","814",""
"1","716","650","721",""
"1","716","1781","7668",""
"1","717","641","753",""
"1","717","644","703",""
"1","717","645","746",""
"1","717","647","685",""
"1","717","649","815",""
"1","717","650","722",""
"1","717","1781","7669",""
"1","718","641","754",""
"1","718","644","704",""
"1","718","645","747",""
"1","718","647","686",""
"1","718","649","816",""
"1","718","650","723",""
"1","718","1781","7670",""
"1","719","641","755",""
"1","719","644","705",""
"1","719","645","748",""
"1","719","647","687",""
"1","719","649","817",""
"1","719","650","724",""
"1","719","1781","7671",""
"1","720","641","756",""
"1","720","644","706",""
"1","720","645","749",""
"1","720","647","688",""
"1","720","649","818",""
"1","720","650","725",""
"1","720","1781","7672",""
"1","721","641","757",""
"1","721","644","707",""
"1","721","645","750",""
"1","721","647","689",""
"1","721","649","819",""
"1","721","650","726",""
"1","721","1781","7673",""
"1","722","641","758",""
"1","722","644","708",""
"1","722","645","751",""
"1","722","647","690",""
"1","722","649","820",""
"1","722","650","727",""
"1","722","1781","7674",""
"1","723","641","759",""
"1","723","644","709",""
"1","723","645","752",""
"1","723","647","691",""
"1","723","649","821",""
"1","723","650","728",""
"1","723","1781","7675",""
"1","724","641","760",""
"1","724","644","710",""
"1","724","645","753",""
"1","724","647","692",""
"1","724","649","822",""
"1","724","650","729",""
"1","724","1781","7676",""
"1","725","641","761",""
"1","725","644","711",""
"1","725","645","754",""
"1","725","647","693",""
"1","725","649","823",""
"1","725","650","730",""
"1","725","1781","7677",""
"1","726","641","762",""
"1","726","644","712",""
"1","726","645","755",""
"1","726","647","694",""
"1","726","649","824",""
"1","726","650","731",""
"1","726","1781","7678",""
"1","727","641","763",""
"1","727","644","713",""
"1","727","645","756",""
"1","727","647","695",""
"1","727","649","825",""
"1","727","650","732",""
"1","727","1781","7679",""
"1","728","641","764",""
"1","728","644","714",""
"1","728","645","757",""
"1","728","647","696",""
"1","728","649","826",""
"1","728","650","733",""
"1","728","1781","7680",""
"1","729","641","765",""
"1","729","644","715",""
"1","729","645","758",""
"1","729","647","697",""
"1","729","649","827",""
"1","729","650","734",""
"1","729","1781","7681",""
"1","730","641","766",""
"1","730","644","716",""
"1","730","645","759",""
"1","730","647","698",""
"1","730","649","828",""
"1","730","650","735",""
"1","730","1781","7682",""
"1","731","641","767",""
"1","731","644","717",""
"1","731","645","760",""
"1","731","647","699",""
"1","731","649","829",""
"1","731","650","736",""
"1","731","1781","7683",""
"1","732","641","768",""
"1","732","644","718",""
"1","732","645","761",""
"1","732","647","700",""
"1","732","649","830",""
"1","732","650","737",""
"1","732","1781","7684",""
"1","733","641","769",""
"1","733","644","719",""
"1","733","645","762",""
"1","733","647","701",""
"1","733","649","831",""
"1","733","650","738",""
"1","733","1781","7685",""
"1","734","641","770",""
"1","734","644","720",""
"1","734","645","763",""
"1","734","647","702",""
"1","734","649","832",""
"1","734","650","739",""
"1","734","1781","7686",""
"1","735","641","771",""
"1","735","644","721",""
"1","735","645","764",""
"1","735","647","703",""
"1","735","649","833",""
"1","735","650","740",""
"1","735","1781","7687",""
"1","736","641","778",""
"1","736","644","728",""
"1","736","645","771",""
"1","736","647","710",""
"1","736","649","840",""
"1","736","650","747",""
"1","736","1781","7694",""
"1","737","641","779",""
"1","737","644","729",""
"1","737","645","772",""
"1","737","647","711",""
"1","737","649","841",""
"1","737","650","748",""
"1","737","1781","7695",""
"1","738","641","780",""
"1","738","644","730",""
"1","738","645","773",""
"1","738","647","712",""
"1","738","649","842",""
"1","738","650","749",""
"1","738","1781","7696",""
"1","739","641","781",""
"1","739","644","731",""
"1","739","645","774",""
"1","739","647","713",""
"1","739","649","843",""
"1","739","650","750",""
"1","739","1781","7697",""
"1","740","641","782",""
"1","740","644","732",""
"1","740","645","775",""
"1","740","647","714",""
"1","740","649","844",""
"1","740","650","751",""
"1","740","1781","7698",""
"1","741","641","783",""
"1","741","644","733",""
"1","741","645","776",""
"1","741","647","715",""
"1","741","649","845",""
"1","741","650","752",""
"1","741","1781","7699",""
"1","742","641","784",""
"1","742","644","734",""
"1","742","645","777",""
"1","742","647","716",""
"1","742","649","846",""
"1","742","650","753",""
"1","742","1781","7700",""
"1","743","641","785",""
"1","743","644","735",""
"1","743","645","778",""
"1","743","647","717",""
"1","743","649","847",""
"1","743","650","754",""
"1","743","1781","7701",""
"1","744","641","786",""
"1","744","644","736",""
"1","744","645","779",""
"1","744","647","718",""
"1","744","649","848",""
"1","744","650","755",""
"1","744","1781","7702",""
"1","745","641","788",""
"1","745","644","738",""
"1","745","645","781",""
"1","745","647","720",""
"1","745","649","850",""
"1","745","650","757",""
"1","745","1781","7704",""
"1","746","641","789",""
"1","746","644","739",""
"1","746","645","782",""
"1","746","647","721",""
"1","746","649","851",""
"1","746","650","758",""
"1","746","1781","7705",""
"1","747","641","790",""
"1","747","644","740",""
"1","747","645","783",""
"1","747","647","722",""
"1","747","649","852",""
"1","747","650","759",""
"1","747","1781","7706",""
"1","748","641","791",""
"1","748","644","741",""
"1","748","645","784",""
"1","748","647","723",""
"1","748","649","853",""
"1","748","650","760",""
"1","748","1781","7707",""
"1","749","641","792",""
"1","749","644","742",""
"1","749","645","785",""
"1","749","647","724",""
"1","749","649","854",""
"1","749","650","761",""
"1","749","1781","7708",""
"1","750","641","793",""
"1","750","644","743",""
"1","750","645","786",""
"1","750","647","725",""
"1","750","649","855",""
"1","750","650","762",""
"1","750","1781","7709",""
"1","751","641","794",""
"1","751","644","744",""
"1","751","645","787",""
"1","751","647","726",""
"1","751","649","856",""
"1","751","650","763",""
"1","751","1781","7710",""
"1","752","641","795",""
"1","752","644","745",""
"1","752","645","788",""
"1","752","647","727",""
"1","752","649","857",""
"1","752","650","764",""
"1","752","1781","7711",""
"1","753","641","796",""
"1","753","644","746",""
"1","753","645","789",""
"1","753","647","728",""
"1","753","649","858",""
"1","753","650","765",""
"1","753","1781","7712",""
"1","754","641","797",""
"1","754","644","747",""
"1","754","645","790",""
"1","754","647","729",""
"1","754","649","859",""
"1","754","650","766",""
"1","754","1781","7713",""
"1","755","641","798",""
"1","755","644","748",""
"1","755","645","791",""
"1","755","647","730",""
"1","755","649","860",""
"1","755","650","767",""
"1","755","1781","7714",""
"1","756","641","799",""
"1","756","644","749",""
"1","756","645","792",""
"1","756","647","731",""
"1","756","649","861",""
"1","756","650","768",""
"1","756","1781","7715",""
"1","757","641","800",""
"1","757","644","750",""
"1","757","645","793",""
"1","757","647","732",""
"1","757","649","862",""
"1","757","650","769",""
"1","757","1781","7716",""
"1","758","641","801",""
"1","758","644","751",""
"1","758","645","794",""
"1","758","647","733",""
"1","758","649","863",""
"1","758","650","770",""
"1","758","1781","7717",""
"1","759","641","802",""
"1","759","644","752",""
"1","759","645","795",""
"1","759","647","734",""
"1","759","649","864",""
"1","759","650","771",""
"1","759","1781","7718",""
"1","760","641","803",""
"1","760","644","753",""
"1","760","645","796",""
"1","760","647","735",""
"1","760","649","865",""
"1","760","650","772",""
"1","760","1781","7719",""
"1","761","641","804",""
"1","761","644","754",""
"1","761","645","797",""
"1","761","647","736",""
"1","761","649","866",""
"1","761","650","773",""
"1","761","1781","7720",""
"1","762","641","805",""
"1","762","644","755",""
"1","762","645","798",""
"1","762","647","737",""
"1","762","649","867",""
"1","762","650","774",""
"1","762","1781","7721",""
"1","763","641","806",""
"1","763","644","756",""
"1","763","645","799",""
"1","763","647","738",""
"1","763","649","868",""
"1","763","650","775",""
"1","763","1781","7722",""
"1","764","641","807",""
"1","764","644","757",""
"1","764","645","800",""
"1","764","647","739",""
"1","764","649","869",""
"1","764","650","776",""
"1","764","1781","7723",""
"1","765","641","808",""
"1","765","644","758",""
"1","765","645","801",""
"1","765","647","740",""
"1","765","649","870",""
"1","765","650","777",""
"1","765","1781","7724",""
"1","766","641","809",""
"1","766","644","759",""
"1","766","645","802",""
"1","766","647","741",""
"1","766","649","871",""
"1","766","650","778",""
"1","766","1781","7725",""
"1","767","641","810",""
"1","767","644","760",""
"1","767","645","803",""
"1","767","647","742",""
"1","767","649","872",""
"1","767","650","779",""
"1","767","1781","7726",""
"1","768","641","811",""
"1","768","644","761",""
"1","768","645","804",""
"1","768","647","743",""
"1","768","649","873",""
"1","768","650","780",""
"1","768","1781","7727",""
"1","769","641","812",""
"1","769","644","762",""
"1","769","645","805",""
"1","769","647","744",""
"1","769","649","874",""
"1","769","650","781",""
"1","769","1781","7728",""
"1","770","641","813",""
"1","770","644","763",""
"1","770","645","806",""
"1","770","647","745",""
"1","770","649","875",""
"1","770","650","782",""
"1","770","1781","7729",""
"1","771","641","814",""
"1","771","644","764",""
"1","771","645","807",""
"1","771","647","746",""
"1","771","649","876",""
"1","771","650","783",""
"1","771","1781","7730",""
"1","772","641","815",""
"1","772","644","765",""
"1","772","645","808",""
"1","772","647","747",""
"1","772","649","877",""
"1","772","650","784",""
"1","772","1781","7731",""
"1","773","641","816",""
"1","773","644","766",""
"1","773","645","809",""
"1","773","647","748",""
"1","773","649","878",""
"1","773","650","785",""
"1","773","1781","7732",""
"1","774","641","817",""
"1","774","644","767",""
"1","774","645","810",""
"1","774","647","749",""
"1","774","649","879",""
"1","774","650","786",""
"1","774","1781","7733",""
"1","775","641","818",""
"1","775","644","768",""
"1","775","645","811",""
"1","775","647","750",""
"1","775","649","880",""
"1","775","650","787",""
"1","775","1781","7734",""
"1","776","641","819",""
"1","776","644","769",""
"1","776","645","812",""
"1","776","647","751",""
"1","776","649","881",""
"1","776","650","788",""
"1","776","1781","7735",""
"1","777","641","820",""
"1","777","644","770",""
"1","777","645","813",""
"1","777","647","752",""
"1","777","649","882",""
"1","777","650","789",""
"1","777","1781","7736",""
"1","778","641","821",""
"1","778","644","771",""
"1","778","645","814",""
"1","778","647","753",""
"1","778","649","883",""
"1","778","650","790",""
"1","778","1781","7737",""
"1","779","641","822",""
"1","779","644","772",""
"1","779","645","815",""
"1","779","647","754",""
"1","779","649","884",""
"1","779","650","791",""
"1","779","1781","7738",""
"1","780","641","823",""
"1","780","644","773",""
"1","780","645","816",""
"1","780","647","755",""
"1","780","649","885",""
"1","780","650","792",""
"1","780","1781","7739",""
"1","781","641","824",""
"1","781","644","774",""
"1","781","645","817",""
"1","781","647","756",""
"1","781","649","886",""
"1","781","650","793",""
"1","781","1781","7740",""
"1","782","641","825",""
"1","782","644","775",""
"1","782","645","818",""
"1","782","647","757",""
"1","782","649","887",""
"1","782","650","794",""
"1","782","1781","7741",""
"1","783","641","826",""
"1","783","644","776",""
"1","783","645","819",""
"1","783","647","758",""
"1","783","649","888",""
"1","783","650","795",""
"1","783","1781","7742",""
"1","784","641","827",""
"1","784","644","777",""
"1","784","645","820",""
"1","784","647","759",""
"1","784","649","889",""
"1","784","650","796",""
"1","784","1781","7743",""
"1","785","641","828",""
"1","785","644","778",""
"1","785","645","821",""
"1","785","647","760",""
"1","785","649","890",""
"1","785","650","797",""
"1","785","1781","7744",""
"1","786","641","829",""
"1","786","644","779",""
"1","786","645","822",""
"1","786","647","761",""
"1","786","649","891",""
"1","786","650","798",""
"1","786","1781","7745",""
"1","787","641","830",""
"1","787","644","780",""
"1","787","645","823",""
"1","787","647","762",""
"1","787","649","892",""
"1","787","650","799",""
"1","787","1781","7746",""
"1","788","641","831",""
"1","788","644","781",""
"1","788","645","824",""
"1","788","647","763",""
"1","788","649","893",""
"1","788","650","800",""
"1","788","1781","7747",""
"1","789","641","832",""
"1","789","644","782",""
"1","789","645","825",""
"1","789","647","764",""
"1","789","649","894",""
"1","789","650","801",""
"1","789","1781","7748",""
"1","790","641","833",""
"1","790","644","783",""
"1","790","645","826",""
"1","790","647","765",""
"1","790","649","895",""
"1","790","650","802",""
"1","790","1781","7749",""
"1","791","641","834",""
"1","791","644","784",""
"1","791","645","827",""
"1","791","647","766",""
"1","791","649","896",""
"1","791","650","803",""
"1","791","1781","7750",""
"1","792","641","835",""
"1","792","644","785",""
"1","792","645","828",""
"1","792","647","767",""
"1","792","649","897",""
"1","792","650","804",""
"1","792","1781","7751",""
"1","793","641","836",""
"1","793","644","786",""
"1","793","645","829",""
"1","793","647","768",""
"1","793","649","898",""
"1","793","650","805",""
"1","793","1781","7752",""
"1","794","641","837",""
"1","794","644","787",""
"1","794","645","830",""
"1","794","647","769",""
"1","794","649","899",""
"1","794","650","806",""
"1","794","1781","7753",""
"1","795","641","838",""
"1","795","644","788",""
"1","795","645","831",""
"1","795","647","770",""
"1","795","649","900",""
"1","795","650","807",""
"1","795","1781","7754",""
"1","796","641","839",""
"1","796","644","789",""
"1","796","645","832",""
"1","796","647","771",""
"1","796","649","901",""
"1","796","650","808",""
"1","796","1781","7755",""
"1","797","641","840",""
"1","797","644","790",""
"1","797","645","833",""
"1","797","647","772",""
"1","797","649","902",""
"1","797","650","809",""
"1","797","1781","7756",""
"1","798","641","841",""
"1","798","644","791",""
"1","798","645","834",""
"1","798","647","773",""
"1","798","649","903",""
"1","798","650","810",""
"1","798","1781","7757",""
"1","799","641","842",""
"1","799","644","792",""
"1","799","645","835",""
"1","799","647","774",""
"1","799","649","904",""
"1","799","650","811",""
"1","799","1781","7758",""
"1","800","641","843",""
"1","800","644","793",""
"1","800","645","836",""
"1","800","647","775",""
"1","800","649","905",""
"1","800","650","812",""
"1","800","1781","7759",""
"1","801","641","844",""
"1","801","644","794",""
"1","801","645","837",""
"1","801","647","776",""
"1","801","649","906",""
"1","801","650","813",""
"1","801","1781","7760",""
"1","802","641","845",""
"1","802","644","795",""
"1","802","645","838",""
"1","802","647","777",""
"1","802","649","907",""
"1","802","650","814",""
"1","802","1781","7761",""
"1","803","641","846",""
"1","803","644","796",""
"1","803","645","839",""
"1","803","647","778",""
"1","803","649","908",""
"1","803","650","815",""
"1","803","1781","7762",""
"1","804","641","847",""
"1","804","644","797",""
"1","804","645","840",""
"1","804","647","779",""
"1","804","649","909",""
"1","804","650","816",""
"1","804","1781","7763",""
"1","805","643","64",""
"1","805","646","2",""
"1","805","647","2",""
"1","805","649","2",""
"1","805","650","2",""
"1","805","1781","2530",""
"1","805","643","70",""
"1","806","644","1768",""
"1","806","647","1036",""
"1","806","650","1053",""
"1","806","1781","12120",""
"1","806","647","886",""
"1","806","650","1203",""
"1","806","1781","12270",""
"1","807","644","1771",""
"1","807","647","930",""
"1","807","650","1097",""
"1","807","1781","12164",""
"1","807","647","946",""
"1","807","650","1113",""
"1","807","1781","12180",""
"1","808","644","1789",""
"1","808","644","1790",""
"1","808","644","1791",""
"1","808","644","1792",""
"1","808","644","1793",""
"1","808","644","1797",""
"1","808","644","1801",""
"1","809","647","1053",""
"1","809","650","1220",""
"1","809","1781","12015",""
"1","809","647","781",""
"1","809","650","948",""
"1","809","1781","12287",""
"1","809","1781","5164",""
"1","810","647","1060",""
"1","810","650","1227",""
"1","810","1781","12020",""
"1","810","647","786",""
"1","810","650","953",""
"1","810","1781","12294",""
"1","810","1781","5166",""
"1","811","647","1037",""
"1","811","650","1060",""
"1","811","1781","12127",""
"1","811","647","893",""
"1","811","650","1204",""
"1","811","1781","12271",""
"1","811","1781","5207",""
"1","812","641","200",""
"1","812","644","150",""
"1","812","647","132",""
"1","812","649","262",""
"1","812","650","169",""
"1","813","643","62",""
"1","813","644","41",""
"1","813","645","63",""
"1","813","647","27",""
"1","813","649","35",""
"1","813","644","46",""
"1","814","647","1055",""
"1","814","650","1222",""
"1","814","1781","12016",""
"1","814","647","782",""
"1","814","650","949",""
"1","814","1781","12289",""
"1","815","647","1057",""
"1","815","650","1224",""
"1","815","1781","12018",""
"1","815","647","784",""
"1","815","650","951",""
"1","815","1781","12291",""
"1","816","647","1059",""
"1","816","650","1226",""
"1","816","1781","12019",""
"1","816","647","785",""
"1","816","650","952",""
"1","816","1781","12293",""
"1","817","647","1061",""
"1","817","650","1228",""
"1","817","1781","12021",""
"1","817","647","787",""
"1","817","650","954",""
"1","817","1781","12295",""
"1","818","647","1067",""
"1","818","650","1234",""
"1","818","1781","12023",""
"1","818","647","789",""
"1","818","650","956",""
"1","818","1781","12301",""
"1","819","647","1063",""
"1","819","650","1230",""
"1","819","1781","12047",""
"1","819","647","813",""
"1","819","650","980",""
"1","819","1781","12297",""
"1","820","647","1062",""
"1","820","650","1229",""
"1","820","1781","12050",""
"1","820","647","816",""
"1","820","650","983",""
"1","820","1781","12296",""
"1","821","647","1051",""
"1","821","650","1037",""
"1","821","1781","12104",""
"1","821","647","870",""
"1","821","650","1218",""
"1","821","1781","12285",""
"1","822","647","1021",""
"1","822","650","1044",""
"1","822","1781","12111",""
"1","822","647","877",""
"1","822","650","1188",""
"1","822","1781","12255",""
"1","823","647","1022",""
"1","823","650","1045",""
"1","823","1781","12112",""
"1","823","647","878",""
"1","823","650","1189",""
"1","823","1781","12256",""
"1","824","647","1023",""
"1","824","650","1046",""
"1","824","1781","12113",""
"1","824","647","879",""
"1","824","650","1190",""
"1","824","1781","12257",""
"1","825","647","1024",""
"1","825","650","1047",""
"1","825","1781","12114",""
"1","825","647","880",""
"1","825","650","1191",""
"1","825","1781","12258",""
"1","826","647","1025",""
"1","826","650","1048",""
"1","826","1781","12115",""
"1","826","647","881",""
"1","826","650","1192",""
"1","826","1781","12259",""
"1","827","647","1026",""
"1","827","650","1049",""
"1","827","1781","12116",""
"1","827","647","882",""
"1","827","650","1193",""
"1","827","1781","12260",""
"1","828","647","1033",""
"1","828","650","1052",""
"1","828","1781","12119",""
"1","828","647","885",""
"1","828","650","1200",""
"1","828","1781","12267",""
"1","829","647","925",""
"1","829","650","1092",""
"1","829","1781","12159",""
"1","829","647","941",""
"1","829","650","1108",""
"1","829","1781","12175",""
"1","830","647","926",""
"1","830","650","1093",""
"1","830","1781","12160",""
"1","830","647","942",""
"1","830","650","1109",""
"1","830","1781","12176",""
"1","831","647","927",""
"1","831","650","1094",""
"1","831","1781","12161",""
"1","831","647","943",""
"1","831","650","1110",""
"1","831","1781","12177",""
"1","832","647","928",""
"1","832","650","1095",""
"1","832","1781","12162",""
"1","832","647","944",""
"1","832","650","1111",""
"1","832","1781","12178",""
"1","833","647","929",""
"1","833","650","1096",""
"1","833","1781","12163",""
"1","833","647","945",""
"1","833","650","1112",""
"1","833","1781","12179",""
"1","834","647","932",""
"1","834","650","1099",""
"1","834","1781","12166",""
"1","834","647","948",""
"1","834","650","1115",""
"1","834","1781","12182",""
"1","835","647","933",""
"1","835","650","1100",""
"1","835","1781","12167",""
"1","835","647","949",""
"1","835","650","1116",""
"1","835","1781","12183",""
"1","836","647","934",""
"1","836","650","1101",""
"1","836","1781","12168",""
"1","836","647","950",""
"1","836","650","1117",""
"1","836","1781","12184",""
"1","837","647","1088",""
"1","837","650","1255",""
"1","837","647","1127",""
"1","837","650","1294",""
"1","837","647","1361",""
"1","837","650","1528",""
"1","838","647","1093",""
"1","838","650","1260",""
"1","838","647","1124",""
"1","838","650","1291",""
"1","838","647","1370",""
"1","838","650","1537",""
"1","839","648","670",""
"1","839","652","604",""
"1","839","866","940",""
"1","839","648","671",""
"1","839","652","605",""
"1","839","866","941",""
"1","840","648","710",""
"1","840","652","644",""
"1","840","866","980",""
"1","840","648","711",""
"1","840","652","645",""
"1","840","866","981",""
"1","841","24","11",""
"1","841","641","15",""
"1","841","643","0",""
"1","841","866","19",""
"1","841","643","1",""
"1","842","643","65",""
"1","842","649","4",""
"1","842","650","5",""
"1","842","1781","0",""
"1","842","1781","2522",""
"1","843","644","444",""
"1","843","645","487",""
"1","843","647","426",""
"1","843","649","556",""
"1","843","650","463",""
"1","844","644","1766",""
"1","844","647","850",""
"1","844","650","1017",""
"1","844","1781","12084",""
"1","844","1781","5224",""
"1","845","645","1867",""
"1","845","646","76",""
"1","845","647","11",""
"1","845","650","867",""
"1","845","1781","11055",""
"1","846","648","916",""
"1","846","766","0",""
"1","846","866","270",""
"1","846","1781","10204",""
"1","846","766","1",""
"1","847","648","917",""
"1","847","767","0",""
"1","847","866","271",""
"1","847","1781","10205",""
"1","847","767","1",""
"1","848","648","918",""
"1","848","768","0",""
"1","848","866","272",""
"1","848","1781","10206",""
"1","848","768","1",""
"1","849","648","919",""
"1","849","769","0",""
"1","849","866","273",""
"1","849","1781","10207",""
"1","849","769","1",""
"1","850","648","920",""
"1","850","770","0",""
"1","850","866","274",""
"1","850","1781","10208",""
"1","850","770","1",""
"1","851","648","921",""
"1","851","771","0",""
"1","851","866","275",""
"1","851","1781","10209",""
"1","851","771","1",""
"1","852","648","922",""
"1","852","772","0",""
"1","852","866","276",""
"1","852","1781","10210",""
"1","852","772","1",""
"1","853","648","923",""
"1","853","773","0",""
"1","853","866","277",""
"1","853","1781","10211",""
"1","853","773","1",""
"1","854","648","924",""
"1","854","774","0",""
"1","854","866","278",""
"1","854","1781","10212",""
"1","854","774","1",""
"1","855","648","925",""
"1","855","775","0",""
"1","855","866","279",""
"1","855","1781","10213",""
"1","855","775","1",""
"1","856","648","926",""
"1","856","776","0",""
"1","856","866","280",""
"1","856","1781","10214",""
"1","856","776","1",""
"1","857","648","927",""
"1","857","777","0",""
"1","857","866","281",""
"1","857","1781","10215",""
"1","857","777","1",""
"1","858","648","928",""
"1","858","778","0",""
"1","858","866","282",""
"1","858","1781","10216",""
"1","858","778","1",""
"1","859","648","929",""
"1","859","779","0",""
"1","859","866","283",""
"1","859","1781","10217",""
"1","859","779","1",""
"1","860","648","930",""
"1","860","780","0",""
"1","860","866","284",""
"1","860","1781","10218",""
"1","860","780","1",""
"1","861","648","931",""
"1","861","781","0",""
"1","861","866","285",""
"1","861","1781","10219",""
"1","861","781","1",""
"1","862","648","933",""
"1","862","783","0",""
"1","862","866","287",""
"1","862","1781","10221",""
"1","862","783","1",""
"1","863","648","934",""
"1","863","784","0",""
"1","863","866","288",""
"1","863","1781","10222",""
"1","863","784","1",""
"1","864","648","935",""
"1","864","785","0",""
"1","864","866","289",""
"1","864","1781","10223",""
"1","864","785","1",""
"1","865","648","936",""
"1","865","786","0",""
"1","865","866","290",""
"1","865","1781","10224",""
"1","865","786","1",""
"1","866","648","937",""
"1","866","787","0",""
"1","866","866","291",""
"1","866","1781","10225",""
"1","866","787","1",""
"1","867","648","938",""
"1","867","788","0",""
"1","867","866","292",""
"1","867","1781","10226",""
"1","867","788","1",""
"1","868","648","939",""
"1","868","789","0",""
"1","868","866","293",""
"1","868","1781","10227",""
"1","868","789","1",""
"1","869","648","940",""
"1","869","790","0",""
"1","869","866","294",""
"1","869","1781","10228",""
"1","869","790","1",""
"1","870","648","941",""
"1","870","791","0",""
"1","870","866","295",""
"1","870","1781","10229",""
"1","870","791","1",""
"1","871","648","942",""
"1","871","792","0",""
"1","871","866","296",""
"1","871","1781","10230",""
"1","871","792","1",""
"1","872","648","943",""
"1","872","793","0",""
"1","872","866","297",""
"1","872","1781","10231",""
"1","872","793","1",""
"1","873","648","944",""
"1","873","794","0",""
"1","873","866","298",""
"1","873","1781","10232",""
"1","873","794","1",""
"1","874","648","946",""
"1","874","796","0",""
"1","874","866","300",""
"1","874","1781","10234",""
"1","874","796","1",""
"1","875","648","947",""
"1","875","797","0",""
"1","875","866","301",""
"1","875","1781","10235",""
"1","875","797","1",""
"1","876","648","948",""
"1","876","798","0",""
"1","876","866","302",""
"1","876","1781","10236",""
"1","876","798","1",""
"1","877","648","949",""
"1","877","799","0",""
"1","877","866","303",""
"1","877","1781","10237",""
"1","877","799","1",""
"1","878","648","950",""
"1","878","800","0",""
"1","878","866","304",""
"1","878","1781","10238",""
"1","878","800","1",""
"1","879","648","951",""
"1","879","801","0",""
"1","879","866","305",""
"1","879","1781","10239",""
"1","879","801","1",""
"1","880","648","952",""
"1","880","802","0",""
"1","880","866","306",""
"1","880","1781","10240",""
"1","880","802","1",""
"1","881","648","953",""
"1","881","803","0",""
"1","881","866","307",""
"1","881","1781","10241",""
"1","881","803","1",""
"1","882","648","955",""
"1","882","805","0",""
"1","882","866","309",""
"1","882","1781","10243",""
"1","882","805","1",""
"1","883","648","956",""
"1","883","806","0",""
"1","883","866","310",""
"1","883","1781","10244",""
"1","883","806","1",""
"1","884","648","957",""
"1","884","807","0",""
"1","884","866","311",""
"1","884","1781","10245",""
"1","884","807","1",""
"1","885","648","958",""
"1","885","808","0",""
"1","885","866","312",""
"1","885","1781","10246",""
"1","885","808","1",""
"1","886","648","959",""
"1","886","809","0",""
"1","886","866","313",""
"1","886","1781","10247",""
"1","886","809","1",""
"1","887","648","961",""
"1","887","811","0",""
"1","887","866","315",""
"1","887","1781","10249",""
"1","887","811","1",""
"1","888","648","962",""
"1","888","812","0",""
"1","888","866","316",""
"1","888","1781","10250",""
"1","888","812","1",""
"1","889","648","963",""
"1","889","813","0",""
"1","889","866","317",""
"1","889","1781","10251",""
"1","889","813","1",""
"1","890","648","964",""
"1","890","814","0",""
"1","890","866","318",""
"1","890","1781","10252",""
"1","890","814","1",""
"1","891","648","965",""
"1","891","815","0",""
"1","891","866","319",""
"1","891","1781","10253",""
"1","891","815","1",""
"1","892","648","966",""
"1","892","816","0",""
"1","892","866","320",""
"1","892","1781","10254",""
"1","892","816","1",""
"1","893","648","967",""
"1","893","817","0",""
"1","893","866","321",""
"1","893","1781","10255",""
"1","893","817","1",""
"1","894","648","968",""
"1","894","818","0",""
"1","894","866","322",""
"1","894","1781","10256",""
"1","894","818","1",""
"1","895","648","970",""
"1","895","820","0",""
"1","895","866","324",""
"1","895","1781","10258",""
"1","895","820","1",""
"1","896","648","972",""
"1","896","822","0",""
"1","896","866","326",""
"1","896","1781","10260",""
"1","896","822","1",""
"1","897","648","976",""
"1","897","826","0",""
"1","897","866","330",""
"1","897","1781","10264",""
"1","897","826","1",""
"1","898","648","977",""
"1","898","827","0",""
"1","898","866","331",""
"1","898","1781","10265",""
"1","898","827","1",""
"1","899","648","978",""
"1","899","828","0",""
"1","899","866","332",""
"1","899","1781","10266",""
"1","899","828","1",""
"1","900","648","979",""
"1","900","829","0",""
"1","900","866","333",""
"1","900","1781","10267",""
"1","900","829","1",""
"1","901","648","980",""
"1","901","830","0",""
"1","901","866","334",""
"1","901","1781","10268",""
"1","901","830","1",""
"1","902","648","981",""
"1","902","831","0",""
"1","902","866","335",""
"1","902","1781","10269",""
"1","902","831","1",""
"1","903","648","982",""
"1","903","832","0",""
"1","903","866","336",""
"1","903","1781","10270",""
"1","903","832","1",""
"2","1","648","983",""
"2","1","833","0",""
"2","1","866","337",""
"2","1","1781","10271",""
"2","1","833","1",""
"2","2","648","984",""
"2","2","834","0",""
"2","2","866","338",""
"2","2","1781","10272",""
"2","2","834","1",""
"2","3","648","985",""
"2","3","835","0",""
"2","3","866","339",""
"2","3","1781","10273",""
"2","3","835","1",""
"2","4","648","986",""
"2","4","836","0",""
"2","4","866","340",""
"2","4","1781","10274",""
"2","4","836","1",""
"2","5","648","987",""
"2","5","837","0",""
"2","5","866","341",""
"2","5","1781","10275",""
"2","5","837","1",""
"2","6","648","988",""
"2","6","838","0",""
"2","6","866","342",""
"2","6","1781","10276",""
"2","6","838","1",""
"2","7","648","989",""
"2","7","839","0",""
"2","7","866","343",""
"2","7","1781","10277",""
"2","7","839","1",""
"2","8","648","990",""
"2","8","840","0",""
"2","8","866","344",""
"2","8","1781","10278",""
"2","8","840","1",""
"2","9","648","991",""
"2","9","841","0",""
"2","9","866","345",""
"2","9","1781","10279",""
"2","9","841","1",""
"2","10","648","992",""
"2","10","842","0",""
"2","10","866","346",""
"2","10","1781","10280",""
"2","10","842","1",""
"2","11","648","993",""
"2","11","843","0",""
"2","11","866","347",""
"2","11","1781","10281",""
"2","11","843","1",""
"2","12","648","994",""
"2","12","844","0",""
"2","12","866","348",""
"2","12","1781","10282",""
"2","12","844","1",""
"2","13","648","995",""
"2","13","845","0",""
"2","13","866","349",""
"2","13","1781","10283",""
"2","13","845","1",""
"2","14","648","996",""
"2","14","846","0",""
"2","14","866","350",""
"2","14","1781","10284",""
"2","14","846","1",""
"2","15","648","997",""
"2","15","847","0",""
"2","15","866","351",""
"2","15","1781","10285",""
"2","15","847","1",""
"2","16","650","1683",""
"2","16","650","1722",""
"2","16","650","1723",""
"2","16","650","1738",""
"2","16","650","1746",""
"2","17","650","1684",""
"2","17","650","1710",""
"2","17","650","1717",""
"2","17","650","1718",""
"2","17","650","1727",""
"2","18","24","12",""
"2","18","641","16",""
"2","18","643","2",""
"2","18","866","20",""
"2","19","641","21",""
"2","19","644","11",""
"2","19","645","21",""
"2","19","648","17",""
"2","20","641","22",""
"2","20","644","12",""
"2","20","645","22",""
"2","20","648","16",""
"2","21","641","69",""
"2","21","644","29",""
"2","21","645","47",""
"2","21","648","59",""
"2","22","641","91",""
"2","22","641","92",""
"2","22","641","93",""
"2","22","641","94",""
"2","23","641","849",""
"2","23","644","799",""
"2","23","645","842",""
"2","23","1781","8503",""
"2","24","641","850",""
"2","24","644","800",""
"2","24","645","843",""
"2","24","1781","8504",""
"2","25","641","851",""
"2","25","644","801",""
"2","25","645","844",""
"2","25","1781","8505",""
"2","26","641","852",""
"2","26","644","802",""
"2","26","645","845",""
"2","26","1781","8506",""
"2","27","641","853",""
"2","27","644","803",""
"2","27","645","846",""
"2","27","1781","8507",""
"2","28","641","854",""
"2","28","644","804",""
"2","28","645","847",""
"2","28","1781","8508",""
"2","29","641","855",""
"2","29","644","805",""
"2","29","645","848",""
"2","29","1781","8509",""
"2","30","641","856",""
"2","30","644","806",""
"2","30","645","849",""
"2","30","1781","8510",""
"2","31","641","857",""
"2","31","644","807",""
"2","31","645","850",""
"2","31","1781","8511",""
"2","32","641","858",""
"2","32","644","808",""
"2","32","645","851",""
"2","32","1781","8512",""
"2","33","641","859",""
"2","33","644","809",""
"2","33","645","852",""
"2","33","1781","8513",""
"2","34","641","860",""
"2","34","644","810",""
"2","34","645","853",""
"2","34","1781","8514",""
"2","35","641","861",""
"2","35","644","811",""
"2","35","645","854",""
"2","35","1781","8515",""
"2","36","641","862",""
"2","36","644","812",""
"2","36","645","855",""
"2","36","1781","8516",""
"2","37","641","863",""
"2","37","644","813",""
"2","37","645","856",""
"2","37","1781","8517",""
"2","38","641","864",""
"2","38","644","814",""
"2","38","645","857",""
"2","38","1781","8518",""
"2","39","641","865",""
"2","39","644","815",""
"2","39","645","858",""
"2","39","1781","8519",""
"2","40","641","866",""
"2","40","644","816",""
"2","40","645","859",""
"2","40","1781","8520",""
"2","41","641","867",""
"2","41","644","817",""
"2","41","645","860",""
"2","41","1781","8521",""
"2","42","641","868",""
"2","42","644","818",""
"2","42","645","861",""
"2","42","1781","8522",""
"2","43","641","869",""
"2","43","644","819",""
"2","43","645","862",""
"2","43","1781","8523",""
"2","44","641","870",""
"2","44","644","820",""
"2","44","645","863",""
"2","44","1781","8524",""
"2","45","641","871",""
"2","45","644","821",""
"2","45","645","864",""
"2","45","1781","8525",""
"2","46","641","872",""
"2","46","644","822",""
"2","46","645","865",""
"2","46","1781","8526",""
"2","47","641","873",""
"2","47","644","823",""
"2","47","645","866",""
"2","47","1781","8527",""
"2","48","641","874",""
"2","48","644","824",""
"2","48","645","867",""
"2","48","1781","8528",""
"2","49","641","875",""
"2","49","644","825",""
"2","49","645","868",""
"2","49","1781","8529",""
"2","50","641","876",""
"2","50","644","826",""
"2","50","645","869",""
"2","50","1781","8530",""
"2","51","641","877",""
"2","51","644","827",""
"2","51","645","870",""
"2","51","1781","8531",""
"2","52","641","878",""
"2","52","644","828",""
"2","52","645","871",""
"2","52","1781","8532",""
"2","53","641","879",""
"2","53","644","829",""
"2","53","645","872",""
"2","53","1781","8533",""
"2","54","641","880",""
"2","54","644","830",""
"2","54","645","873",""
"2","54","1781","8534",""
"2","55","641","882",""
"2","55","644","832",""
"2","55","645","875",""
"2","55","1781","8536",""
"2","56","641","883",""
"2","56","644","833",""
"2","56","645","876",""
"2","56","1781","8537",""
"2","57","641","884",""
"2","57","644","834",""
"2","57","645","877",""
"2","57","1781","8538",""
"2","58","641","886",""
"2","58","644","836",""
"2","58","645","879",""
"2","58","1781","8540",""
"2","59","641","887",""
"2","59","644","837",""
"2","59","645","880",""
"2","59","1781","8541",""
"2","60","641","888",""
"2","60","644","838",""
"2","60","645","881",""
"2","60","1781","8542",""
"2","61","641","889",""
"2","61","644","839",""
"2","61","645","882",""
"2","61","1781","8543",""
"2","62","641","890",""
"2","62","644","840",""
"2","62","645","883",""
"2","62","1781","8544",""
"2","63","641","891",""
"2","63","644","841",""
"2","63","645","884",""
"2","63","1781","8545",""
"2","64","641","892",""
"2","64","644","842",""
"2","64","645","885",""
"2","64","1781","8546",""
"2","65","641","893",""
"2","65","644","843",""
"2","65","645","886",""
"2","65","1781","8547",""
"2","66","641","894",""
"2","66","644","844",""
"2","66","645","887",""
"2","66","1781","8548",""
"2","67","641","895",""
"2","67","644","845",""
"2","67","645","888",""
"2","67","1781","8549",""
"2","68","641","896",""
"2","68","644","846",""
"2","68","645","889",""
"2","68","1781","8550",""
"2","69","641","897",""
"2","69","644","847",""
"2","69","645","890",""
"2","69","1781","8551",""
"2","70","641","898",""
"2","70","644","848",""
"2","70","645","891",""
"2","70","1781","8552",""
"2","71","641","899",""
"2","71","644","849",""
"2","71","645","892",""
"2","71","1781","8553",""
"2","72","641","900",""
"2","72","644","850",""
"2","72","645","893",""
"2","72","1781","8554",""
"2","73","641","901",""
"2","73","644","851",""
"2","73","645","894",""
"2","73","1781","8555",""
"2","74","641","902",""
"2","74","644","852",""
"2","74","645","895",""
"2","74","1781","8556",""
"2","75","641","903",""
"2","75","644","853",""
"2","75","645","896",""
"2","75","1781","8557",""
"2","76","641","904",""
"2","76","644","854",""
"2","76","645","897",""
"2","76","1781","8558",""
"2","77","641","905",""
"2","77","644","855",""
"2","77","645","898",""
"2","77","1781","8559",""
"2","78","641","906",""
"2","78","644","856",""
"2","78","645","899",""
"2","78","1781","8560",""
"2","79","641","907",""
"2","79","644","857",""
"2","79","645","900",""
"2","79","1781","8561",""
"2","80","641","908",""
"2","80","644","858",""
"2","80","645","901",""
"2","80","1781","8562",""
"2","81","641","909",""
"2","81","644","859",""
"2","81","645","902",""
"2","81","1781","8563",""
"2","82","641","910",""
"2","82","644","860",""
"2","82","645","903",""
"2","82","1781","8564",""
"2","83","641","911",""
"2","83","644","861",""
"2","83","645","904",""
"2","83","1781","8565",""
"2","84","641","912",""
"2","84","644","862",""
"2","84","645","905",""
"2","84","1781","8566",""
"2","85","641","913",""
"2","85","644","863",""
"2","85","645","906",""
"2","85","1781","8567",""
"2","86","641","914",""
"2","86","644","864",""
"2","86","645","907",""
"2","86","1781","8568",""
"2","87","641","915",""
"2","87","644","865",""
"2","87","645","908",""
"2","87","1781","8569",""
"2","88","641","916",""
"2","88","644","866",""
"2","88","645","909",""
"2","88","1781","8570",""
"2","89","641","917",""
"2","89","644","867",""
"2","89","645","910",""
"2","89","1781","8571",""
"2","90","641","918",""
"2","90","644","868",""
"2","90","645","911",""
"2","90","1781","8572",""
"2","91","641","919",""
"2","91","644","869",""
"2","91","645","912",""
"2","91","1781","8573",""
"2","92","641","920",""
"2","92","644","870",""
"2","92","645","913",""
"2","92","1781","8574",""
"2","93","641","921",""
"2","93","644","871",""
"2","93","645","914",""
"2","93","1781","8575",""
"2","94","641","922",""
"2","94","644","872",""
"2","94","645","915",""
"2","94","1781","8576",""
"2","95","641","923",""
"2","95","644","873",""
"2","95","645","916",""
"2","95","1781","8577",""
"2","96","641","924",""
"2","96","644","874",""
"2","96","645","917",""
"2","96","1781","8578",""
"2","97","641","925",""
"2","97","644","875",""
"2","97","645","918",""
"2","97","1781","8579",""
"2","98","641","926",""
"2","98","644","876",""
"2","98","645","919",""
"2","98","1781","8580",""
"2","99","641","927",""
"2","99","644","877",""
"2","99","645","920",""
"2","99","1781","8581",""
"2","100","641","928",""
"2","100","644","878",""
"2","100","645","921",""
"2","100","1781","8582",""
"2","101","641","929",""
"2","101","644","879",""
"2","101","645","922",""
"2","101","1781","8583",""
"2","102","641","930",""
"2","102","644","880",""
"2","102","645","923",""
"2","102","1781","8584",""
"2","103","641","931",""
"2","103","644","881",""
"2","103","645","924",""
"2","103","1781","8585",""
"2","104","641","932",""
"2","104","644","882",""
"2","104","645","925",""
"2","104","1781","8586",""
"2","105","641","933",""
"2","105","644","883",""
"2","105","645","926",""
"2","105","1781","8587",""
"2","106","641","934",""
"2","106","644","884",""
"2","106","645","927",""
"2","106","1781","8588",""
"2","107","641","935",""
"2","107","644","885",""
"2","107","645","928",""
"2","107","1781","8589",""
"2","108","641","936",""
"2","108","644","886",""
"2","108","645","929",""
"2","108","1781","8590",""
"2","109","641","937",""
"2","109","644","887",""
"2","109","645","930",""
"2","109","1781","8591",""
"2","110","641","938",""
"2","110","644","888",""
"2","110","645","931",""
"2","110","1781","8592",""
"2","111","641","939",""
"2","111","644","889",""
"2","111","645","932",""
"2","111","1781","8593",""
"2","112","641","940",""
"2","112","644","890",""
"2","112","645","933",""
"2","112","1781","8594",""
"2","113","641","941",""
"2","113","644","891",""
"2","113","645","934",""
"2","113","1781","8595",""
"2","114","641","942",""
"2","114","644","892",""
"2","114","645","935",""
"2","114","1781","8596",""
"2","115","641","943",""
"2","115","644","893",""
"2","115","645","936",""
"2","115","1781","8597",""
"2","116","641","946",""
"2","116","644","896",""
"2","116","645","939",""
"2","116","1781","8600",""
"2","117","641","947",""
"2","117","644","897",""
"2","117","645","940",""
"2","117","1781","8601",""
"2","118","641","948",""
"2","118","644","898",""
"2","118","645","941",""
"2","118","1781","8602",""
"2","119","641","1051",""
"2","119","644","1001",""
"2","119","645","1044",""
"2","119","1781","8705",""
"2","120","641","1052",""
"2","120","644","1002",""
"2","120","645","1045",""
"2","120","1781","8706",""
"2","121","641","1053",""
"2","121","644","1003",""
"2","121","645","1046",""
"2","121","1781","8707",""
"2","122","641","1054",""
"2","122","644","1004",""
"2","122","645","1047",""
"2","122","1781","8708",""
"2","123","641","1055",""
"2","123","644","1005",""
"2","123","645","1048",""
"2","123","1781","8709",""
"2","124","641","1056",""
"2","124","644","1006",""
"2","124","645","1049",""
"2","124","1781","8710",""
"2","125","641","1057",""
"2","125","644","1007",""
"2","125","645","1050",""
"2","125","1781","8711",""
"2","126","641","1058",""
"2","126","644","1008",""
"2","126","645","1051",""
"2","126","1781","8712",""
"2","127","641","1059",""
"2","127","644","1009",""
"2","127","645","1052",""
"2","127","1781","8713",""
"2","128","641","1061",""
"2","128","644","1011",""
"2","128","645","1054",""
"2","128","1781","8715",""
"2","129","641","1062",""
"2","129","644","1012",""
"2","129","645","1055",""
"2","129","1781","8716",""
"2","130","641","1063",""
"2","130","644","1013",""
"2","130","645","1056",""
"2","130","1781","8717",""
"2","131","641","1064",""
"2","131","644","1014",""
"2","131","645","1057",""
"2","131","1781","8718",""
"2","132","641","1065",""
"2","132","644","1015",""
"2","132","645","1058",""
"2","132","1781","8719",""
"2","133","641","1067",""
"2","133","644","1017",""
"2","133","645","1060",""
"2","133","1781","8721",""
"2","134","641","1068",""
"2","134","644","1018",""
"2","134","645","1061",""
"2","134","1781","8722",""
"2","135","641","1069",""
"2","135","644","1019",""
"2","135","645","1062",""
"2","135","1781","8723",""
"2","136","641","1070",""
"2","136","644","1020",""
"2","136","645","1063",""
"2","136","1781","8724",""
"2","137","641","1071",""
"2","137","644","1021",""
"2","137","645","1064",""
"2","137","1781","8725",""
"2","138","641","1072",""
"2","138","644","1022",""
"2","138","645","1065",""
"2","138","1781","8726",""
"2","139","641","1073",""
"2","139","644","1023",""
"2","139","645","1066",""
"2","139","1781","8727",""
"2","140","641","1074",""
"2","140","644","1024",""
"2","140","645","1067",""
"2","140","1781","8728",""
"2","141","641","1075",""
"2","141","644","1025",""
"2","141","645","1068",""
"2","141","1781","8729",""
"2","142","641","1076",""
"2","142","644","1026",""
"2","142","645","1069",""
"2","142","1781","8730",""
"2","143","641","1077",""
"2","143","644","1027",""
"2","143","645","1070",""
"2","143","1781","8731",""
"2","144","641","1078",""
"2","144","644","1028",""
"2","144","645","1071",""
"2","144","1781","8732",""
"2","145","641","1079",""
"2","145","644","1029",""
"2","145","645","1072",""
"2","145","1781","8733",""
"2","146","641","1080",""
"2","146","644","1030",""
"2","146","645","1073",""
"2","146","1781","8734",""
"2","147","641","1081",""
"2","147","644","1031",""
"2","147","645","1074",""
"2","147","1781","8735",""
"2","148","641","1082",""
"2","148","644","1032",""
"2","148","645","1075",""
"2","148","1781","8736",""
"2","149","641","1083",""
"2","149","644","1033",""
"2","149","645","1076",""
"2","149","1781","8737",""
"2","150","641","1084",""
"2","150","644","1034",""
"2","150","645","1077",""
"2","150","1781","8738",""
"2","151","641","1085",""
"2","151","644","1035",""
"2","151","645","1078",""
"2","151","1781","8739",""
"2","152","641","1086",""
"2","152","644","1036",""
"2","152","645","1079",""
"2","152","1781","8740",""
"2","153","641","1087",""
"2","153","644","1037",""
"2","153","645","1080",""
"2","153","1781","8741",""
"2","154","641","1088",""
"2","154","644","1038",""
"2","154","645","1081",""
"2","154","1781","8742",""
"2","155","641","1089",""
"2","155","644","1039",""
"2","155","645","1082",""
"2","155","1781","8743",""
"2","156","641","1090",""
"2","156","644","1040",""
"2","156","645","1083",""
"2","156","1781","8744",""
"2","157","641","1091",""
"2","157","644","1041",""
"2","157","645","1084",""
"2","157","1781","8745",""
"2","158","641","1092",""
"2","158","644","1042",""
"2","158","645","1085",""
"2","158","1781","8746",""
"2","159","641","1093",""
"2","159","644","1043",""
"2","159","645","1086",""
"2","159","1781","8747",""
"2","160","641","1094",""
"2","160","644","1044",""
"2","160","645","1087",""
"2","160","1781","8748",""
"2","161","641","1095",""
"2","161","644","1045",""
"2","161","645","1088",""
"2","161","1781","8749",""
"2","162","641","1096",""
"2","162","644","1046",""
"2","162","645","1089",""
"2","162","1781","8750",""
"2","163","641","1097",""
"2","163","644","1047",""
"2","163","645","1090",""
"2","163","1781","8751",""
"2","164","641","1098",""
"2","164","644","1048",""
"2","164","645","1091",""
"2","164","1781","8752",""
"2","165","641","1099",""
"2","165","644","1049",""
"2","165","645","1092",""
"2","165","1781","8753",""
"2","166","641","1100",""
"2","166","644","1050",""
"2","166","645","1093",""
"2","166","1781","8754",""
"2","167","641","1101",""
"2","167","644","1051",""
"2","167","645","1094",""
"2","167","1781","8755",""
"2","168","641","1102",""
"2","168","644","1052",""
"2","168","645","1095",""
"2","168","1781","8756",""
"2","169","641","1117",""
"2","169","644","1067",""
"2","169","645","1110",""
"2","169","1781","8771",""
"2","170","641","1118",""
"2","170","644","1068",""
"2","170","645","1111",""
"2","170","1781","8772",""
"2","171","641","1119",""
"2","171","644","1069",""
"2","171","645","1112",""
"2","171","1781","8773",""
"2","172","641","1120",""
"2","172","644","1070",""
"2","172","645","1113",""
"2","172","1781","8774",""
"2","173","641","1420",""
"2","173","644","1370",""
"2","173","645","1413",""
"2","173","1781","9074",""
"2","174","641","1422",""
"2","174","644","1372",""
"2","174","645","1415",""
"2","174","1781","9076",""
"2","175","641","1423",""
"2","175","644","1373",""
"2","175","645","1416",""
"2","175","1781","9077",""
"2","176","641","1424",""
"2","176","644","1374",""
"2","176","645","1417",""
"2","176","1781","9078",""
"2","177","641","1425",""
"2","177","644","1375",""
"2","177","645","1418",""
"2","177","1781","9079",""
"2","178","641","1426",""
"2","178","644","1376",""
"2","178","645","1419",""
"2","178","1781","9080",""
"2","179","641","1437",""
"2","179","644","1387",""
"2","179","645","1430",""
"2","179","1781","9091",""
"2","180","641","1526",""
"2","180","644","1476",""
"2","180","645","1519",""
"2","180","644","1825",""
"2","181","641","1527",""
"2","181","644","1477",""
"2","181","645","1520",""
"2","181","644","1826",""
"2","182","641","1528",""
"2","182","644","1478",""
"2","182","645","1521",""
"2","182","644","1827",""
"2","183","641","1529",""
"2","183","644","1479",""
"2","183","645","1522",""
"2","183","1781","9183",""
"2","184","641","1530",""
"2","184","644","1480",""
"2","184","645","1523",""
"2","184","1781","9184",""
"2","185","641","1539",""
"2","185","644","1489",""
"2","185","645","1532",""
"2","185","1781","9193",""
"2","186","641","1540",""
"2","186","644","1490",""
"2","186","645","1533",""
"2","186","1781","9194",""
"2","187","641","1542",""
"2","187","644","1492",""
"2","187","645","1535",""
"2","187","1781","9196",""
"2","188","641","1573",""
"2","188","644","1523",""
"2","188","645","1566",""
"2","188","1781","9227",""
"2","189","641","1574",""
"2","189","644","1524",""
"2","189","645","1567",""
"2","189","1781","9228",""
"2","190","641","1575",""
"2","190","644","1525",""
"2","190","645","1568",""
"2","190","1781","9229",""
"2","191","641","1576",""
"2","191","644","1526",""
"2","191","645","1569",""
"2","191","1781","9230",""
"2","192","641","1577",""
"2","192","644","1527",""
"2","192","645","1570",""
"2","192","1781","9231",""
"2","193","641","1582",""
"2","193","644","1532",""
"2","193","645","1575",""
"2","193","1781","9236",""
"2","194","641","1600",""
"2","194","644","1550",""
"2","194","645","1593",""
"2","194","1781","13497",""
"2","195","641","1601",""
"2","195","644","1551",""
"2","195","645","1594",""
"2","195","1781","13498",""
"2","196","641","1602",""
"2","196","644","1552",""
"2","196","645","1595",""
"2","196","1781","13499",""
"2","197","641","1603",""
"2","197","644","1553",""
"2","197","645","1596",""
"2","197","1781","13500",""
"2","198","641","1604",""
"2","198","644","1554",""
"2","198","645","1597",""
"2","198","1781","13501",""
"2","199","641","1605",""
"2","199","644","1555",""
"2","199","645","1598",""
"2","199","1781","13502",""
"2","200","641","1606",""
"2","200","644","1556",""
"2","200","645","1599",""
"2","200","1781","13503",""
"2","201","641","1607",""
"2","201","644","1557",""
"2","201","645","1600",""
"2","201","1781","13504",""
"2","202","641","1608",""
"2","202","644","1558",""
"2","202","645","1601",""
"2","202","1781","13505",""
"2","203","641","1609",""
"2","203","644","1559",""
"2","203","645","1602",""
"2","203","1781","13506",""
"2","204","641","1610",""
"2","204","644","1560",""
"2","204","645","1603",""
"2","204","1781","13507",""
"2","205","641","1611",""
"2","205","644","1561",""
"2","205","645","1604",""
"2","205","1781","13508",""
"2","206","641","1612",""
"2","206","644","1562",""
"2","206","645","1605",""
"2","206","1781","13509",""
"2","207","641","1613",""
"2","207","644","1563",""
"2","207","645","1606",""
"2","207","1781","13510",""
"2","208","641","1614",""
"2","208","644","1564",""
"2","208","645","1607",""
"2","208","1781","13511",""
"2","209","641","1615",""
"2","209","644","1565",""
"2","209","645","1608",""
"2","209","1781","13512",""
"2","210","641","1616",""
"2","210","644","1566",""
"2","210","645","1609",""
"2","210","1781","13513",""
"2","211","641","1618",""
"2","211","644","1568",""
"2","211","645","1611",""
"2","211","1781","13515",""
"2","212","641","1619",""
"2","212","644","1569",""
"2","212","645","1612",""
"2","212","1781","13516",""
"2","213","641","1620",""
"2","213","644","1570",""
"2","213","645","1613",""
"2","213","1781","13517",""
"2","214","641","1622",""
"2","214","644","1572",""
"2","214","645","1615",""
"2","214","1781","13519",""
"2","215","641","1623",""
"2","215","644","1573",""
"2","215","645","1616",""
"2","215","1781","13520",""
"2","216","641","1624",""
"2","216","644","1574",""
"2","216","645","1617",""
"2","216","1781","13521",""
"2","217","641","1628",""
"2","217","644","1578",""
"2","217","645","1621",""
"2","217","1781","13525",""
"2","218","641","1632",""
"2","218","644","1582",""
"2","218","645","1625",""
"2","218","1781","13529",""
"2","219","641","1633",""
"2","219","644","1583",""
"2","219","645","1626",""
"2","219","1781","13530",""
"2","220","641","1634",""
"2","220","644","1584",""
"2","220","645","1627",""
"2","220","1781","13531",""
"2","221","641","1635",""
"2","221","644","1585",""
"2","221","645","1628",""
"2","221","1781","13532",""
"2","222","641","1636",""
"2","222","644","1586",""
"2","222","645","1629",""
"2","222","1781","13533",""
"2","223","641","1637",""
"2","223","644","1587",""
"2","223","645","1630",""
"2","223","1781","13534",""
"2","224","641","1638",""
"2","224","644","1588",""
"2","224","645","1631",""
"2","224","1781","13535",""
"2","225","641","1639",""
"2","225","644","1589",""
"2","225","645","1632",""
"2","225","1781","13536",""
"2","226","641","1640",""
"2","226","644","1590",""
"2","226","645","1633",""
"2","226","1781","13537",""
"2","227","641","1641",""
"2","227","644","1591",""
"2","227","645","1634",""
"2","227","1781","13538",""
"2","228","641","1642",""
"2","228","644","1592",""
"2","228","645","1635",""
"2","228","1781","13539",""
"2","229","641","1643",""
"2","229","644","1593",""
"2","229","645","1636",""
"2","229","1781","13540",""
"2","230","641","1644",""
"2","230","644","1594",""
"2","230","645","1637",""
"2","230","1781","13541",""
"2","231","641","1645",""
"2","231","644","1595",""
"2","231","645","1638",""
"2","231","1781","13542",""
"2","232","641","1646",""
"2","232","644","1596",""
"2","232","645","1639",""
"2","232","1781","13543",""
"2","233","641","1647",""
"2","233","644","1597",""
"2","233","645","1640",""
"2","233","1781","13544",""
"2","234","641","1648",""
"2","234","644","1598",""
"2","234","645","1641",""
"2","234","1781","13545",""
"2","235","641","1649",""
"2","235","644","1599",""
"2","235","645","1642",""
"2","235","1781","13546",""
"2","236","641","1650",""
"2","236","644","1600",""
"2","236","645","1643",""
"2","236","1781","13547",""
"2","237","641","1651",""
"2","237","644","1601",""
"2","237","645","1644",""
"2","237","1781","13548",""
"2","238","641","1652",""
"2","238","644","1602",""
"2","238","645","1645",""
"2","238","1781","13549",""
"2","239","641","1653",""
"2","239","644","1603",""
"2","239","645","1646",""
"2","239","1781","13550",""
"2","240","641","1654",""
"2","240","644","1604",""
"2","240","645","1647",""
"2","240","1781","13551",""
"2","241","641","1655",""
"2","241","644","1605",""
"2","241","645","1648",""
"2","241","1781","13552",""
"2","242","641","1656",""
"2","242","644","1606",""
"2","242","645","1649",""
"2","242","1781","13553",""
"2","243","641","1657",""
"2","243","644","1607",""
"2","243","645","1650",""
"2","243","1781","13554",""
"2","244","641","1658",""
"2","244","644","1608",""
"2","244","645","1651",""
"2","244","1781","13555",""
"2","245","641","1659",""
"2","245","644","1609",""
"2","245","645","1652",""
"2","245","1781","13556",""
"2","246","641","1660",""
"2","246","644","1610",""
"2","246","645","1653",""
"2","246","1781","13557",""
"2","247","641","1666",""
"2","247","644","1616",""
"2","247","645","1659",""
"2","247","1781","13563",""
"2","248","641","1667",""
"2","248","644","1617",""
"2","248","645","1660",""
"2","248","1781","13564",""
"2","249","641","1668",""
"2","249","644","1618",""
"2","249","645","1661",""
"2","249","1781","13565",""
"2","250","641","1671",""
"2","250","644","1621",""
"2","250","645","1664",""
"2","250","1781","13568",""
"2","251","641","1672",""
"2","251","644","1622",""
"2","251","645","1665",""
"2","251","1781","13569",""
"2","252","641","1673",""
"2","252","644","1623",""
"2","252","645","1666",""
"2","252","1781","13570",""
"2","253","641","1674",""
"2","253","644","1624",""
"2","253","645","1667",""
"2","253","1781","13571",""
"2","254","641","1675",""
"2","254","644","1625",""
"2","254","645","1668",""
"2","254","1781","13572",""
"2","255","641","1676",""
"2","255","644","1626",""
"2","255","645","1669",""
"2","255","1781","13573",""
"2","256","641","1677",""
"2","256","644","1627",""
"2","256","645","1670",""
"2","256","1781","13574",""
"2","257","641","1680",""
"2","257","644","1630",""
"2","257","645","1673",""
"2","257","1781","13577",""
"2","258","641","1681",""
"2","258","644","1631",""
"2","258","645","1674",""
"2","258","1781","13578",""
"2","259","641","1682",""
"2","259","644","1632",""
"2","259","645","1675",""
"2","259","1781","13579",""
"2","260","641","1686",""
"2","260","644","1636",""
"2","260","645","1679",""
"2","260","1781","13583",""
"2","261","641","1687",""
"2","261","644","1637",""
"2","261","645","1680",""
"2","261","1781","13584",""
"2","262","641","1690",""
"2","262","644","1640",""
"2","262","645","1683",""
"2","262","1781","13587",""
"2","263","641","1691",""
"2","263","644","1641",""
"2","263","645","1684",""
"2","263","1781","13588",""
"2","264","641","1692",""
"2","264","644","1642",""
"2","264","645","1685",""
"2","264","1781","13589",""
"2","265","641","1700",""
"2","265","644","1650",""
"2","265","645","1693",""
"2","265","1781","13597",""
"2","266","641","1701",""
"2","266","644","1651",""
"2","266","645","1694",""
"2","266","1781","13598",""
"2","267","641","1702",""
"2","267","644","1652",""
"2","267","645","1695",""
"2","267","1781","13599",""
"2","268","641","1705",""
"2","268","644","1655",""
"2","268","645","1698",""
"2","268","1781","13602",""
"2","269","641","1706",""
"2","269","644","1656",""
"2","269","645","1699",""
"2","269","1781","13603",""
"2","270","641","1707",""
"2","270","644","1657",""
"2","270","645","1700",""
"2","270","1781","13604",""
"2","271","641","1710",""
"2","271","644","1660",""
"2","271","645","1703",""
"2","271","1781","13607",""
"2","272","641","1711",""
"2","272","644","1661",""
"2","272","645","1704",""
"2","272","1781","13608",""
"2","273","641","1712",""
"2","273","644","1662",""
"2","273","645","1705",""
"2","273","1781","13609",""
"2","274","641","1720",""
"2","274","644","1670",""
"2","274","645","1713",""
"2","274","1781","13617",""
"2","275","641","1721",""
"2","275","644","1671",""
"2","275","645","1714",""
"2","275","1781","13618",""
"2","276","641","1722",""
"2","276","644","1672",""
"2","276","645","1715",""
"2","276","1781","13619",""
"2","277","641","1725",""
"2","277","644","1675",""
"2","277","645","1718",""
"2","277","1781","13622",""
"2","278","641","1726",""
"2","278","644","1676",""
"2","278","645","1719",""
"2","278","1781","13623",""
"2","279","641","1728",""
"2","279","644","1678",""
"2","279","645","1721",""
"2","279","1781","13625",""
"2","280","641","1730",""
"2","280","644","1680",""
"2","280","645","1723",""
"2","280","1781","13627",""
"2","281","641","1731",""
"2","281","644","1681",""
"2","281","645","1724",""
"2","281","1781","13628",""
"2","282","641","1732",""
"2","282","644","1682",""
"2","282","645","1725",""
"2","282","1781","13629",""
"2","283","641","1733",""
"2","283","644","1683",""
"2","283","645","1726",""
"2","283","1781","13630",""
"2","284","641","1734",""
"2","284","644","1684",""
"2","284","645","1727",""
"2","284","1781","13631",""
"2","285","641","1735",""
"2","285","644","1685",""
"2","285","645","1728",""
"2","285","1781","13632",""
"2","286","641","1736",""
"2","286","644","1686",""
"2","286","645","1729",""
"2","286","1781","13633",""
"2","287","641","1737",""
"2","287","644","1687",""
"2","287","645","1730",""
"2","287","1781","13634",""
"2","288","641","1738",""
"2","288","644","1688",""
"2","288","645","1731",""
"2","288","1781","13635",""
"2","289","641","1739",""
"2","289","644","1689",""
"2","289","645","1732",""
"2","289","1781","13636",""
"2","290","641","1740",""
"2","290","644","1690",""
"2","290","645","1733",""
"2","290","1781","13637",""
"2","291","641","1741",""
"2","291","644","1691",""
"2","291","645","1734",""
"2","291","1781","13638",""
"2","292","641","1742",""
"2","292","644","1692",""
"2","292","645","1735",""
"2","292","1781","13639",""
"2","293","641","1743",""
"2","293","644","1693",""
"2","293","645","1736",""
"2","293","1781","13640",""
"2","294","641","1744",""
"2","294","644","1694",""
"2","294","645","1737",""
"2","294","1781","13641",""
"2","295","641","1745",""
"2","295","644","1695",""
"2","295","645","1738",""
"2","295","1781","13642",""
"2","296","641","1746",""
"2","296","644","1696",""
"2","296","645","1739",""
"2","296","1781","13643",""
"2","297","641","1747",""
"2","297","644","1697",""
"2","297","645","1740",""
"2","297","1781","13644",""
"2","298","641","1748",""
"2","298","644","1698",""
"2","298","645","1741",""
"2","298","1781","13645",""
"2","299","641","1749",""
"2","299","644","1699",""
"2","299","645","1742",""
"2","299","1781","13646",""
"2","300","641","1750",""
"2","300","644","1700",""
"2","300","645","1743",""
"2","300","1781","13647",""
"2","301","641","1751",""
"2","301","644","1701",""
"2","301","645","1744",""
"2","301","1781","13648",""
"2","302","641","1752",""
"2","302","644","1702",""
"2","302","645","1745",""
"2","302","1781","13649",""
"2","303","641","1753",""
"2","303","644","1703",""
"2","303","645","1746",""
"2","303","1781","13650",""
"2","304","641","1754",""
"2","304","644","1704",""
"2","304","645","1747",""
"2","304","1781","13651",""
"2","305","641","1755",""
"2","305","644","1705",""
"2","305","645","1748",""
"2","305","1781","13652",""
"2","306","641","1756",""
"2","306","644","1706",""
"2","306","645","1749",""
"2","306","1781","13653",""
"2","307","641","1757",""
"2","307","644","1707",""
"2","307","645","1750",""
"2","307","1781","13654",""
"2","308","641","1758",""
"2","308","644","1708",""
"2","308","645","1751",""
"2","308","1781","13655",""
"2","309","641","1759",""
"2","309","644","1709",""
"2","309","645","1752",""
"2","309","1781","13656",""
"2","310","641","1760",""
"2","310","644","1710",""
"2","310","645","1753",""
"2","310","1781","13657",""
"2","311","641","1761",""
"2","311","644","1711",""
"2","311","645","1754",""
"2","311","1781","13658",""
"2","312","641","1762",""
"2","312","644","1712",""
"2","312","645","1755",""
"2","312","1781","13659",""
"2","313","641","1763",""
"2","313","644","1713",""
"2","313","645","1756",""
"2","313","1781","13660",""
"2","314","641","1764",""
"2","314","644","1714",""
"2","314","645","1757",""
"2","314","1781","13661",""
"2","315","641","1765",""
"2","315","644","1715",""
"2","315","645","1758",""
"2","315","1781","13662",""
"2","316","641","1766",""
"2","316","644","1716",""
"2","316","645","1759",""
"2","316","1781","13663",""
"2","317","641","1767",""
"2","317","644","1717",""
"2","317","645","1760",""
"2","317","1781","13664",""
"2","318","641","1768",""
"2","318","644","1718",""
"2","318","645","1761",""
"2","318","1781","13665",""
"2","319","641","1769",""
"2","319","644","1719",""
"2","319","645","1762",""
"2","319","1781","13666",""
"2","320","641","1770",""
"2","320","644","1720",""
"2","320","645","1763",""
"2","320","1781","13667",""
"2","321","641","1771",""
"2","321","644","1721",""
"2","321","645","1764",""
"2","321","1781","13668",""
"2","322","641","1772",""
"2","322","644","1722",""
"2","322","645","1765",""
"2","322","1781","13669",""
"2","323","641","1773",""
"2","323","644","1723",""
"2","323","645","1766",""
"2","323","1781","13670",""
"2","324","641","1774",""
"2","324","644","1724",""
"2","324","645","1767",""
"2","324","1781","13671",""
"2","325","641","1775",""
"2","325","644","1725",""
"2","325","645","1768",""
"2","325","1781","13672",""
"2","326","641","1777",""
"2","326","644","1727",""
"2","326","645","1770",""
"2","326","1781","13674",""
"2","327","641","1778",""
"2","327","644","1728",""
"2","327","645","1771",""
"2","327","1781","13675",""
"2","328","641","1781",""
"2","328","644","1731",""
"2","328","645","1774",""
"2","328","1781","13678",""
"2","329","641","1782",""
"2","329","644","1732",""
"2","329","645","1775",""
"2","329","1781","13679",""
"2","330","641","1794",""
"2","330","644","1744",""
"2","330","645","1787",""
"2","330","1781","13691",""
"2","331","641","1795",""
"2","331","644","1745",""
"2","331","645","1788",""
"2","331","1781","13692",""
"2","332","641","1796",""
"2","332","644","1746",""
"2","332","645","1789",""
"2","332","1781","13693",""
"2","333","641","1797",""
"2","333","644","1747",""
"2","333","645","1790",""
"2","333","1781","13694",""
"2","334","643","10",""
"2","334","1781","3011",""
"2","334","643","19",""
"2","334","643","4",""
"2","335","643","11",""
"2","335","645","0",""
"2","335","643","20",""
"2","335","645","1",""
"2","336","643","72",""
"2","336","649","6",""
"2","336","650","12",""
"2","336","1781","2546",""
"2","337","643","73",""
"2","337","649","7",""
"2","337","650","13",""
"2","337","1781","2547",""
"2","338","643","74",""
"2","338","649","8",""
"2","338","650","14",""
"2","338","1781","2548",""
"2","339","643","75",""
"2","339","649","9",""
"2","339","650","15",""
"2","339","1781","2549",""
"2","340","643","76",""
"2","340","649","10",""
"2","340","650","16",""
"2","340","1781","2550",""
"2","341","643","77",""
"2","341","649","11",""
"2","341","650","17",""
"2","341","1781","2551",""
"2","342","644","1763",""
"2","342","647","790",""
"2","342","650","957",""
"2","342","1781","12024",""
"2","343","644","1764",""
"2","343","647","802",""
"2","343","650","969",""
"2","343","1781","12036",""
"2","344","644","1765",""
"2","344","647","821",""
"2","344","650","988",""
"2","344","1781","12055",""
"2","345","644","1767",""
"2","345","647","865",""
"2","345","650","1032",""
"2","345","1781","12099",""
"2","346","644","1770",""
"2","346","647","916",""
"2","346","650","1083",""
"2","346","1781","12150",""
"2","347","644","1772",""
"2","347","647","1044",""
"2","347","650","1211",""
"2","347","1781","12278",""
"2","348","644","1773",""
"2","348","647","1058",""
"2","348","650","1225",""
"2","348","1781","12292",""
"2","349","645","12",""
"2","349","649","15",""
"2","349","650","38",""
"2","349","1781","3025",""
"2","349","645","2",""
"2","350","645","11",""
"2","350","646","22",""
"2","350","647","20",""
"2","350","649","14",""
"2","351","645","1818",""
"2","351","646","27",""
"2","351","650","818",""
"2","351","1781","11006",""
"2","352","645","1819",""
"2","352","646","28",""
"2","352","650","819",""
"2","352","1781","11007",""
"2","353","645","1820",""
"2","353","646","29",""
"2","353","650","820",""
"2","353","1781","11008",""
"2","354","645","1821",""
"2","354","646","30",""
"2","354","650","821",""
"2","354","1781","11009",""
"2","355","645","1822",""
"2","355","646","31",""
"2","355","650","822",""
"2","355","1781","11010",""
"2","356","645","1823",""
"2","356","646","32",""
"2","356","650","823",""
"2","356","1781","11011",""
"2","357","645","1824",""
"2","357","646","33",""
"2","357","650","824",""
"2","357","1781","11012",""
"2","358","645","1826",""
"2","358","646","35",""
"2","358","650","826",""
"2","358","1781","11014",""
"2","359","645","1827",""
"2","359","646","36",""
"2","359","650","827",""
"2","359","1781","11015",""
"2","360","645","1828",""
"2","360","646","37",""
"2","360","650","828",""
"2","360","1781","11016",""
"2","361","645","1829",""
"2","361","646","38",""
"2","361","650","829",""
"2","361","1781","11017",""
"2","362","645","1830",""
"2","362","646","39",""
"2","362","650","830",""
"2","362","1781","11018",""
"2","363","645","1831",""
"2","363","646","40",""
"2","363","650","831",""
"2","363","1781","11019",""
"2","364","645","1832",""
"2","364","646","41",""
"2","364","650","832",""
"2","364","1781","11020",""
"2","365","645","1833",""
"2","365","646","42",""
"2","365","650","833",""
"2","365","1781","11021",""
"2","366","645","1834",""
"2","366","646","43",""
"2","366","650","834",""
"2","366","1781","11022",""
"2","367","645","1835",""
"2","367","646","44",""
"2","367","650","835",""
"2","367","1781","11023",""
"2","368","645","1836",""
"2","368","646","45",""
"2","368","650","836",""
"2","368","1781","11024",""
"2","369","645","1837",""
"2","369","646","46",""
"2","369","650","837",""
"2","369","1781","11025",""
"2","370","645","1838",""
"2","370","646","47",""
"2","370","650","838",""
"2","370","1781","11026",""
"2","371","645","1839",""
"2","371","646","48",""
"2","371","650","839",""
"2","371","1781","11027",""
"2","372","645","1840",""
"2","372","646","49",""
"2","372","650","840",""
"2","372","1781","11028",""
"2","373","645","1841",""
"2","373","646","50",""
"2","373","650","841",""
"2","373","1781","11029",""
"2","374","645","1842",""
"2","374","646","51",""
"2","374","650","842",""
"2","374","1781","11030",""
"2","375","645","1843",""
"2","375","646","52",""
"2","375","650","843",""
"2","375","1781","11031",""
"2","376","645","1844",""
"2","376","646","53",""
"2","376","650","844",""
"2","376","1781","11032",""
"2","377","645","1845",""
"2","377","646","54",""
"2","377","650","845",""
"2","377","1781","11033",""
"2","378","645","1846",""
"2","378","646","55",""
"2","378","650","846",""
"2","378","1781","11034",""
"2","379","645","1847",""
"2","379","646","56",""
"2","379","650","847",""
"2","379","1781","11035",""
"2","380","645","1848",""
"2","380","646","57",""
"2","380","650","848",""
"2","380","1781","11036",""
"2","381","645","1849",""
"2","381","646","58",""
"2","381","650","849",""
"2","381","1781","11037",""
"2","382","645","1850",""
"2","382","646","59",""
"2","382","650","850",""
"2","382","1781","11038",""
"2","383","645","1851",""
"2","383","646","60",""
"2","383","650","851",""
"2","383","1781","11039",""
"2","384","645","1852",""
"2","384","646","61",""
"2","384","650","852",""
"2","384","1781","11040",""
"2","385","645","1853",""
"2","385","646","62",""
"2","385","650","853",""
"2","385","1781","11041",""
"2","386","645","1854",""
"2","386","646","63",""
"2","386","650","854",""
"2","386","1781","11042",""
"2","387","645","1855",""
"2","387","646","64",""
"2","387","650","855",""
"2","387","1781","11043",""
"2","388","645","1856",""
"2","388","646","65",""
"2","388","650","856",""
"2","388","1781","11044",""
"2","389","645","1857",""
"2","389","646","66",""
"2","389","650","857",""
"2","389","1781","11045",""
"2","390","645","1858",""
"2","390","646","67",""
"2","390","650","858",""
"2","390","1781","11046",""
"2","391","645","1859",""
"2","391","646","68",""
"2","391","650","859",""
"2","391","1781","11047",""
"2","392","645","1860",""
"2","392","646","69",""
"2","392","650","860",""
"2","392","1781","11048",""
"2","393","645","1862",""
"2","393","646","71",""
"2","393","650","862",""
"2","393","1781","11050",""
"2","394","645","1863",""
"2","394","646","72",""
"2","394","650","863",""
"2","394","1781","11051",""
"2","395","645","1864",""
"2","395","646","73",""
"2","395","650","864",""
"2","395","1781","11052",""
"2","396","645","1865",""
"2","396","646","74",""
"2","396","650","865",""
"2","396","1781","11053",""
"2","397","645","1866",""
"2","397","646","75",""
"2","397","650","866",""
"2","397","1781","11054",""
"2","398","645","1868",""
"2","398","646","77",""
"2","398","650","868",""
"2","398","1781","11056",""
"2","399","647","818",""
"2","399","650","985",""
"2","399","1781","12052",""
"2","399","1781","5175",""
"2","400","647","845",""
"2","400","650","1012",""
"2","400","1781","12079",""
"2","400","1781","5219",""
"2","401","647","846",""
"2","401","650","1013",""
"2","401","1781","12080",""
"2","401","1781","5220",""
"2","402","647","847",""
"2","402","650","1014",""
"2","402","1781","12081",""
"2","402","1781","5221",""
"2","403","647","848",""
"2","403","650","1015",""
"2","403","1781","12082",""
"2","403","1781","5222",""
"2","404","647","849",""
"2","404","650","1016",""
"2","404","1781","12083",""
"2","404","1781","5223",""
"2","405","647","894",""
"2","405","650","1061",""
"2","405","1781","12128",""
"2","405","1781","5208",""
"2","406","647","895",""
"2","406","650","1062",""
"2","406","1781","12129",""
"2","406","1781","5209",""
"2","407","647","896",""
"2","407","650","1063",""
"2","407","1781","12130",""
"2","407","1781","5210",""
"2","408","647","897",""
"2","408","650","1064",""
"2","408","1781","12131",""
"2","408","1781","5211",""
"2","409","647","898",""
"2","409","650","1065",""
"2","409","1781","12132",""
"2","409","1781","5212",""
"2","410","647","974",""
"2","410","650","1141",""
"2","410","1781","12208",""
"2","410","1781","5185",""
"2","411","647","980",""
"2","411","650","1147",""
"2","411","1781","12214",""
"2","411","1781","5183",""
"2","412","647","981",""
"2","412","650","1148",""
"2","412","1781","12215",""
"2","412","1781","5184",""
"2","413","647","1064",""
"2","413","650","1231",""
"2","413","1781","12298",""
"2","413","1781","5105",""
"2","414","647","1086",""
"2","414","650","1253",""
"2","414","647","1358",""
"2","414","650","1525",""
"2","415","647","1087",""
"2","415","650","1254",""
"2","415","647","1360",""
"2","415","650","1527",""
"2","416","647","1090",""
"2","416","650","1257",""
"2","416","647","1364",""
"2","416","650","1531",""
"2","417","647","1091",""
"2","417","650","1258",""
"2","417","647","1365",""
"2","417","650","1532",""
"2","418","647","1092",""
"2","418","650","1259",""
"2","418","647","1366",""
"2","418","650","1533",""
"2","419","647","1094",""
"2","419","650","1261",""
"2","419","647","1372",""
"2","419","650","1539",""
"2","420","647","1121",""
"2","420","650","1288",""
"2","420","647","1367",""
"2","420","650","1534",""
"2","421","647","1156",""
"2","421","650","1323",""
"2","421","647","1188",""
"2","421","650","1355",""
"2","422","647","1175",""
"2","422","650","1342",""
"2","422","647","1356",""
"2","422","650","1523",""
"2","423","647","1182",""
"2","423","650","1349",""
"2","423","647","1326",""
"2","423","650","1493",""
"2","424","647","1183",""
"2","424","650","1350",""
"2","424","647","1327",""
"2","424","650","1494",""
"2","425","647","1185",""
"2","425","650","1352",""
"2","425","647","1329",""
"2","425","650","1496",""
"2","426","647","1186",""
"2","426","650","1353",""
"2","426","647","1330",""
"2","426","650","1497",""
"2","427","647","1187",""
"2","427","650","1354",""
"2","427","647","1331",""
"2","427","650","1498",""
"2","428","647","1190",""
"2","428","650","1357",""
"2","428","647","1338",""
"2","428","650","1505",""
"2","429","647","1191",""
"2","429","650","1358",""
"2","429","647","1341",""
"2","429","650","1508",""
"2","430","647","1234",""
"2","430","650","1401",""
"2","430","647","1250",""
"2","430","650","1417",""
"2","431","647","1237",""
"2","431","650","1404",""
"2","431","647","1253",""
"2","431","650","1420",""
"2","432","647","1238",""
"2","432","650","1405",""
"2","432","647","1254",""
"2","432","650","1421",""
"2","433","647","1239",""
"2","433","650","1406",""
"2","433","647","1255",""
"2","433","650","1422",""
"2","434","650","1708",""
"2","434","650","1714",""
"2","434","650","1730",""
"2","434","650","1745",""
"2","435","650","1709",""
"2","435","650","1711",""
"2","435","650","1739",""
"2","435","650","1741",""
"2","436","24","30",""
"2","436","650","37",""
"2","436","1781","2540",""
"2","437","24","116",""
"2","437","652","23",""
"2","437","1781","2005",""
"2","438","641","24",""
"2","438","644","17",""
"2","438","645","27",""
"2","439","641","25",""
"2","439","644","18",""
"2","439","645","28",""
"2","440","641","26",""
"2","440","644","19",""
"2","440","645","29",""
"2","441","641","27",""
"2","441","644","20",""
"2","441","645","30",""
"2","442","641","28",""
"2","442","644","21",""
"2","442","645","31",""
"2","443","641","29",""
"2","443","644","22",""
"2","443","645","32",""
"2","444","641","70",""
"2","444","644","30",""
"2","444","645","48",""
"2","445","641","72",""
"2","445","644","35",""
"2","445","645","53",""
"2","446","641","73",""
"2","446","644","36",""
"2","446","645","54",""
"2","447","641","74",""
"2","447","644","37",""
"2","447","645","55",""
"2","448","641","75",""
"2","448","644","38",""
"2","448","645","56",""
"2","449","641","77",""
"2","449","644","40",""
"2","449","645","58",""
"2","450","641","944",""
"2","450","644","894",""
"2","450","645","937",""
"2","451","641","945",""
"2","451","644","895",""
"2","451","645","938",""
"2","452","641","949",""
"2","452","644","899",""
"2","452","645","942",""
"2","453","641","950",""
"2","453","644","900",""
"2","453","645","943",""
"2","454","641","951",""
"2","454","644","901",""
"2","454","645","944",""
"2","455","641","952",""
"2","455","644","902",""
"2","455","645","945",""
"2","456","641","953",""
"2","456","644","903",""
"2","456","645","946",""
"2","457","641","954",""
"2","457","644","904",""
"2","457","645","947",""
"2","458","641","955",""
"2","458","644","905",""
"2","458","645","948",""
"2","459","641","956",""
"2","459","644","906",""
"2","459","645","949",""
"2","460","641","957",""
"2","460","644","907",""
"2","460","645","950",""
"2","461","641","958",""
"2","461","644","908",""
"2","461","645","951",""
"2","462","641","959",""
"2","462","644","909",""
"2","462","645","952",""
"2","463","641","960",""
"2","463","644","910",""
"2","463","645","953",""
"2","464","641","961",""
"2","464","644","911",""
"2","464","645","954",""
"2","465","641","962",""
"2","465","644","912",""
"2","465","645","955",""
"2","466","641","963",""
"2","466","644","913",""
"2","466","645","956",""
"2","467","641","964",""
"2","467","644","914",""
"2","467","645","957",""
"2","468","641","965",""
"2","468","644","915",""
"2","468","645","958",""
"2","469","641","966",""
"2","469","644","916",""
"2","469","645","959",""
"2","470","641","967",""
"2","470","644","917",""
"2","470","645","960",""
"2","471","641","968",""
"2","471","644","918",""
"2","471","645","961",""
"2","472","641","969",""
"2","472","644","919",""
"2","472","645","962",""
"2","473","641","970",""
"2","473","644","920",""
"2","473","645","963",""
"2","474","641","971",""
"2","474","644","921",""
"2","474","645","964",""
"2","475","641","972",""
"2","475","644","922",""
"2","475","645","965",""
"2","476","641","973",""
"2","476","644","923",""
"2","476","645","966",""
"2","477","641","974",""
"2","477","644","924",""
"2","477","645","967",""
"2","478","641","975",""
"2","478","644","925",""
"2","478","645","968",""
"2","479","641","976",""
"2","479","644","926",""
"2","479","645","969",""
"2","480","641","977",""
"2","480","644","927",""
"2","480","645","970",""
"2","481","641","978",""
"2","481","644","928",""
"2","481","645","971",""
"2","482","641","979",""
"2","482","644","929",""
"2","482","645","972",""
"2","483","641","980",""
"2","483","644","930",""
"2","483","645","973",""
"2","484","641","981",""
"2","484","644","931",""
"2","484","645","974",""
"2","485","641","982",""
"2","485","644","932",""
"2","485","645","975",""
"2","486","641","983",""
"2","486","644","933",""
"2","486","645","976",""
"2","487","641","984",""
"2","487","644","934",""
"2","487","645","977",""
"2","488","641","985",""
"2","488","644","935",""
"2","488","645","978",""
"2","489","641","986",""
"2","489","644","936",""
"2","489","645","979",""
"2","490","641","987",""
"2","490","644","937",""
"2","490","645","980",""
"2","491","641","988",""
"2","491","644","938",""
"2","491","645","981",""
"2","492","641","989",""
"2","492","644","939",""
"2","492","645","982",""
"2","493","641","990",""
"2","493","644","940",""
"2","493","645","983",""
"2","494","641","991",""
"2","494","644","941",""
"2","494","645","984",""
"2","495","641","992",""
"2","495","644","942",""
"2","495","645","985",""
"2","496","641","993",""
"2","496","644","943",""
"2","496","645","986",""
"2","497","641","994",""
"2","497","644","944",""
"2","497","645","987",""
"2","498","641","995",""
"2","498","644","945",""
"2","498","645","988",""
"2","499","641","996",""
"2","499","644","946",""
"2","499","645","989",""
"2","500","641","997",""
"2","500","644","947",""
"2","500","645","990",""
"2","501","641","998",""
"2","501","644","948",""
"2","501","645","991",""
"2","502","641","999",""
"2","502","644","949",""
"2","502","645","992",""
"2","503","641","1000",""
"2","503","644","950",""
"2","503","645","993",""
"2","504","641","1001",""
"2","504","644","951",""
"2","504","645","994",""
"2","505","641","1002",""
"2","505","644","952",""
"2","505","645","995",""
"2","506","641","1003",""
"2","506","644","953",""
"2","506","645","996",""
"2","507","641","1004",""
"2","507","644","954",""
"2","507","645","997",""
"2","508","641","1005",""
"2","508","644","955",""
"2","508","645","998",""
"2","509","641","1006",""
"2","509","644","956",""
"2","509","645","999",""
"2","510","641","1007",""
"2","510","644","957",""
"2","510","645","1000",""
"2","511","641","1008",""
"2","511","644","958",""
"2","511","645","1001",""
"2","512","641","1009",""
"2","512","644","959",""
"2","512","645","1002",""
"2","513","641","1010",""
"2","513","644","960",""
"2","513","645","1003",""
"2","514","641","1011",""
"2","514","644","961",""
"2","514","645","1004",""
"2","515","641","1012",""
"2","515","644","962",""
"2","515","645","1005",""
"2","516","641","1013",""
"2","516","644","963",""
"2","516","645","1006",""
"2","517","641","1014",""
"2","517","644","964",""
"2","517","645","1007",""
"2","518","641","1015",""
"2","518","644","965",""
"2","518","645","1008",""
"2","519","641","1016",""
"2","519","644","966",""
"2","519","645","1009",""
"2","520","641","1017",""
"2","520","644","967",""
"2","520","645","1010",""
"2","521","641","1018",""
"2","521","644","968",""
"2","521","645","1011",""
"2","522","641","1019",""
"2","522","644","969",""
"2","522","645","1012",""
"2","523","641","1020",""
"2","523","644","970",""
"2","523","645","1013",""
"2","524","641","1021",""
"2","524","644","971",""
"2","524","645","1014",""
"2","525","641","1022",""
"2","525","644","972",""
"2","525","645","1015",""
"2","526","641","1023",""
"2","526","644","973",""
"2","526","645","1016",""
"2","527","641","1024",""
"2","527","644","974",""
"2","527","645","1017",""
"2","528","641","1025",""
"2","528","644","975",""
"2","528","645","1018",""
"2","529","641","1026",""
"2","529","644","976",""
"2","529","645","1019",""
"2","530","641","1027",""
"2","530","644","977",""
"2","530","645","1020",""
"2","531","641","1028",""
"2","531","644","978",""
"2","531","645","1021",""
"2","532","641","1029",""
"2","532","644","979",""
"2","532","645","1022",""
"2","533","641","1030",""
"2","533","644","980",""
"2","533","645","1023",""
"2","534","641","1031",""
"2","534","644","981",""
"2","534","645","1024",""
"2","535","641","1032",""
"2","535","644","982",""
"2","535","645","1025",""
"2","536","641","1033",""
"2","536","644","983",""
"2","536","645","1026",""
"2","537","641","1034",""
"2","537","644","984",""
"2","537","645","1027",""
"2","538","641","1049",""
"2","538","644","999",""
"2","538","645","1042",""
"2","539","641","1050",""
"2","539","644","1000",""
"2","539","645","1043",""
"2","540","641","1060",""
"2","540","644","1010",""
"2","540","645","1053",""
"2","541","641","1105",""
"2","541","644","1055",""
"2","541","645","1098",""
"2","542","641","1106",""
"2","542","644","1056",""
"2","542","645","1099",""
"2","543","641","1107",""
"2","543","644","1057",""
"2","543","645","1100",""
"2","544","641","1108",""
"2","544","644","1058",""
"2","544","645","1101",""
"2","545","641","1109",""
"2","545","644","1059",""
"2","545","645","1102",""
"2","546","641","1110",""
"2","546","644","1060",""
"2","546","645","1103",""
"2","547","641","1111",""
"2","547","644","1061",""
"2","547","645","1104",""
"2","548","641","1112",""
"2","548","644","1062",""
"2","548","645","1105",""
"2","549","641","1113",""
"2","549","644","1063",""
"2","549","645","1106",""
"2","550","641","1114",""
"2","550","644","1064",""
"2","550","645","1107",""
"2","551","641","1115",""
"2","551","644","1065",""
"2","551","645","1108",""
"2","552","641","1121",""
"2","552","644","1071",""
"2","552","645","1114",""
"2","553","641","1122",""
"2","553","644","1072",""
"2","553","645","1115",""
"2","554","641","1123",""
"2","554","644","1073",""
"2","554","645","1116",""
"2","555","641","1124",""
"2","555","644","1074",""
"2","555","645","1117",""
"2","556","641","1125",""
"2","556","644","1075",""
"2","556","645","1118",""
"2","557","641","1126",""
"2","557","644","1076",""
"2","557","645","1119",""
"2","558","641","1127",""
"2","558","644","1077",""
"2","558","645","1120",""
"2","559","641","1128",""
"2","559","644","1078",""
"2","559","645","1121",""
"2","560","641","1129",""
"2","560","644","1079",""
"2","560","645","1122",""
"2","561","641","1130",""
"2","561","644","1080",""
"2","561","645","1123",""
"2","562","641","1131",""
"2","562","644","1081",""
"2","562","645","1124",""
"2","563","641","1132",""
"2","563","644","1082",""
"2","563","645","1125",""
"2","564","641","1133",""
"2","564","644","1083",""
"2","564","645","1126",""
"2","565","641","1134",""
"2","565","644","1084",""
"2","565","645","1127",""
"2","566","641","1135",""
"2","566","644","1085",""
"2","566","645","1128",""
"2","567","641","1136",""
"2","567","644","1086",""
"2","567","645","1129",""
"2","568","641","1137",""
"2","568","644","1087",""
"2","568","645","1130",""
"2","569","641","1138",""
"2","569","644","1088",""
"2","569","645","1131",""
"2","570","641","1139",""
"2","570","644","1089",""
"2","570","645","1132",""
"2","571","641","1140",""
"2","571","644","1090",""
"2","571","645","1133",""
"2","572","641","1141",""
"2","572","644","1091",""
"2","572","645","1134",""
"2","573","641","1142",""
"2","573","644","1092",""
"2","573","645","1135",""
"2","574","641","1143",""
"2","574","644","1093",""
"2","574","645","1136",""
"2","575","641","1144",""
"2","575","644","1094",""
"2","575","645","1137",""
"2","576","641","1145",""
"2","576","644","1095",""
"2","576","645","1138",""
"2","577","641","1146",""
"2","577","644","1096",""
"2","577","645","1139",""
"2","578","641","1147",""
"2","578","644","1097",""
"2","578","645","1140",""
"2","579","641","1148",""
"2","579","644","1098",""
"2","579","645","1141",""
"2","580","641","1149",""
"2","580","644","1099",""
"2","580","645","1142",""
"2","581","641","1150",""
"2","581","644","1100",""
"2","581","645","1143",""
"2","582","641","1151",""
"2","582","644","1101",""
"2","582","645","1144",""
"2","583","641","1152",""
"2","583","644","1102",""
"2","583","645","1145",""
"2","584","641","1153",""
"2","584","644","1103",""
"2","584","645","1146",""
"2","585","641","1154",""
"2","585","644","1104",""
"2","585","645","1147",""
"2","586","641","1155",""
"2","586","644","1105",""
"2","586","645","1148",""
"2","587","641","1157",""
"2","587","644","1107",""
"2","587","645","1150",""
"2","588","641","1158",""
"2","588","644","1108",""
"2","588","645","1151",""
"2","589","641","1159",""
"2","589","644","1109",""
"2","589","645","1152",""
"2","590","641","1160",""
"2","590","644","1110",""
"2","590","645","1153",""
"2","591","641","1161",""
"2","591","644","1111",""
"2","591","645","1154",""
"2","592","641","1162",""
"2","592","644","1112",""
"2","592","645","1155",""
"2","593","641","1163",""
"2","593","644","1113",""
"2","593","645","1156",""
"2","594","641","1164",""
"2","594","644","1114",""
"2","594","645","1157",""
"2","595","641","1165",""
"2","595","644","1115",""
"2","595","645","1158",""
"2","596","641","1166",""
"2","596","644","1116",""
"2","596","645","1159",""
"2","597","641","1167",""
"2","597","644","1117",""
"2","597","645","1160",""
"2","598","641","1168",""
"2","598","644","1118",""
"2","598","645","1161",""
"2","599","641","1169",""
"2","599","644","1119",""
"2","599","645","1162",""
"2","600","641","1170",""
"2","600","644","1120",""
"2","600","645","1163",""
"2","601","641","1171",""
"2","601","644","1121",""
"2","601","645","1164",""
"2","602","641","1172",""
"2","602","644","1122",""
"2","602","645","1165",""
"2","603","641","1173",""
"2","603","644","1123",""
"2","603","645","1166",""
"2","604","641","1174",""
"2","604","644","1124",""
"2","604","645","1167",""
"2","605","641","1175",""
"2","605","644","1125",""
"2","605","645","1168",""
"2","606","641","1176",""
"2","606","644","1126",""
"2","606","645","1169",""
"2","607","641","1177",""
"2","607","644","1127",""
"2","607","645","1170",""
"2","608","641","1178",""
"2","608","644","1128",""
"2","608","645","1171",""
"2","609","641","1179",""
"2","609","644","1129",""
"2","609","645","1172",""
"2","610","641","1182",""
"2","610","644","1132",""
"2","610","645","1175",""
"2","611","641","1183",""
"2","611","644","1133",""
"2","611","645","1176",""
"2","612","641","1184",""
"2","612","644","1134",""
"2","612","645","1177",""
"2","613","641","1185",""
"2","613","644","1135",""
"2","613","645","1178",""
"2","614","641","1186",""
"2","614","644","1136",""
"2","614","645","1179",""
"2","615","641","1187",""
"2","615","644","1137",""
"2","615","645","1180",""
"2","616","641","1188",""
"2","616","644","1138",""
"2","616","645","1181",""
"2","617","641","1189",""
"2","617","644","1139",""
"2","617","645","1182",""
"2","618","641","1190",""
"2","618","644","1140",""
"2","618","645","1183",""
"2","619","641","1191",""
"2","619","644","1141",""
"2","619","645","1184",""
"2","620","641","1192",""
"2","620","644","1142",""
"2","620","645","1185",""
"2","621","641","1193",""
"2","621","644","1143",""
"2","621","645","1186",""
"2","622","641","1194",""
"2","622","644","1144",""
"2","622","645","1187",""
"2","623","641","1195",""
"2","623","644","1145",""
"2","623","645","1188",""
"2","624","641","1196",""
"2","624","644","1146",""
"2","624","645","1189",""
"2","625","641","1197",""
"2","625","644","1147",""
"2","625","645","1190",""
"2","626","641","1198",""
"2","626","644","1148",""
"2","626","645","1191",""
"2","627","641","1199",""
"2","627","644","1149",""
"2","627","645","1192",""
"2","628","641","1200",""
"2","628","644","1150",""
"2","628","645","1193",""
"2","629","641","1201",""
"2","629","644","1151",""
"2","629","645","1194",""
"2","630","641","1202",""
"2","630","644","1152",""
"2","630","645","1195",""
"2","631","641","1203",""
"2","631","644","1153",""
"2","631","645","1196",""
"2","632","641","1204",""
"2","632","644","1154",""
"2","632","645","1197",""
"2","633","641","1205",""
"2","633","644","1155",""
"2","633","645","1198",""
"2","634","641","1206",""
"2","634","644","1156",""
"2","634","645","1199",""
"2","635","641","1207",""
"2","635","644","1157",""
"2","635","645","1200",""
"2","636","641","1208",""
"2","636","644","1158",""
"2","636","645","1201",""
"2","637","641","1209",""
"2","637","644","1159",""
"2","637","645","1202",""
"2","638","641","1210",""
"2","638","644","1160",""
"2","638","645","1203",""
"2","639","641","1211",""
"2","639","644","1161",""
"2","639","645","1204",""
"2","640","641","1212",""
"2","640","644","1162",""
"2","640","645","1205",""
"2","641","641","1213",""
"2","641","644","1163",""
"2","641","645","1206",""
"2","642","641","1214",""
"2","642","644","1164",""
"2","642","645","1207",""
"2","643","641","1215",""
"2","643","644","1165",""
"2","643","645","1208",""
"2","644","641","1216",""
"2","644","644","1166",""
"2","644","645","1209",""
"2","645","641","1217",""
"2","645","644","1167",""
"2","645","645","1210",""
"2","646","641","1218",""
"2","646","644","1168",""
"2","646","645","1211",""
"2","647","641","1219",""
"2","647","644","1169",""
"2","647","645","1212",""
"2","648","641","1220",""
"2","648","644","1170",""
"2","648","645","1213",""
"2","649","641","1221",""
"2","649","644","1171",""
"2","649","645","1214",""
"2","650","641","1222",""
"2","650","644","1172",""
"2","650","645","1215",""
"2","651","641","1223",""
"2","651","644","1173",""
"2","651","645","1216",""
"2","652","641","1224",""
"2","652","644","1174",""
"2","652","645","1217",""
"2","653","641","1225",""
"2","653","644","1175",""
"2","653","645","1218",""
"2","654","641","1226",""
"2","654","644","1176",""
"2","654","645","1219",""
"2","655","641","1228",""
"2","655","644","1178",""
"2","655","645","1221",""
"2","656","641","1229",""
"2","656","644","1179",""
"2","656","645","1222",""
"2","657","641","1230",""
"2","657","644","1180",""
"2","657","645","1223",""
"2","658","641","1231",""
"2","658","644","1181",""
"2","658","645","1224",""
"2","659","641","1232",""
"2","659","644","1182",""
"2","659","645","1225",""
"2","660","641","1233",""
"2","660","644","1183",""
"2","660","645","1226",""
"2","661","641","1234",""
"2","661","644","1184",""
"2","661","645","1227",""
"2","662","641","1235",""
"2","662","644","1185",""
"2","662","645","1228",""
"2","663","641","1236",""
"2","663","644","1186",""
"2","663","645","1229",""
"2","664","641","1237",""
"2","664","644","1187",""
"2","664","645","1230",""
"2","665","641","1238",""
"2","665","644","1188",""
"2","665","645","1231",""
"2","666","641","1239",""
"2","666","644","1189",""
"2","666","645","1232",""
"2","667","641","1240",""
"2","667","644","1190",""
"2","667","645","1233",""
"2","668","641","1241",""
"2","668","644","1191",""
"2","668","645","1234",""
"2","669","641","1244",""
"2","669","644","1194",""
"2","669","645","1237",""
"2","670","641","1245",""
"2","670","644","1195",""
"2","670","645","1238",""
"2","671","641","1246",""
"2","671","644","1196",""
"2","671","645","1239",""
"2","672","641","1247",""
"2","672","644","1197",""
"2","672","645","1240",""
"2","673","641","1248",""
"2","673","644","1198",""
"2","673","645","1241",""
"2","674","641","1249",""
"2","674","644","1199",""
"2","674","645","1242",""
"2","675","641","1251",""
"2","675","644","1201",""
"2","675","645","1244",""
"2","676","641","1253",""
"2","676","644","1203",""
"2","676","645","1246",""
"2","677","641","1254",""
"2","677","644","1204",""
"2","677","645","1247",""
"2","678","641","1255",""
"2","678","644","1205",""
"2","678","645","1248",""
"2","679","641","1256",""
"2","679","644","1206",""
"2","679","645","1249",""
"2","680","641","1257",""
"2","680","644","1207",""
"2","680","645","1250",""
"2","681","641","1258",""
"2","681","644","1208",""
"2","681","645","1251",""
"2","682","641","1259",""
"2","682","644","1209",""
"2","682","645","1252",""
"2","683","641","1260",""
"2","683","644","1210",""
"2","683","645","1253",""
"2","684","641","1261",""
"2","684","644","1211",""
"2","684","645","1254",""
"2","685","641","1262",""
"2","685","644","1212",""
"2","685","645","1255",""
"2","686","641","1263",""
"2","686","644","1213",""
"2","686","645","1256",""
"2","687","641","1264",""
"2","687","644","1214",""
"2","687","645","1257",""
"2","688","641","1265",""
"2","688","644","1215",""
"2","688","645","1258",""
"2","689","641","1266",""
"2","689","644","1216",""
"2","689","645","1259",""
"2","690","641","1267",""
"2","690","644","1217",""
"2","690","645","1260",""
"2","691","641","1268",""
"2","691","644","1218",""
"2","691","645","1261",""
"2","692","641","1269",""
"2","692","644","1219",""
"2","692","645","1262",""
"2","693","641","1270",""
"2","693","644","1220",""
"2","693","645","1263",""
"2","694","641","1271",""
"2","694","644","1221",""
"2","694","645","1264",""
"2","695","641","1272",""
"2","695","644","1222",""
"2","695","645","1265",""
"2","696","641","1273",""
"2","696","644","1223",""
"2","696","645","1266",""
"2","697","641","1274",""
"2","697","644","1224",""
"2","697","645","1267",""
"2","698","641","1275",""
"2","698","644","1225",""
"2","698","645","1268",""
"2","699","641","1276",""
"2","699","644","1226",""
"2","699","645","1269",""
"2","700","641","1277",""
"2","700","644","1227",""
"2","700","645","1270",""
"2","701","641","1278",""
"2","701","644","1228",""
"2","701","645","1271",""
"2","702","641","1279",""
"2","702","644","1229",""
"2","702","645","1272",""
"2","703","641","1280",""
"2","703","644","1230",""
"2","703","645","1273",""
"2","704","641","1281",""
"2","704","644","1231",""
"2","704","645","1274",""
"2","705","641","1282",""
"2","705","644","1232",""
"2","705","645","1275",""
"2","706","641","1283",""
"2","706","644","1233",""
"2","706","645","1276",""
"2","707","641","1284",""
"2","707","644","1234",""
"2","707","645","1277",""
"2","708","641","1285",""
"2","708","644","1235",""
"2","708","645","1278",""
"2","709","641","1286",""
"2","709","644","1236",""
"2","709","645","1279",""
"2","710","641","1287",""
"2","710","644","1237",""
"2","710","645","1280",""
"2","711","641","1288",""
"2","711","644","1238",""
"2","711","645","1281",""
"2","712","641","1289",""
"2","712","644","1239",""
"2","712","645","1282",""
"2","713","641","1290",""
"2","713","644","1240",""
"2","713","645","1283",""
"2","714","641","1291",""
"2","714","644","1241",""
"2","714","645","1284",""
"2","715","641","1292",""
"2","715","644","1242",""
"2","715","645","1285",""
"2","716","641","1293",""
"2","716","644","1243",""
"2","716","645","1286",""
"2","717","641","1294",""
"2","717","644","1244",""
"2","717","645","1287",""
"2","718","641","1295",""
"2","718","644","1245",""
"2","718","645","1288",""
"2","719","641","1296",""
"2","719","644","1246",""
"2","719","645","1289",""
"2","720","641","1297",""
"2","720","644","1247",""
"2","720","645","1290",""
"2","721","641","1298",""
"2","721","644","1248",""
"2","721","645","1291",""
"2","722","641","1299",""
"2","722","644","1249",""
"2","722","645","1292",""
"2","723","641","1300",""
"2","723","644","1250",""
"2","723","645","1293",""
"2","724","641","1301",""
"2","724","644","1251",""
"2","724","645","1294",""
"2","725","641","1302",""
"2","725","644","1252",""
"2","725","645","1295",""
"2","726","641","1303",""
"2","726","644","1253",""
"2","726","645","1296",""
"2","727","641","1304",""
"2","727","644","1254",""
"2","727","645","1297",""
"2","728","641","1305",""
"2","728","644","1255",""
"2","728","645","1298",""
"2","729","641","1306",""
"2","729","644","1256",""
"2","729","645","1299",""
"2","730","641","1307",""
"2","730","644","1257",""
"2","730","645","1300",""
"2","731","641","1308",""
"2","731","644","1258",""
"2","731","645","1301",""
"2","732","641","1309",""
"2","732","644","1259",""
"2","732","645","1302",""
"2","733","641","1310",""
"2","733","644","1260",""
"2","733","645","1303",""
"2","734","641","1311",""
"2","734","644","1261",""
"2","734","645","1304",""
"2","735","641","1312",""
"2","735","644","1262",""
"2","735","645","1305",""
"2","736","641","1313",""
"2","736","644","1263",""
"2","736","645","1306",""
"2","737","641","1314",""
"2","737","644","1264",""
"2","737","645","1307",""
"2","738","641","1315",""
"2","738","644","1265",""
"2","738","645","1308",""
"2","739","641","1316",""
"2","739","644","1266",""
"2","739","645","1309",""
"2","740","641","1317",""
"2","740","644","1267",""
"2","740","645","1310",""
"2","741","641","1318",""
"2","741","644","1268",""
"2","741","645","1311",""
"2","742","641","1319",""
"2","742","644","1269",""
"2","742","645","1312",""
"2","743","641","1320",""
"2","743","644","1270",""
"2","743","645","1313",""
"2","744","641","1321",""
"2","744","644","1271",""
"2","744","645","1314",""
"2","745","641","1322",""
"2","745","644","1272",""
"2","745","645","1315",""
"2","746","641","1323",""
"2","746","644","1273",""
"2","746","645","1316",""
"2","747","641","1324",""
"2","747","644","1274",""
"2","747","645","1317",""
"2","748","641","1325",""
"2","748","644","1275",""
"2","748","645","1318",""
"2","749","641","1326",""
"2","749","644","1276",""
"2","749","645","1319",""
"2","750","641","1327",""
"2","750","644","1277",""
"2","750","645","1320",""
"2","751","641","1328",""
"2","751","644","1278",""
"2","751","645","1321",""
"2","752","641","1330",""
"2","752","644","1280",""
"2","752","645","1323",""
"2","753","641","1331",""
"2","753","644","1281",""
"2","753","645","1324",""
"2","754","641","1332",""
"2","754","644","1282",""
"2","754","645","1325",""
"2","755","641","1333",""
"2","755","644","1283",""
"2","755","645","1326",""
"2","756","641","1334",""
"2","756","644","1284",""
"2","756","645","1327",""
"2","757","641","1335",""
"2","757","644","1285",""
"2","757","645","1328",""
"2","758","641","1336",""
"2","758","644","1286",""
"2","758","645","1329",""
"2","759","641","1337",""
"2","759","644","1287",""
"2","759","645","1330",""
"2","760","641","1338",""
"2","760","644","1288",""
"2","760","645","1331",""
"2","761","641","1339",""
"2","761","644","1289",""
"2","761","645","1332",""
"2","762","641","1340",""
"2","762","644","1290",""
"2","762","645","1333",""
"2","763","641","1341",""
"2","763","644","1291",""
"2","763","645","1334",""
"2","764","641","1342",""
"2","764","644","1292",""
"2","764","645","1335",""
"2","765","641","1343",""
"2","765","644","1293",""
"2","765","645","1336",""
"2","766","641","1344",""
"2","766","644","1294",""
"2","766","645","1337",""
"2","767","641","1345",""
"2","767","644","1295",""
"2","767","645","1338",""
"2","768","641","1346",""
"2","768","644","1296",""
"2","768","645","1339",""
"2","769","641","1347",""
"2","769","644","1297",""
"2","769","645","1340",""
"2","770","641","1348",""
"2","770","644","1298",""
"2","770","645","1341",""
"2","771","641","1350",""
"2","771","644","1300",""
"2","771","645","1343",""
"2","772","641","1351",""
"2","772","644","1301",""
"2","772","645","1344",""
"2","773","641","1352",""
"2","773","644","1302",""
"2","773","645","1345",""
"2","774","641","1353",""
"2","774","644","1303",""
"2","774","645","1346",""
"2","775","641","1354",""
"2","775","644","1304",""
"2","775","645","1347",""
"2","776","641","1355",""
"2","776","644","1305",""
"2","776","645","1348",""
"2","777","641","1356",""
"2","777","644","1306",""
"2","777","645","1349",""
"2","778","641","1357",""
"2","778","644","1307",""
"2","778","645","1350",""
"2","779","641","1358",""
"2","779","644","1308",""
"2","779","645","1351",""
"2","780","641","1359",""
"2","780","644","1309",""
"2","780","645","1352",""
"2","781","641","1360",""
"2","781","644","1310",""
"2","781","645","1353",""
"2","782","641","1361",""
"2","782","644","1311",""
"2","782","645","1354",""
"2","783","641","1362",""
"2","783","644","1312",""
"2","783","645","1355",""
"2","784","641","1363",""
"2","784","644","1313",""
"2","784","645","1356",""
"2","785","641","1365",""
"2","785","644","1315",""
"2","785","645","1358",""
"2","786","641","1366",""
"2","786","644","1316",""
"2","786","645","1359",""
"2","787","641","1367",""
"2","787","644","1317",""
"2","787","645","1360",""
"2","788","641","1368",""
"2","788","644","1318",""
"2","788","645","1361",""
"2","789","641","1369",""
"2","789","644","1319",""
"2","789","645","1362",""
"2","790","641","1370",""
"2","790","644","1320",""
"2","790","645","1363",""
"2","791","641","1371",""
"2","791","644","1321",""
"2","791","645","1364",""
"2","792","641","1372",""
"2","792","644","1322",""
"2","792","645","1365",""
"2","793","641","1373",""
"2","793","644","1323",""
"2","793","645","1366",""
"2","794","641","1374",""
"2","794","644","1324",""
"2","794","645","1367",""
"2","795","641","1375",""
"2","795","644","1325",""
"2","795","645","1368",""
"2","796","641","1376",""
"2","796","644","1326",""
"2","796","645","1369",""
"2","797","641","1377",""
"2","797","644","1327",""
"2","797","645","1370",""
"2","798","641","1378",""
"2","798","644","1328",""
"2","798","645","1371",""
"2","799","641","1379",""
"2","799","644","1329",""
"2","799","645","1372",""
"2","800","641","1382",""
"2","800","644","1332",""
"2","800","645","1375",""
"2","801","641","1383",""
"2","801","644","1333",""
"2","801","645","1376",""
"2","802","641","1384",""
"2","802","644","1334",""
"2","802","645","1377",""
"2","803","641","1385",""
"2","803","644","1335",""
"2","803","645","1378",""
"2","804","641","1386",""
"2","804","644","1336",""
"2","804","645","1379",""
"2","805","641","1387",""
"2","805","644","1337",""
"2","805","645","1380",""
"2","806","641","1388",""
"2","806","644","1338",""
"2","806","645","1381",""
"2","807","641","1389",""
"2","807","644","1339",""
"2","807","645","1382",""
"2","808","641","1390",""
"2","808","644","1340",""
"2","808","645","1383",""
"2","809","641","1391",""
"2","809","644","1341",""
"2","809","645","1384",""
"2","810","641","1392",""
"2","810","644","1342",""
"2","810","645","1385",""
"2","811","641","1393",""
"2","811","644","1343",""
"2","811","645","1386",""
"2","812","641","1394",""
"2","812","644","1344",""
"2","812","645","1387",""
"2","813","641","1395",""
"2","813","644","1345",""
"2","813","645","1388",""
"2","814","641","1396",""
"2","814","644","1346",""
"2","814","645","1389",""
"2","815","641","1397",""
"2","815","644","1347",""
"2","815","645","1390",""
"2","816","641","1398",""
"2","816","644","1348",""
"2","816","645","1391",""
"2","817","641","1399",""
"2","817","644","1349",""
"2","817","645","1392",""
"2","818","641","1400",""
"2","818","644","1350",""
"2","818","645","1393",""
"2","819","641","1401",""
"2","819","644","1351",""
"2","819","645","1394",""
"2","820","641","1402",""
"2","820","644","1352",""
"2","820","645","1395",""
"2","821","641","1403",""
"2","821","644","1353",""
"2","821","645","1396",""
"2","822","641","1404",""
"2","822","644","1354",""
"2","822","645","1397",""
"2","823","641","1405",""
"2","823","644","1355",""
"2","823","645","1398",""
"2","824","641","1406",""
"2","824","644","1356",""
"2","824","645","1399",""
"2","825","641","1407",""
"2","825","644","1357",""
"2","825","645","1400",""
"2","826","641","1408",""
"2","826","644","1358",""
"2","826","645","1401",""
"2","827","641","1409",""
"2","827","644","1359",""
"2","827","645","1402",""
"2","828","641","1410",""
"2","828","644","1360",""
"2","828","645","1403",""
"2","829","641","1411",""
"2","829","644","1361",""
"2","829","645","1404",""
"2","830","641","1412",""
"2","830","644","1362",""
"2","830","645","1405",""
"2","831","641","1413",""
"2","831","644","1363",""
"2","831","645","1406",""
"2","832","641","1414",""
"2","832","644","1364",""
"2","832","645","1407",""
"2","833","641","1415",""
"2","833","644","1365",""
"2","833","645","1408",""
"2","834","641","1416",""
"2","834","644","1366",""
"2","834","645","1409",""
"2","835","641","1417",""
"2","835","644","1367",""
"2","835","645","1410",""
"2","836","641","1418",""
"2","836","644","1368",""
"2","836","645","1411",""
"2","837","641","1419",""
"2","837","644","1369",""
"2","837","645","1412",""
"2","838","641","1428",""
"2","838","644","1378",""
"2","838","645","1421",""
"2","839","641","1429",""
"2","839","644","1379",""
"2","839","645","1422",""
"2","840","641","1430",""
"2","840","644","1380",""
"2","840","645","1423",""
"2","841","641","1431",""
"2","841","644","1381",""
"2","841","645","1424",""
"2","842","641","1432",""
"2","842","644","1382",""
"2","842","645","1425",""
"2","843","641","1433",""
"2","843","644","1383",""
"2","843","645","1426",""
"2","844","641","1434",""
"2","844","644","1384",""
"2","844","645","1427",""
"2","845","641","1435",""
"2","845","644","1385",""
"2","845","645","1428",""
"2","846","641","1436",""
"2","846","644","1386",""
"2","846","645","1429",""
"2","847","641","1438",""
"2","847","644","1388",""
"2","847","645","1431",""
"2","848","641","1439",""
"2","848","644","1389",""
"2","848","645","1432",""
"2","849","641","1440",""
"2","849","644","1390",""
"2","849","645","1433",""
"2","850","641","1441",""
"2","850","644","1391",""
"2","850","645","1434",""
"2","851","641","1442",""
"2","851","644","1392",""
"2","851","645","1435",""
"2","852","641","1443",""
"2","852","644","1393",""
"2","852","645","1436",""
"2","853","641","1444",""
"2","853","644","1394",""
"2","853","645","1437",""
"2","854","641","1445",""
"2","854","644","1395",""
"2","854","645","1438",""
"2","855","641","1446",""
"2","855","644","1396",""
"2","855","645","1439",""
"2","856","641","1447",""
"2","856","644","1397",""
"2","856","645","1440",""
"2","857","641","1448",""
"2","857","644","1398",""
"2","857","645","1441",""
"2","858","641","1449",""
"2","858","644","1399",""
"2","858","645","1442",""
"2","859","641","1450",""
"2","859","644","1400",""
"2","859","645","1443",""
"2","860","641","1451",""
"2","860","644","1401",""
"2","860","645","1444",""
"2","861","641","1452",""
"2","861","644","1402",""
"2","861","645","1445",""
"2","862","641","1453",""
"2","862","644","1403",""
"2","862","645","1446",""
"2","863","641","1454",""
"2","863","644","1404",""
"2","863","645","1447",""
"2","864","641","1455",""
"2","864","644","1405",""
"2","864","645","1448",""
"2","865","641","1456",""
"2","865","644","1406",""
"2","865","645","1449",""
"2","866","641","1457",""
"2","866","644","1407",""
"2","866","645","1450",""
"2","867","641","1458",""
"2","867","644","1408",""
"2","867","645","1451",""
"2","868","641","1459",""
"2","868","644","1409",""
"2","868","645","1452",""
"2","869","641","1460",""
"2","869","644","1410",""
"2","869","645","1453",""
"2","870","641","1461",""
"2","870","644","1411",""
"2","870","645","1454",""
"2","871","641","1462",""
"2","871","644","1412",""
"2","871","645","1455",""
"2","872","641","1463",""
"2","872","644","1413",""
"2","872","645","1456",""
"2","873","641","1464",""
"2","873","644","1414",""
"2","873","645","1457",""
"2","874","641","1465",""
"2","874","644","1415",""
"2","874","645","1458",""
"2","875","641","1466",""
"2","875","644","1416",""
"2","875","645","1459",""
"2","876","641","1467",""
"2","876","644","1417",""
"2","876","645","1460",""
"2","877","641","1468",""
"2","877","644","1418",""
"2","877","645","1461",""
"2","878","641","1469",""
"2","878","644","1419",""
"2","878","645","1462",""
"2","879","641","1470",""
"2","879","644","1420",""
"2","879","645","1463",""
"2","880","641","1471",""
"2","880","644","1421",""
"2","880","645","1464",""
"2","881","641","1472",""
"2","881","644","1422",""
"2","881","645","1465",""
"2","882","641","1473",""
"2","882","644","1423",""
"2","882","645","1466",""
"2","883","641","1474",""
"2","883","644","1424",""
"2","883","645","1467",""
"2","884","641","1475",""
"2","884","644","1425",""
"2","884","645","1468",""
"2","885","641","1476",""
"2","885","644","1426",""
"2","885","645","1469",""
"2","886","641","1477",""
"2","886","644","1427",""
"2","886","645","1470",""
"2","887","641","1478",""
"2","887","644","1428",""
"2","887","645","1471",""
"2","888","641","1479",""
"2","888","644","1429",""
"2","888","645","1472",""
"2","889","641","1480",""
"2","889","644","1430",""
"2","889","645","1473",""
"2","890","641","1481",""
"2","890","644","1431",""
"2","890","645","1474",""
"2","891","641","1482",""
"2","891","644","1432",""
"2","891","645","1475",""
"2","892","641","1483",""
"2","892","644","1433",""
"2","892","645","1476",""
"2","893","641","1484",""
"2","893","644","1434",""
"2","893","645","1477",""
"2","894","641","1485",""
"2","894","644","1435",""
"2","894","645","1478",""
"2","895","641","1486",""
"2","895","644","1436",""
"2","895","645","1479",""
"2","896","641","1487",""
"2","896","644","1437",""
"2","896","645","1480",""
"2","897","641","1488",""
"2","897","644","1438",""
"2","897","645","1481",""
"2","898","641","1489",""
"2","898","644","1439",""
"2","898","645","1482",""
"2","899","641","1490",""
"2","899","644","1440",""
"2","899","645","1483",""
"2","900","641","1491",""
"2","900","644","1441",""
"2","900","645","1484",""
"2","901","641","1492",""
"2","901","644","1442",""
"2","901","645","1485",""
"2","902","641","1493",""
"2","902","644","1443",""
"2","902","645","1486",""
"2","903","641","1494",""
"2","903","644","1444",""
"2","903","645","1487",""
"3","1","641","1495",""
"3","1","644","1445",""
"3","1","645","1488",""
"3","2","641","1496",""
"3","2","644","1446",""
"3","2","645","1489",""
"3","3","641","1497",""
"3","3","644","1447",""
"3","3","645","1490",""
"3","4","641","1498",""
"3","4","644","1448",""
"3","4","645","1491",""
"3","5","641","1499",""
"3","5","644","1449",""
"3","5","645","1492",""
"3","6","641","1500",""
"3","6","644","1450",""
"3","6","645","1493",""
"3","7","641","1501",""
"3","7","644","1451",""
"3","7","645","1494",""
"3","8","641","1502",""
"3","8","644","1452",""
"3","8","645","1495",""
"3","9","641","1503",""
"3","9","644","1453",""
"3","9","645","1496",""
"3","10","641","1504",""
"3","10","644","1454",""
"3","10","645","1497",""
"3","11","641","1505",""
"3","11","644","1455",""
"3","11","645","1498",""
"3","12","641","1506",""
"3","12","644","1456",""
"3","12","645","1499",""
"3","13","641","1507",""
"3","13","644","1457",""
"3","13","645","1500",""
"3","14","641","1508",""
"3","14","644","1458",""
"3","14","645","1501",""
"3","15","641","1509",""
"3","15","644","1459",""
"3","15","645","1502",""
"3","16","641","1510",""
"3","16","644","1460",""
"3","16","645","1503",""
"3","17","641","1511",""
"3","17","644","1461",""
"3","17","645","1504",""
"3","18","641","1512",""
"3","18","644","1462",""
"3","18","645","1505",""
"3","19","641","1513",""
"3","19","644","1463",""
"3","19","645","1506",""
"3","20","641","1514",""
"3","20","644","1464",""
"3","20","645","1507",""
"3","21","641","1515",""
"3","21","644","1465",""
"3","21","645","1508",""
"3","22","641","1516",""
"3","22","644","1466",""
"3","22","645","1509",""
"3","23","641","1517",""
"3","23","644","1467",""
"3","23","645","1510",""
"3","24","641","1518",""
"3","24","644","1468",""
"3","24","645","1511",""
"3","25","641","1519",""
"3","25","644","1469",""
"3","25","645","1512",""
"3","26","641","1520",""
"3","26","644","1470",""
"3","26","645","1513",""
"3","27","641","1521",""
"3","27","644","1471",""
"3","27","645","1514",""
"3","28","641","1522",""
"3","28","644","1472",""
"3","28","645","1515",""
"3","29","641","1531",""
"3","29","644","1481",""
"3","29","645","1524",""
"3","30","641","1532",""
"3","30","644","1482",""
"3","30","645","1525",""
"3","31","641","1533",""
"3","31","644","1483",""
"3","31","645","1526",""
"3","32","641","1534",""
"3","32","644","1484",""
"3","32","645","1527",""
"3","33","641","1535",""
"3","33","644","1485",""
"3","33","645","1528",""
"3","34","641","1536",""
"3","34","644","1486",""
"3","34","645","1529",""
"3","35","641","1537",""
"3","35","644","1487",""
"3","35","645","1530",""
"3","36","641","1541",""
"3","36","644","1491",""
"3","36","645","1534",""
"3","37","641","1543",""
"3","37","644","1493",""
"3","37","645","1536",""
"3","38","641","1544",""
"3","38","644","1494",""
"3","38","645","1537",""
"3","39","641","1545",""
"3","39","644","1495",""
"3","39","645","1538",""
"3","40","641","1546",""
"3","40","644","1496",""
"3","40","645","1539",""
"3","41","641","1547",""
"3","41","644","1497",""
"3","41","645","1540",""
"3","42","641","1548",""
"3","42","644","1498",""
"3","42","645","1541",""
"3","43","641","1549",""
"3","43","644","1499",""
"3","43","645","1542",""
"3","44","641","1550",""
"3","44","644","1500",""
"3","44","645","1543",""
"3","45","641","1551",""
"3","45","644","1501",""
"3","45","645","1544",""
"3","46","641","1552",""
"3","46","644","1502",""
"3","46","645","1545",""
"3","47","641","1553",""
"3","47","644","1503",""
"3","47","645","1546",""
"3","48","641","1554",""
"3","48","644","1504",""
"3","48","645","1547",""
"3","49","641","1555",""
"3","49","644","1505",""
"3","49","645","1548",""
"3","50","641","1556",""
"3","50","644","1506",""
"3","50","645","1549",""
"3","51","641","1557",""
"3","51","644","1507",""
"3","51","645","1550",""
"3","52","641","1558",""
"3","52","644","1508",""
"3","52","645","1551",""
"3","53","641","1559",""
"3","53","644","1509",""
"3","53","645","1552",""
"3","54","641","1560",""
"3","54","644","1510",""
"3","54","645","1553",""
"3","55","641","1561",""
"3","55","644","1511",""
"3","55","645","1554",""
"3","56","641","1562",""
"3","56","644","1512",""
"3","56","645","1555",""
"3","57","641","1563",""
"3","57","644","1513",""
"3","57","645","1556",""
"3","58","641","1564",""
"3","58","644","1514",""
"3","58","645","1557",""
"3","59","641","1565",""
"3","59","644","1515",""
"3","59","645","1558",""
"3","60","641","1566",""
"3","60","644","1516",""
"3","60","645","1559",""
"3","61","641","1567",""
"3","61","644","1517",""
"3","61","645","1560",""
"3","62","641","1568",""
"3","62","644","1518",""
"3","62","645","1561",""
"3","63","641","1569",""
"3","63","644","1519",""
"3","63","645","1562",""
"3","64","641","1570",""
"3","64","644","1520",""
"3","64","645","1563",""
"3","65","641","1571",""
"3","65","644","1521",""
"3","65","645","1564",""
"3","66","641","1572",""
"3","66","644","1522",""
"3","66","645","1565",""
"3","67","641","1578",""
"3","67","644","1528",""
"3","67","645","1571",""
"3","68","641","1579",""
"3","68","644","1529",""
"3","68","645","1572",""
"3","69","641","1580",""
"3","69","644","1530",""
"3","69","645","1573",""
"3","70","641","1581",""
"3","70","644","1531",""
"3","70","645","1574",""
"3","71","641","1583",""
"3","71","644","1533",""
"3","71","645","1576",""
"3","72","641","1584",""
"3","72","644","1534",""
"3","72","645","1577",""
"3","73","641","1585",""
"3","73","644","1535",""
"3","73","645","1578",""
"3","74","641","1586",""
"3","74","644","1536",""
"3","74","645","1579",""
"3","75","641","1587",""
"3","75","644","1537",""
"3","75","645","1580",""
"3","76","641","1588",""
"3","76","644","1538",""
"3","76","645","1581",""
"3","77","641","1589",""
"3","77","644","1539",""
"3","77","645","1582",""
"3","78","641","1590",""
"3","78","644","1540",""
"3","78","645","1583",""
"3","79","641","1591",""
"3","79","644","1541",""
"3","79","645","1584",""
"3","80","641","1592",""
"3","80","644","1542",""
"3","80","645","1585",""
"3","81","641","1593",""
"3","81","644","1543",""
"3","81","645","1586",""
"3","82","641","1594",""
"3","82","644","1544",""
"3","82","645","1587",""
"3","83","641","1595",""
"3","83","644","1545",""
"3","83","645","1588",""
"3","84","641","1596",""
"3","84","644","1546",""
"3","84","645","1589",""
"3","85","641","1597",""
"3","85","644","1547",""
"3","85","645","1590",""
"3","86","641","1598",""
"3","86","644","1548",""
"3","86","645","1591",""
"3","87","641","1801",""
"3","87","643","83",""
"3","87","1781","21",""
"3","88","641","1817",""
"3","88","643","99",""
"3","88","1781","50",""
"3","89","643","14",""
"3","89","648","25",""
"3","89","643","5",""
"3","90","643","15",""
"3","90","643","23",""
"3","90","643","6",""
"3","91","643","16",""
"3","91","643","24",""
"3","91","643","7",""
"3","92","643","17",""
"3","92","643","25",""
"3","92","643","8",""
"3","93","643","18",""
"3","93","643","26",""
"3","93","643","9",""
"3","94","643","12",""
"3","94","643","21",""
"3","94","643","39",""
"3","95","643","13",""
"3","95","643","22",""
"3","95","643","40",""
"3","96","643","28",""
"3","96","644","2",""
"3","96","643","38",""
"3","97","643","29",""
"3","97","644","3",""
"3","97","645","17",""
"3","98","644","9",""
"3","98","645","19",""
"3","98","648","14",""
"3","99","644","1798",""
"3","99","644","1799",""
"3","99","644","1800",""
"3","100","645","3",""
"3","100","649","16",""
"3","100","650","39",""
"3","101","645","4",""
"3","101","649","17",""
"3","101","650","40",""
"3","102","645","5",""
"3","102","649","18",""
"3","102","650","41",""
"3","103","645","6",""
"3","103","649","19",""
"3","103","650","42",""
"3","104","645","7",""
"3","104","649","20",""
"3","104","650","43",""
"3","105","645","8",""
"3","105","649","21",""
"3","105","650","44",""
"3","106","645","9",""
"3","106","649","22",""
"3","106","650","45",""
"3","107","645","10",""
"3","107","649","23",""
"3","107","650","46",""
"3","108","645","1883",""
"3","108","646","92",""
"3","108","650","883",""
"3","109","645","1884",""
"3","109","646","93",""
"3","109","650","884",""
"3","110","645","1885",""
"3","110","646","94",""
"3","110","650","885",""
"3","111","645","1886",""
"3","111","646","95",""
"3","111","650","886",""
"3","112","645","1887",""
"3","112","646","96",""
"3","112","650","887",""
"3","113","645","1888",""
"3","113","646","97",""
"3","113","650","888",""
"3","114","645","1889",""
"3","114","646","98",""
"3","114","650","889",""
"3","115","645","1891",""
"3","115","646","100",""
"3","115","650","891",""
"3","116","645","1892",""
"3","116","646","101",""
"3","116","650","892",""
"3","117","645","1893",""
"3","117","646","102",""
"3","117","650","893",""
"3","118","645","1894",""
"3","118","646","103",""
"3","118","650","894",""
"3","119","645","1895",""
"3","119","646","104",""
"3","119","650","895",""
"3","120","645","1896",""
"3","120","646","105",""
"3","120","650","896",""
"3","121","645","1897",""
"3","121","646","106",""
"3","121","650","897",""
"3","122","645","1898",""
"3","122","646","107",""
"3","122","650","898",""
"3","123","645","1899",""
"3","123","646","108",""
"3","123","650","899",""
"3","124","645","1900",""
"3","124","646","109",""
"3","124","650","900",""
"3","125","645","1901",""
"3","125","646","110",""
"3","125","650","901",""
"3","126","645","1902",""
"3","126","646","111",""
"3","126","650","902",""
"3","127","645","1903",""
"3","127","646","112",""
"3","127","650","903",""
"3","128","645","1904",""
"3","128","646","113",""
"3","128","650","904",""
"3","129","645","1905",""
"3","129","646","114",""
"3","129","650","905",""
"3","130","645","1906",""
"3","130","646","115",""
"3","130","650","906",""
"3","131","645","1907",""
"3","131","646","116",""
"3","131","650","907",""
"3","132","645","1908",""
"3","132","646","117",""
"3","132","650","908",""
"3","133","645","1909",""
"3","133","646","118",""
"3","133","650","909",""
"3","134","645","1910",""
"3","134","646","119",""
"3","134","650","910",""
"3","135","645","1911",""
"3","135","646","120",""
"3","135","650","911",""
"3","136","645","1912",""
"3","136","646","121",""
"3","136","650","912",""
"3","137","645","1913",""
"3","137","646","122",""
"3","137","650","913",""
"3","138","645","1914",""
"3","138","646","123",""
"3","138","650","914",""
"3","139","645","1915",""
"3","139","646","124",""
"3","139","650","915",""
"3","140","645","1916",""
"3","140","646","125",""
"3","140","650","916",""
"3","141","645","1917",""
"3","141","646","126",""
"3","141","650","917",""
"3","142","645","1918",""
"3","142","646","127",""
"3","142","650","918",""
"3","143","645","1919",""
"3","143","646","128",""
"3","143","650","919",""
"3","144","645","1920",""
"3","144","646","129",""
"3","144","650","920",""
"3","145","645","1921",""
"3","145","646","130",""
"3","145","650","921",""
"3","146","645","1922",""
"3","146","646","131",""
"3","146","650","922",""
"3","147","645","1923",""
"3","147","646","132",""
"3","147","650","923",""
"3","148","645","1924",""
"3","148","646","133",""
"3","148","650","924",""
"3","149","645","1925",""
"3","149","646","134",""
"3","149","650","925",""
"3","150","645","1926",""
"3","150","646","135",""
"3","150","650","926",""
"3","151","645","1927",""
"3","151","646","136",""
"3","151","650","927",""
"3","152","645","1928",""
"3","152","646","137",""
"3","152","650","928",""
"3","153","645","1929",""
"3","153","646","138",""
"3","153","650","929",""
"3","154","645","1930",""
"3","154","646","139",""
"3","154","650","930",""
"3","155","645","1931",""
"3","155","646","140",""
"3","155","650","931",""
"3","156","645","1932",""
"3","156","646","141",""
"3","156","650","932",""
"3","157","645","1933",""
"3","157","646","142",""
"3","157","650","933",""
"3","158","646","24",""
"3","158","647","26",""
"3","158","650","62",""
"3","159","647","798",""
"3","159","650","965",""
"3","159","1781","12032",""
"3","160","647","799",""
"3","160","650","966",""
"3","160","1781","12033",""
"3","161","647","800",""
"3","161","650","967",""
"3","161","1781","12034",""
"3","162","647","801",""
"3","162","650","968",""
"3","162","1781","12035",""
"3","163","647","803",""
"3","163","650","970",""
"3","163","1781","12037",""
"3","164","647","804",""
"3","164","650","971",""
"3","164","1781","12038",""
"3","165","647","805",""
"3","165","650","972",""
"3","165","1781","12039",""
"3","166","647","806",""
"3","166","650","973",""
"3","166","1781","12040",""
"3","167","647","814",""
"3","167","650","981",""
"3","167","1781","12048",""
"3","168","647","815",""
"3","168","650","982",""
"3","168","1781","12049",""
"3","169","647","817",""
"3","169","650","984",""
"3","169","1781","12051",""
"3","170","647","820",""
"3","170","650","987",""
"3","170","1781","12054",""
"3","171","647","852",""
"3","171","650","1019",""
"3","171","1781","12086",""
"3","172","647","853",""
"3","172","650","1020",""
"3","172","1781","12087",""
"3","173","647","854",""
"3","173","650","1021",""
"3","173","1781","12088",""
"3","174","647","861",""
"3","174","650","1028",""
"3","174","1781","12095",""
"3","175","647","862",""
"3","175","650","1029",""
"3","175","1781","12096",""
"3","176","647","863",""
"3","176","650","1030",""
"3","176","1781","12097",""
"3","177","647","864",""
"3","177","650","1031",""
"3","177","1781","12098",""
"3","178","647","866",""
"3","178","650","1033",""
"3","178","1781","12100",""
"3","179","647","867",""
"3","179","650","1034",""
"3","179","1781","12101",""
"3","180","647","868",""
"3","180","650","1035",""
"3","180","1781","12102",""
"3","181","647","869",""
"3","181","650","1036",""
"3","181","1781","12103",""
"3","182","647","899",""
"3","182","650","1066",""
"3","182","1781","12133",""
"3","183","647","900",""
"3","183","650","1067",""
"3","183","1781","12134",""
"3","184","647","901",""
"3","184","650","1068",""
"3","184","1781","12135",""
"3","185","647","902",""
"3","185","650","1069",""
"3","185","1781","12136",""
"3","186","647","909",""
"3","186","650","1076",""
"3","186","1781","12143",""
"3","187","647","910",""
"3","187","650","1077",""
"3","187","1781","12144",""
"3","188","647","911",""
"3","188","650","1078",""
"3","188","1781","12145",""
"3","189","647","912",""
"3","189","650","1079",""
"3","189","1781","12146",""
"3","190","647","913",""
"3","190","650","1080",""
"3","190","1781","12147",""
"3","191","647","914",""
"3","191","650","1081",""
"3","191","1781","12148",""
"3","192","647","915",""
"3","192","650","1082",""
"3","192","1781","12149",""
"3","193","647","917",""
"3","193","650","1084",""
"3","193","1781","12151",""
"3","194","647","918",""
"3","194","650","1085",""
"3","194","1781","12152",""
"3","195","647","973",""
"3","195","650","1140",""
"3","195","1781","12207",""
"3","196","647","975",""
"3","196","650","1142",""
"3","196","1781","12209",""
"3","197","647","976",""
"3","197","650","1143",""
"3","197","1781","12210",""
"3","198","647","977",""
"3","198","650","1144",""
"3","198","1781","12211",""
"3","199","647","978",""
"3","199","650","1145",""
"3","199","1781","12212",""
"3","200","647","979",""
"3","200","650","1146",""
"3","200","1781","12213",""
"3","201","647","982",""
"3","201","650","1149",""
"3","201","1781","12216",""
"3","202","647","1027",""
"3","202","650","1194",""
"3","202","1781","12261",""
"3","203","647","1028",""
"3","203","650","1195",""
"3","203","1781","12262",""
"3","204","647","1029",""
"3","204","650","1196",""
"3","204","1781","12263",""
"3","205","647","1030",""
"3","205","650","1197",""
"3","205","1781","12264",""
"3","206","647","1031",""
"3","206","650","1198",""
"3","206","1781","12265",""
"3","207","647","1032",""
"3","207","650","1199",""
"3","207","1781","12266",""
"3","208","647","1038",""
"3","208","650","1205",""
"3","208","1781","12272",""
"3","209","647","1039",""
"3","209","650","1206",""
"3","209","1781","12273",""
"3","210","647","1040",""
"3","210","650","1207",""
"3","210","1781","12274",""
"3","211","647","1041",""
"3","211","650","1208",""
"3","211","1781","12275",""
"3","212","647","1042",""
"3","212","650","1209",""
"3","212","1781","12276",""
"3","213","647","1043",""
"3","213","650","1210",""
"3","213","1781","12277",""
"3","214","647","1045",""
"3","214","650","1212",""
"3","214","1781","12279",""
"3","215","647","1046",""
"3","215","650","1213",""
"3","215","1781","12280",""
"3","216","647","1047",""
"3","216","650","1214",""
"3","216","1781","12281",""
"3","217","647","1048",""
"3","217","650","1215",""
"3","217","1781","12282",""
"3","218","647","1049",""
"3","218","650","1216",""
"3","218","1781","12283",""
"3","219","647","1050",""
"3","219","650","1217",""
"3","219","1781","12284",""
"3","220","647","1052",""
"3","220","650","1219",""
"3","220","1781","12286",""
"3","221","647","1054",""
"3","221","650","1221",""
"3","221","1781","12288",""
"3","222","647","1066",""
"3","222","650","1233",""
"3","222","1781","12300",""
"3","223","647","1391",""
"3","223","1781","1152",""
"3","223","1781","5213",""
"3","224","647","1394",""
"3","224","1781","1155",""
"3","224","1781","5225",""
"3","225","647","1396",""
"3","225","1781","1157",""
"3","225","1781","5193",""
"3","226","647","1397",""
"3","226","1781","1158",""
"3","226","1781","5197",""
"3","227","647","1398",""
"3","227","1781","1159",""
"3","227","1781","5176",""
"3","228","647","1399",""
"3","228","1781","1160",""
"3","228","1781","5188",""
"3","229","647","1401",""
"3","229","1781","1162",""
"3","229","1781","5104",""
"3","230","647","1403",""
"3","230","1781","1164",""
"3","230","1781","5149",""
"3","231","647","1404",""
"3","231","1781","1165",""
"3","231","1781","5170",""
"3","232","647","1405",""
"3","232","1781","1166",""
"3","232","1781","5200",""
"3","233","647","1406",""
"3","233","1781","1167",""
"3","233","1781","5204",""
"3","234","647","1412",""
"3","234","650","1558",""
"3","234","1781","10103",""
"3","235","647","1413",""
"3","235","650","1559",""
"3","235","1781","10104",""
"3","236","647","1414",""
"3","236","650","1560",""
"3","236","1781","10105",""
"3","237","647","1415",""
"3","237","650","1561",""
"3","237","1781","10106",""
"3","238","647","1416",""
"3","238","650","1562",""
"3","238","1781","10107",""
"3","239","647","1417",""
"3","239","650","1563",""
"3","239","1781","10108",""
"3","240","647","1418",""
"3","240","650","1564",""
"3","240","1781","10109",""
"3","241","647","1419",""
"3","241","650","1565",""
"3","241","1781","10110",""
"3","242","647","1420",""
"3","242","650","1566",""
"3","242","1781","10111",""
"3","243","647","1421",""
"3","243","650","1567",""
"3","243","1781","10112",""
"3","244","647","1422",""
"3","244","650","1568",""
"3","244","1781","10113",""
"3","245","647","1423",""
"3","245","650","1569",""
"3","245","1781","10114",""
"3","246","647","1424",""
"3","246","650","1570",""
"3","246","1781","10115",""
"3","247","647","1425",""
"3","247","650","1571",""
"3","247","1781","10116",""
"3","248","647","1426",""
"3","248","650","1572",""
"3","248","1781","10117",""
"3","249","647","1427",""
"3","249","650","1573",""
"3","249","1781","10118",""
"3","250","647","1428",""
"3","250","650","1574",""
"3","250","1781","10119",""
"3","251","647","1429",""
"3","251","650","1575",""
"3","251","1781","10120",""
"3","252","647","1430",""
"3","252","650","1576",""
"3","252","1781","10121",""
"3","253","647","1431",""
"3","253","650","1577",""
"3","253","1781","10122",""
"3","254","647","1432",""
"3","254","650","1578",""
"3","254","1781","10123",""
"3","255","647","1433",""
"3","255","650","1579",""
"3","255","1781","10124",""
"3","256","647","1434",""
"3","256","650","1580",""
"3","256","1781","10125",""
"3","257","647","1435",""
"3","257","650","1581",""
"3","257","1781","10126",""
"3","258","647","1437",""
"3","258","650","1583",""
"3","258","1781","10153",""
"3","259","647","1438",""
"3","259","650","1584",""
"3","259","1781","10154",""
"3","260","647","1439",""
"3","260","650","1585",""
"3","260","1781","10155",""
"3","261","647","1440",""
"3","261","650","1586",""
"3","261","1781","10156",""
"3","262","647","1441",""
"3","262","650","1587",""
"3","262","1781","10157",""
"3","263","647","1442",""
"3","263","650","1588",""
"3","263","1781","10158",""
"3","264","647","1443",""
"3","264","650","1589",""
"3","264","1781","10159",""
"3","265","647","1444",""
"3","265","650","1590",""
"3","265","1781","10160",""
"3","266","647","1445",""
"3","266","650","1591",""
"3","267","647","1446",""
"3","267","650","1592",""
"3","267","1781","10162",""
"3","268","647","1447",""
"3","268","650","1593",""
"3","268","1781","10163",""
"3","269","647","1448",""
"3","269","650","1594",""
"3","269","1781","10164",""
"3","270","647","1449",""
"3","270","650","1595",""
"3","270","1781","10165",""
"3","271","647","1450",""
"3","271","650","1596",""
"3","271","1781","10166",""
"3","272","647","1451",""
"3","272","650","1597",""
"3","272","1781","10167",""
"3","273","647","1452",""
"3","273","650","1598",""
"3","273","1781","10168",""
"3","274","647","1453",""
"3","274","650","1599",""
"3","274","1781","10169",""
"3","275","647","1454",""
"3","275","650","1600",""
"3","275","1781","10170",""
"3","276","647","1455",""
"3","276","650","1601",""
"3","276","1781","10171",""
"3","277","647","1457",""
"3","277","650","1603",""
"3","277","1781","10173",""
"3","278","647","1458",""
"3","278","650","1604",""
"3","278","1781","10174",""
"3","279","647","1459",""
"3","279","650","1605",""
"3","279","1781","10175",""
"3","280","647","1460",""
"3","280","650","1606",""
"3","280","1781","10176",""
"3","281","648","101",""
"3","281","652","35",""
"3","281","866","371",""
"3","282","648","102",""
"3","282","652","36",""
"3","282","866","372",""
"3","283","648","103",""
"3","283","652","37",""
"3","283","866","373",""
"3","284","648","669",""
"3","284","652","603",""
"3","284","866","939",""
"3","285","648","712",""
"3","285","652","646",""
"3","285","866","982",""
"3","286","648","969",""
"3","286","866","323",""
"3","286","1781","10257",""
"3","287","650","1608",""
"3","287","650","1615",""
"3","287","650","1616",""
"3","288","650","1682",""
"3","288","650","1698",""
"3","288","650","1736",""
"3","289","650","1707",""
"3","289","650","1726",""
"3","289","650","1731",""
"3","290","650","1713",""
"3","290","650","1721",""
"3","290","650","1725",""
"3","291","650","1715",""
"3","291","650","1733",""
"3","291","650","1742",""
"3","292","650","1816",""
"3","292","650","1856",""
"3","292","650","1875",""
"3","293","24","0",""
"3","293","24","1",""
"3","294","24","33",""
"3","294","24","34",""
"3","295","641","0",""
"3","295","641","1",""
"3","296","641","76",""
"3","296","645","57",""
"3","297","641","88",""
"3","297","641","89",""
"3","298","641","95",""
"3","298","641","96",""
"3","299","641","1799",""
"3","299","643","81",""
"3","300","641","1800",""
"3","300","643","82",""
"3","301","641","1802",""
"3","301","643","84",""
"3","302","641","1803",""
"3","302","643","85",""
"3","303","641","1804",""
"3","303","643","86",""
"3","304","641","1805",""
"3","304","643","87",""
"3","305","641","1806",""
"3","305","643","88",""
"3","306","641","1807",""
"3","306","643","89",""
"3","307","641","1808",""
"3","307","643","90",""
"3","308","641","1809",""
"3","308","643","91",""
"3","309","641","1810",""
"3","309","643","92",""
"3","310","641","1811",""
"3","310","643","93",""
"3","311","641","1812",""
"3","311","643","94",""
"3","312","641","1813",""
"3","312","643","95",""
"3","313","641","1815",""
"3","313","643","97",""
"3","314","641","1816",""
"3","314","643","98",""
"3","315","641","1818",""
"3","315","643","100",""
"3","316","641","1819",""
"3","316","643","101",""
"3","317","641","1820",""
"3","317","643","102",""
"3","318","641","1821",""
"3","318","643","103",""
"3","319","641","1822",""
"3","319","643","104",""
"3","320","641","1823",""
"3","320","643","105",""
"3","321","641","1824",""
"3","321","643","106",""
"3","322","641","1825",""
"3","322","643","107",""
"3","323","641","1826",""
"3","323","643","108",""
"3","324","641","1827",""
"3","324","643","109",""
"3","325","641","1828",""
"3","325","643","110",""
"3","326","641","1829",""
"3","326","643","111",""
"3","327","641","1830",""
"3","327","643","112",""
"3","328","641","1831",""
"3","328","643","113",""
"3","329","641","1832",""
"3","329","643","114",""
"3","330","641","1833",""
"3","330","643","115",""
"3","331","641","1834",""
"3","331","643","116",""
"3","332","641","1835",""
"3","332","643","117",""
"3","333","641","1836",""
"3","333","643","118",""
"3","334","641","1837",""
"3","334","643","119",""
"3","335","641","1838",""
"3","335","643","120",""
"3","336","641","1839",""
"3","336","643","121",""
"3","337","641","1840",""
"3","337","643","122",""
"3","338","641","1841",""
"3","338","643","123",""
"3","339","641","1842",""
"3","339","643","124",""
"3","340","641","1843",""
"3","340","643","125",""
"3","341","641","1844",""
"3","341","643","126",""
"3","342","641","1845",""
"3","342","643","127",""
"3","343","641","1846",""
"3","343","643","128",""
"3","344","641","1847",""
"3","344","643","129",""
"3","345","641","1848",""
"3","345","643","130",""
"3","346","641","1849",""
"3","346","643","131",""
"3","347","641","1850",""
"3","347","643","132",""
"3","348","641","1851",""
"3","348","643","133",""
"3","349","641","1852",""
"3","349","643","134",""
"3","350","641","1853",""
"3","350","643","135",""
"3","351","641","1854",""
"3","351","643","136",""
"3","352","642","0",""
"3","352","642","1",""
"3","353","643","3",""
"3","353","1781","2023",""
"3","354","643","30",""
"3","354","644","4",""
"3","355","643","37",""
"3","355","1781","2535",""
"3","356","643","41",""
"3","356","647","19",""
"3","357","643","63",""
"3","357","652","24",""
"3","358","643","68",""
"3","358","644","7",""
"3","359","644","0",""
"3","359","644","1",""
"3","360","644","6",""
"3","360","645","18",""
"3","361","644","10",""
"3","361","645","20",""
"3","362","644","13",""
"3","362","645","23",""
"3","363","644","14",""
"3","363","645","24",""
"3","364","644","15",""
"3","364","645","25",""
"3","365","644","16",""
"3","365","645","26",""
"3","366","644","28",""
"3","366","645","46",""
"3","367","644","31",""
"3","367","645","49",""
"3","368","644","32",""
"3","368","645","50",""
"3","369","644","33",""
"3","369","645","51",""
"3","370","644","34",""
"3","370","645","52",""
"3","371","647","4",""
"3","372","645","35",""
"3","372","646","17",""
"3","373","645","36",""
"3","373","646","18",""
"3","374","645","37",""
"3","374","646","19",""
"3","375","645","38",""
"3","375","646","20",""
"3","376","645","39",""
"3","376","646","21",""
"3","377","645","64",""
"3","377","646","25",""
"3","378","645","1792",""
"3","378","1781","13008",""
"3","379","645","1793",""
"3","379","1781","13009",""
"3","380","645","1795",""
"3","380","1781","13011",""
"3","381","645","1797",""
"3","381","1781","13013",""
"3","382","645","1800",""
"3","382","1781","13016",""
"3","383","645","1801",""
"3","383","1781","13017",""
"3","384","645","1802",""
"3","384","1781","13018",""
"3","385","645","1803",""
"3","385","1781","13019",""
"3","386","645","1804",""
"3","386","1781","13020",""
"3","387","645","1805",""
"3","387","1781","13021",""
"3","388","645","1806",""
"3","388","1781","13022",""
"3","389","645","1807",""
"3","389","1781","13023",""
"3","390","645","1808",""
"3","390","1781","13024",""
"3","391","645","1810",""
"3","391","1781","13026",""
"3","392","645","1811",""
"3","392","1781","13027",""
"3","393","645","1812",""
"3","393","1781","13028",""
"3","394","645","1813",""
"3","394","1781","13029",""
"3","395","645","1814",""
"3","395","1781","13030",""
"3","396","645","1815",""
"3","396","1781","13031",""
"3","397","645","1816",""
"3","397","1781","13032",""
"3","398","647","18",""
"3","398","1781","3026",""
"3","398","647","5",""
"3","399","647","12",""
"3","399","1781","3021",""
"3","400","647","1089",""
"3","400","650","1256",""
"3","401","647","1095",""
"3","401","650","1262",""
"3","402","647","1102",""
"3","402","650","1269",""
"3","403","647","1103",""
"3","403","650","1270",""
"3","404","647","1104",""
"3","404","650","1271",""
"3","405","647","1105",""
"3","405","650","1272",""
"3","406","647","1106",""
"3","406","650","1273",""
"3","407","647","1107",""
"3","407","650","1274",""
"3","408","647","1108",""
"3","408","650","1275",""
"3","409","647","1109",""
"3","409","650","1276",""
"3","410","647","1110",""
"3","410","650","1277",""
"3","411","647","1111",""
"3","411","650","1278",""
"3","412","647","1118",""
"3","412","650","1285",""
"3","413","647","1119",""
"3","413","650","1286",""
"3","414","647","1120",""
"3","414","650","1287",""
"3","415","647","1122",""
"3","415","650","1289",""
"3","416","647","1123",""
"3","416","650","1290",""
"3","417","647","1125",""
"3","417","650","1292",""
"3","418","647","1126",""
"3","418","650","1293",""
"3","419","647","1150",""
"3","419","650","1317",""
"3","420","647","1151",""
"3","420","650","1318",""
"3","421","647","1152",""
"3","421","650","1319",""
"3","422","647","1153",""
"3","422","650","1320",""
"3","423","647","1154",""
"3","423","650","1321",""
"3","424","647","1155",""
"3","424","650","1322",""
"3","425","647","1157",""
"3","425","650","1324",""
"3","426","647","1158",""
"3","426","650","1325",""
"3","427","647","1159",""
"3","427","650","1326",""
"3","428","647","1166",""
"3","428","650","1333",""
"3","429","647","1167",""
"3","429","650","1334",""
"3","430","647","1168",""
"3","430","650","1335",""
"3","431","647","1169",""
"3","431","650","1336",""
"3","432","647","1170",""
"3","432","650","1337",""
"3","433","647","1171",""
"3","433","650","1338",""
"3","434","647","1172",""
"3","434","650","1339",""
"3","435","647","1173",""
"3","435","650","1340",""
"3","436","647","1174",""
"3","436","650","1341",""
"3","437","647","1184",""
"3","437","650","1351",""
"3","438","647","1198",""
"3","438","650","1365",""
"3","439","647","1199",""
"3","439","650","1366",""
"3","440","647","1200",""
"3","440","650","1367",""
"3","441","647","1201",""
"3","441","650","1368",""
"3","442","647","1202",""
"3","442","650","1369",""
"3","443","647","1203",""
"3","443","650","1370",""
"3","444","647","1204",""
"3","444","650","1371",""
"3","445","647","1205",""
"3","445","650","1372",""
"3","446","647","1206",""
"3","446","650","1373",""
"3","447","647","1207",""
"3","447","650","1374",""
"3","448","647","1214",""
"3","448","650","1381",""
"3","449","647","1215",""
"3","449","650","1382",""
"3","450","647","1216",""
"3","450","650","1383",""
"3","451","647","1217",""
"3","451","650","1384",""
"3","452","647","1218",""
"3","452","650","1385",""
"3","453","647","1219",""
"3","453","650","1386",""
"3","454","647","1220",""
"3","454","650","1387",""
"3","455","647","1221",""
"3","455","650","1388",""
"3","456","647","1222",""
"3","456","650","1389",""
"3","457","647","1223",""
"3","457","650","1390",""
"3","458","647","1230",""
"3","458","650","1397",""
"3","459","647","1231",""
"3","459","650","1398",""
"3","460","647","1232",""
"3","460","650","1399",""
"3","461","647","1233",""
"3","461","650","1400",""
"3","462","647","1235",""
"3","462","650","1402",""
"3","463","647","1246",""
"3","463","650","1413",""
"3","464","647","1247",""
"3","464","650","1414",""
"3","465","647","1248",""
"3","465","650","1415",""
"3","466","647","1249",""
"3","466","650","1416",""
"3","467","647","1251",""
"3","467","650","1418",""
"3","468","647","1278",""
"3","468","650","1445",""
"3","469","647","1279",""
"3","469","650","1446",""
"3","470","647","1280",""
"3","470","650","1447",""
"3","471","647","1281",""
"3","471","650","1448",""
"3","472","647","1282",""
"3","472","650","1449",""
"3","473","647","1283",""
"3","473","650","1450",""
"3","474","647","1284",""
"3","474","650","1451",""
"3","475","647","1285",""
"3","475","650","1452",""
"3","476","647","1286",""
"3","476","650","1453",""
"3","477","647","1287",""
"3","477","650","1454",""
"3","478","647","1328",""
"3","478","650","1495",""
"3","479","647","1332",""
"3","479","650","1499",""
"3","480","647","1333",""
"3","480","650","1500",""
"3","481","647","1334",""
"3","481","650","1501",""
"3","482","647","1335",""
"3","482","650","1502",""
"3","483","647","1336",""
"3","483","650","1503",""
"3","484","647","1337",""
"3","484","650","1504",""
"3","485","647","1340",""
"3","485","650","1507",""
"3","486","647","1342",""
"3","486","650","1509",""
"3","487","647","1343",""
"3","487","650","1510",""
"3","488","647","1344",""
"3","488","650","1511",""
"3","489","647","1345",""
"3","489","650","1512",""
"3","490","647","1346",""
"3","490","650","1513",""
"3","491","647","1347",""
"3","491","650","1514",""
"3","492","647","1348",""
"3","492","650","1515",""
"3","493","647","1349",""
"3","493","650","1516",""
"3","494","647","1350",""
"3","494","650","1517",""
"3","495","647","1351",""
"3","495","650","1518",""
"3","496","647","1352",""
"3","496","650","1519",""
"3","497","647","1353",""
"3","497","650","1520",""
"3","498","647","1354",""
"3","498","650","1521",""
"3","499","647","1355",""
"3","499","650","1522",""
"3","500","647","1357",""
"3","500","650","1524",""
"3","501","647","1359",""
"3","501","650","1526",""
"3","502","647","1362",""
"3","502","650","1529",""
"3","503","647","1363",""
"3","503","650","1530",""
"3","504","647","1368",""
"3","504","650","1535",""
"3","505","647","1369",""
"3","505","650","1536",""
"3","506","647","1371",""
"3","506","650","1538",""
"3","507","647","1392",""
"3","507","1781","1153",""
"3","508","647","1393",""
"3","508","1781","1154",""
"3","509","647","1395",""
"3","509","1781","1156",""
"3","510","647","1400",""
"3","510","1781","1161",""
"3","511","647","1402",""
"3","511","1781","1163",""
"3","512","647","1407",""
"3","512","1781","1168",""
"3","513","647","1408",""
"3","513","1781","1169",""
"3","514","647","1409",""
"3","514","1781","1170",""
"3","515","647","1410",""
"3","515","1781","1171",""
"3","516","648","0",""
"3","516","866","0",""
"3","517","648","15",""
"3","517","866","3",""
"3","518","648","70",""
"3","518","866","64",""
"3","519","648","714",""
"3","519","866","68",""
"3","520","648","715",""
"3","520","866","69",""
"3","521","648","716",""
"3","521","866","70",""
"3","522","648","717",""
"3","522","866","71",""
"3","523","648","718",""
"3","523","866","72",""
"3","524","648","719",""
"3","524","866","73",""
"3","525","648","720",""
"3","525","866","74",""
"3","526","648","721",""
"3","526","866","75",""
"3","527","648","722",""
"3","527","866","76",""
"3","528","648","723",""
"3","528","866","77",""
"3","529","648","724",""
"3","529","866","78",""
"3","530","648","725",""
"3","530","866","79",""
"3","531","648","726",""
"3","531","866","80",""
"3","532","648","727",""
"3","532","866","81",""
"3","533","648","728",""
"3","533","866","82",""
"3","534","648","729",""
"3","534","866","83",""
"3","535","648","730",""
"3","535","866","84",""
"3","536","648","731",""
"3","536","866","85",""
"3","537","648","732",""
"3","537","866","86",""
"3","538","648","733",""
"3","538","866","87",""
"3","539","648","734",""
"3","539","866","88",""
"3","540","648","735",""
"3","540","866","89",""
"3","541","648","736",""
"3","541","866","90",""
"3","542","648","737",""
"3","542","866","91",""
"3","543","648","739",""
"3","543","866","93",""
"3","544","648","740",""
"3","544","866","94",""
"3","545","648","741",""
"3","545","866","95",""
"3","546","648","742",""
"3","546","866","96",""
"3","547","648","743",""
"3","547","866","97",""
"3","548","648","744",""
"3","548","866","98",""
"3","549","648","745",""
"3","549","866","99",""
"3","550","648","746",""
"3","550","866","100",""
"3","551","648","747",""
"3","551","866","101",""
"3","552","648","748",""
"3","552","866","102",""
"3","553","648","749",""
"3","553","866","103",""
"3","554","648","750",""
"3","554","866","104",""
"3","555","648","751",""
"3","555","866","105",""
"3","556","648","752",""
"3","556","866","106",""
"3","557","648","753",""
"3","557","866","107",""
"3","558","648","754",""
"3","558","866","108",""
"3","559","648","755",""
"3","559","866","109",""
"3","560","648","756",""
"3","560","866","110",""
"3","561","648","757",""
"3","561","866","111",""
"3","562","648","758",""
"3","562","866","112",""
"3","563","648","759",""
"3","563","866","113",""
"3","564","648","760",""
"3","564","866","114",""
"3","565","648","761",""
"3","565","866","115",""
"3","566","648","762",""
"3","566","866","116",""
"3","567","648","763",""
"3","567","866","117",""
"3","568","648","764",""
"3","568","866","118",""
"3","569","648","765",""
"3","569","866","119",""
"3","570","648","766",""
"3","570","866","120",""
"3","571","648","767",""
"3","571","866","121",""
"3","572","648","768",""
"3","572","866","122",""
"3","573","648","769",""
"3","573","866","123",""
"3","574","648","770",""
"3","574","866","124",""
"3","575","648","771",""
"3","575","866","125",""
"3","576","648","772",""
"3","576","866","126",""
"3","577","648","773",""
"3","577","866","127",""
"3","578","648","774",""
"3","578","866","128",""
"3","579","648","775",""
"3","579","866","129",""
"3","580","648","776",""
"3","580","866","130",""
"3","581","648","777",""
"3","581","866","131",""
"3","582","648","779",""
"3","582","866","133",""
"3","583","648","780",""
"3","583","866","134",""
"3","584","648","781",""
"3","584","866","135",""
"3","585","648","815",""
"3","585","866","169",""
"3","586","648","816",""
"3","586","866","170",""
"3","587","648","817",""
"3","587","866","171",""
"3","588","648","818",""
"3","588","866","172",""
"3","589","648","819",""
"3","589","866","173",""
"3","590","648","820",""
"3","590","866","174",""
"3","591","648","821",""
"3","591","866","175",""
"3","592","648","822",""
"3","592","866","176",""
"3","593","648","823",""
"3","593","866","177",""
"3","594","648","824",""
"3","594","866","178",""
"3","595","648","825",""
"3","595","866","179",""
"3","596","648","826",""
"3","596","866","180",""
"3","597","648","827",""
"3","597","866","181",""
"3","598","648","828",""
"3","598","866","182",""
"3","599","648","829",""
"3","599","866","183",""
"3","600","648","830",""
"3","600","866","184",""
"3","601","648","831",""
"3","601","866","185",""
"3","602","648","832",""
"3","602","866","186",""
"3","603","648","833",""
"3","603","866","187",""
"3","604","648","834",""
"3","604","866","188",""
"3","605","648","835",""
"3","605","866","189",""
"3","606","648","836",""
"3","606","866","190",""
"3","607","648","837",""
"3","607","866","191",""
"3","608","648","838",""
"3","608","866","192",""
"3","609","648","840",""
"3","609","866","194",""
"3","610","648","841",""
"3","610","866","195",""
"3","611","648","842",""
"3","611","866","196",""
"3","612","648","843",""
"3","612","866","197",""
"3","613","648","844",""
"3","613","866","198",""
"3","614","648","845",""
"3","614","866","199",""
"3","615","648","846",""
"3","615","866","200",""
"3","616","648","847",""
"3","616","866","201",""
"3","617","648","848",""
"3","617","866","202",""
"3","618","648","849",""
"3","618","866","203",""
"3","619","648","850",""
"3","619","866","204",""
"3","620","648","851",""
"3","620","866","205",""
"3","621","648","852",""
"3","621","866","206",""
"3","622","648","853",""
"3","622","866","207",""
"3","623","648","854",""
"3","623","866","208",""
"3","624","648","855",""
"3","624","866","209",""
"3","625","648","856",""
"3","625","866","210",""
"3","626","648","857",""
"3","626","866","211",""
"3","627","648","858",""
"3","627","866","212",""
"3","628","648","859",""
"3","628","866","213",""
"3","629","648","860",""
"3","629","866","214",""
"3","630","648","861",""
"3","630","866","215",""
"3","631","648","862",""
"3","631","866","216",""
"3","632","648","863",""
"3","632","866","217",""
"3","633","648","864",""
"3","633","866","218",""
"3","634","648","865",""
"3","634","866","219",""
"3","635","648","866",""
"3","635","866","220",""
"3","636","648","867",""
"3","636","866","221",""
"3","637","648","868",""
"3","637","866","222",""
"3","638","648","869",""
"3","638","866","223",""
"3","639","648","870",""
"3","639","866","224",""
"3","640","648","871",""
"3","640","866","225",""
"3","641","648","872",""
"3","641","866","226",""
"3","642","648","873",""
"3","642","866","227",""
"3","643","648","874",""
"3","643","866","228",""
"3","644","648","875",""
"3","644","866","229",""
"3","645","648","876",""
"3","645","866","230",""
"3","646","648","877",""
"3","646","866","231",""
"3","647","648","878",""
"3","647","866","232",""
"3","648","648","880",""
"3","648","866","234",""
"3","649","648","881",""
"3","649","866","235",""
"3","650","648","882",""
"3","650","866","236",""
"3","651","649","5",""
"3","651","650","6",""
"3","652","650","18",""
"3","652","1781","2533",""
"3","653","650","19",""
"3","653","1781","2555",""
"3","654","650","20",""
"3","654","1781","2554",""
"3","655","650","21",""
"3","655","1781","2556",""
"3","656","650","22",""
"3","656","1781","2553",""
"3","657","650","23",""
"3","657","1781","2552",""
"3","658","650","24",""
"3","658","1781","2557",""
"3","659","650","25",""
"3","659","1781","2537",""
"3","660","650","26",""
"3","660","1781","2558",""
"3","661","650","27",""
"3","661","1781","2559",""
"3","662","650","28",""
"3","662","1781","2560",""
"3","663","650","29",""
"3","663","1781","2561",""
"3","664","650","30",""
"3","664","1781","2563",""
"3","665","650","32",""
"3","665","1781","2565",""
"3","666","650","33",""
"3","666","1781","2566",""
"3","667","650","34",""
"3","667","1781","2567",""
"3","668","650","35",""
"3","668","1781","2568",""
"3","669","650","36",""
"3","669","1781","2569",""
"3","670","650","64",""
"3","670","650","65",""
"3","671","650","1609",""
"3","671","1781","791",""
"3","672","650","1612",""
"3","672","650","1614",""
"3","673","650","1618",""
"3","673","650","1619",""
"3","674","650","1680",""
"3","674","650","1697",""
"3","675","650","1688",""
"3","675","650","1689",""
"3","676","650","1720",""
"3","676","650","1734",""
"3","677","650","1752",""
"3","677","650","1768",""
"3","678","650","1753",""
"3","678","650","1803",""
"3","679","650","1758",""
"3","679","650","1759",""
"3","680","650","1780",""
"3","680","650","1781",""
"3","681","650","1782",""
"3","681","650","1812",""
"3","682","650","1792",""
"3","682","650","1793",""
"3","683","650","1799",""
"3","683","650","1851",""
"3","684","650","1815",""
"3","684","650","1855",""
"3","685","650","1837",""
"3","685","650","1838",""
"3","686","650","1849",""
"3","686","650","1860",""
"3","687","650","1871",""
"3","687","650","1886",""
"3","688","650","1894",""
"3","688","650","1895",""
"3","689","650","1898",""
"3","689","650","1899",""
"3","690","650","1921",""
"3","690","650","1937",""
"3","691","650","1922",""
"3","691","650","1945",""
"3","692","650","1938",""
"3","692","650","1939",""
"3","693","651","0",""
"3","693","651","1",""
"3","694","651","33",""
"3","694","866","5",""
"3","695","651","37",""
"3","695","866","14",""
"3","696","651","39",""
"3","696","1781","2025",""
"3","697","651","40",""
"3","697","1781","2026",""
"3","698","651","42",""
"3","698","1781","2028",""
"3","699","651","60",""
"3","699","651","78",""
"3","700","652","0",""
"3","700","652","1",""
"3","701","819","0",""
"3","701","819","1",""
"3","702","866","22",""
"3","702","866","33",""
"3","703","1781","195",""
"3","703","1781","2570",""
"3","704","1781","2573",""
"3","704","1781","335",""
"3","705","1781","2582",""
"3","705","1781","475",""
"3","706","1781","525",""
"3","706","1781","565",""
"3","707","1781","527",""
"3","707","1781","566",""
"3","708","1781","599",""
"3","708","1781","685",""
"3","709","1781","600",""
"3","709","1781","686",""
"3","710","1781","601",""
"3","710","1781","687",""
"3","711","1781","605",""
"3","711","1781","606",""
"3","712","1781","615",""
"3","712","1781","616",""
"3","713","1781","31",""
"3","713","1781","635",""
"3","714","1781","32",""
"3","714","1781","645",""
"3","715","1781","33",""
"3","715","1781","655",""
"3","716","1781","27",""
"3","716","1781","695",""
"3","717","1781","26",""
"3","717","1781","715",""
"3","718","1781","23",""
"3","718","1781","755",""
"3","719","1781","29",""
"3","719","1781","30",""
"3","720","1781","8598",""
"3","720","1781","8599",""
"3","721","24","2",""
"3","722","24","3",""
"3","723","24","4",""
"3","724","24","5",""
"3","725","24","6",""
"3","726","24","7",""
"3","727","24","8",""
"3","728","24","9",""
"3","729","24","10",""
"3","730","24","13",""
"3","731","24","20",""
"3","732","24","21",""
"3","733","24","23",""
"3","734","24","24",""
"3","735","24","32",""
"3","736","24","100",""
"3","737","24","101",""
"3","738","24","102",""
"3","739","24","103",""
"3","740","24","104",""
"3","741","24","105",""
"3","742","24","106",""
"3","743","24","110",""
"3","744","24","111",""
"3","745","24","112",""
"3","746","24","113",""
"3","747","24","114",""
"3","748","24","115",""
"3","749","641","2",""
"3","750","641","3",""
"3","751","641","4",""
"3","752","641","5",""
"3","753","641","6",""
"3","754","641","7",""
"3","755","641","8",""
"3","756","641","9",""
"3","757","641","10",""
"3","758","641","11",""
"3","759","641","12",""
"3","760","641","13",""
"3","761","641","14",""
"3","762","641","17",""
"3","763","641","18",""
"3","764","641","20",""
"3","765","641","23",""
"3","766","641","30",""
"3","767","641","31",""
"3","768","641","32",""
"3","769","641","33",""
"3","770","641","34",""
"3","771","641","60",""
"3","772","641","61",""
"3","773","641","62",""
"3","774","641","63",""
"3","775","641","64",""
"3","776","641","65",""
"3","777","641","66",""
"3","778","641","67",""
"3","779","641","68",""
"3","780","641","71",""
"3","781","641","78",""
"3","782","641","79",""
"3","783","641","80",""
"3","784","641","81",""
"3","785","641","82",""
"3","786","641","84",""
"3","787","641","85",""
"3","788","641","494",""
"3","789","642","2",""
"3","790","642","3",""
"3","791","642","4",""
"3","792","642","5",""
"3","793","642","6",""
"3","794","642","7",""
"3","795","642","8",""
"3","796","642","9",""
"3","797","642","10",""
"3","798","642","11",""
"3","799","642","12",""
"3","800","642","13",""
"3","801","642","14",""
"3","802","642","15",""
"3","803","642","16",""
"3","804","642","17",""
"3","805","642","18",""
"3","806","642","19",""
"3","807","642","20",""
"3","808","642","21",""
"3","809","642","22",""
"3","810","642","23",""
"3","811","642","24",""
"3","812","642","25",""
"3","813","642","26",""
"3","814","642","27",""
"3","815","642","28",""
"3","816","642","29",""
"3","817","642","30",""
"3","818","642","31",""
"3","819","642","32",""
"3","820","642","33",""
"3","821","642","34",""
"3","822","642","35",""
"3","823","642","36",""
"3","824","642","37",""
"3","825","642","38",""
"3","826","642","39",""
"3","827","642","40",""
"3","828","642","41",""
"3","829","642","42",""
"3","830","642","43",""
"3","831","642","44",""
"3","832","642","45",""
"3","833","642","46",""
"3","834","642","47",""
"3","835","642","48",""
"3","836","642","49",""
"3","837","642","50",""
"3","838","642","51",""
"3","839","642","52",""
"3","840","642","53",""
"3","841","642","54",""
"3","842","642","55",""
"3","843","642","56",""
"3","844","642","57",""
"3","845","642","58",""
"3","846","642","59",""
"3","847","642","60",""
"3","848","642","61",""
"3","849","642","62",""
"3","850","642","63",""
"3","851","642","64",""
"3","852","642","65",""
"3","853","642","66",""
"3","854","642","67",""
"3","855","642","68",""
"3","856","642","69",""
"3","857","642","70",""
"3","858","642","71",""
"3","859","642","72",""
"3","860","642","73",""
"3","861","642","74",""
"3","862","642","75",""
"3","863","642","76",""
"3","864","642","77",""
"3","865","642","78",""
"3","866","642","79",""
"3","867","642","80",""
"3","868","642","81",""
"3","869","642","82",""
"3","870","642","83",""
"3","871","642","84",""
"3","872","642","85",""
"3","873","642","86",""
"3","874","642","87",""
"3","875","642","88",""
"3","876","642","89",""
"3","877","642","90",""
"3","878","642","91",""
"3","879","642","92",""
"3","880","642","93",""
"3","881","642","94",""
"3","882","642","95",""
"3","883","642","96",""
"3","884","642","97",""
"3","885","642","98",""
"3","886","642","99",""
"3","887","642","100",""
"3","888","642","101",""
"3","889","642","102",""
"3","890","642","103",""
"3","891","642","104",""
"3","892","642","105",""
"3","893","642","106",""
"3","894","642","107",""
"3","895","642","108",""
"3","896","642","109",""
"3","897","642","110",""
"3","898","642","111",""
"3","899","642","112",""
"3","900","642","113",""
"3","901","642","114",""
"3","902","642","115",""
"3","903","642","116",""
"4","1","642","117",""
"4","2","642","118",""
"4","3","642","119",""
"4","4","642","120",""
"4","5","642","121",""
"4","6","642","122",""
"4","7","642","123",""
"4","8","642","124",""
"4","9","642","125",""
"4","10","642","126",""
"4","11","642","127",""
"4","12","642","128",""
"4","13","642","129",""
"4","14","642","130",""
"4","15","642","131",""
"4","16","642","132",""
"4","17","642","133",""
"4","18","642","134",""
"4","19","642","135",""
"4","20","642","136",""
"4","21","642","137",""
"4","22","642","138",""
"4","23","642","139",""
"4","24","642","140",""
"4","25","642","141",""
"4","26","642","142",""
"4","27","642","143",""
"4","28","642","144",""
"4","29","642","145",""
"4","30","642","146",""
"4","31","642","147",""
"4","32","642","148",""
"4","33","642","149",""
"4","34","642","150",""
"4","35","642","151",""
"4","36","642","152",""
"4","37","642","153",""
"4","38","642","154",""
"4","39","642","155",""
"4","40","642","156",""
"4","41","642","157",""
"4","42","642","158",""
"4","43","642","159",""
"4","44","642","160",""
"4","45","642","161",""
"4","46","642","162",""
"4","47","642","163",""
"4","48","642","164",""
"4","49","642","165",""
"4","50","642","166",""
"4","51","642","167",""
"4","52","642","168",""
"4","53","642","169",""
"4","54","642","170",""
"4","55","642","171",""
"4","56","642","172",""
"4","57","642","173",""
"4","58","642","174",""
"4","59","642","175",""
"4","60","642","176",""
"4","61","642","177",""
"4","62","642","178",""
"4","63","642","179",""
"4","64","642","180",""
"4","65","642","181",""
"4","66","642","182",""
"4","67","642","183",""
"4","68","642","184",""
"4","69","642","185",""
"4","70","642","186",""
"4","71","642","187",""
"4","72","642","188",""
"4","73","642","189",""
"4","74","642","190",""
"4","75","642","191",""
"4","76","642","192",""
"4","77","642","193",""
"4","78","642","194",""
"4","79","642","195",""
"4","80","642","196",""
"4","81","642","197",""
"4","82","642","198",""
"4","83","642","199",""
"4","84","642","200",""
"4","85","642","201",""
"4","86","642","202",""
"4","87","642","203",""
"4","88","642","204",""
"4","89","642","205",""
"4","90","642","206",""
"4","91","642","207",""
"4","92","642","208",""
"4","93","642","209",""
"4","94","642","210",""
"4","95","642","211",""
"4","96","642","212",""
"4","97","642","213",""
"4","98","642","214",""
"4","99","642","215",""
"4","100","642","216",""
"4","101","642","217",""
"4","102","642","218",""
"4","103","642","219",""
"4","104","642","220",""
"4","105","642","221",""
"4","106","642","222",""
"4","107","642","223",""
"4","108","642","224",""
"4","109","642","225",""
"4","110","642","226",""
"4","111","642","227",""
"4","112","642","228",""
"4","113","642","229",""
"4","114","642","230",""
"4","115","642","231",""
"4","116","642","232",""
"4","117","642","233",""
"4","118","642","234",""
"4","119","642","235",""
"4","120","642","236",""
"4","121","642","237",""
"4","122","642","238",""
"4","123","642","239",""
"4","124","642","240",""
"4","125","642","241",""
"4","126","642","242",""
"4","127","642","243",""
"4","128","642","244",""
"4","129","642","245",""
"4","130","642","246",""
"4","131","642","247",""
"4","132","642","248",""
"4","133","642","249",""
"4","134","642","250",""
"4","135","642","251",""
"4","136","642","252",""
"4","137","642","253",""
"4","138","642","254",""
"4","139","642","255",""
"4","140","642","256",""
"4","141","642","257",""
"4","142","642","258",""
"4","143","642","259",""
"4","144","642","260",""
"4","145","642","261",""
"4","146","642","262",""
"4","147","642","263",""
"4","148","642","264",""
"4","149","642","265",""
"4","150","642","266",""
"4","151","642","267",""
"4","152","642","268",""
"4","153","642","269",""
"4","154","642","270",""
"4","155","642","271",""
"4","156","642","272",""
"4","157","642","273",""
"4","158","642","274",""
"4","159","642","275",""
"4","160","642","276",""
"4","161","642","277",""
"4","162","642","278",""
"4","163","642","279",""
"4","164","642","280",""
"4","165","642","281",""
"4","166","642","282",""
"4","167","642","283",""
"4","168","642","284",""
"4","169","642","285",""
"4","170","642","286",""
"4","171","642","287",""
"4","172","642","288",""
"4","173","642","289",""
"4","174","642","290",""
"4","175","642","291",""
"4","176","642","292",""
"4","177","642","293",""
"4","178","642","294",""
"4","179","642","295",""
"4","180","642","296",""
"4","181","642","297",""
"4","182","642","298",""
"4","183","642","299",""
"4","184","642","300",""
"4","185","642","301",""
"4","186","642","302",""
"4","187","642","303",""
"4","188","642","304",""
"4","189","642","305",""
"4","190","642","306",""
"4","191","642","307",""
"4","192","642","308",""
"4","193","642","309",""
"4","194","642","310",""
"4","195","642","311",""
"4","196","642","312",""
"4","197","642","313",""
"4","198","642","314",""
"4","199","642","315",""
"4","200","642","316",""
"4","201","642","317",""
"4","202","642","318",""
"4","203","642","319",""
"4","204","642","320",""
"4","205","642","321",""
"4","206","642","322",""
"4","207","642","323",""
"4","208","642","324",""
"4","209","642","325",""
"4","210","642","326",""
"4","211","642","327",""
"4","212","642","328",""
"4","213","642","329",""
"4","214","642","330",""
"4","215","642","331",""
"4","216","642","332",""
"4","217","642","333",""
"4","218","642","334",""
"4","219","642","335",""
"4","220","642","336",""
"4","221","642","337",""
"4","222","642","338",""
"4","223","642","339",""
"4","224","642","340",""
"4","225","642","341",""
"4","226","642","342",""
"4","227","642","343",""
"4","228","642","344",""
"4","229","642","345",""
"4","230","642","346",""
"4","231","642","347",""
"4","232","642","348",""
"4","233","642","349",""
"4","234","642","350",""
"4","235","642","351",""
"4","236","642","352",""
"4","237","642","353",""
"4","238","642","354",""
"4","239","642","355",""
"4","240","642","356",""
"4","241","642","357",""
"4","242","642","358",""
"4","243","642","359",""
"4","244","642","360",""
"4","245","642","361",""
"4","246","642","362",""
"4","247","642","363",""
"4","248","642","364",""
"4","249","642","365",""
"4","250","642","366",""
"4","251","642","367",""
"4","252","642","368",""
"4","253","642","369",""
"4","254","642","370",""
"4","255","642","371",""
"4","256","642","372",""
"4","257","642","373",""
"4","258","642","374",""
"4","259","642","375",""
"4","260","642","376",""
"4","261","642","377",""
"4","262","642","378",""
"4","263","642","379",""
"4","264","642","380",""
"4","265","642","381",""
"4","266","642","382",""
"4","267","642","383",""
"4","268","642","384",""
"4","269","642","385",""
"4","270","642","386",""
"4","271","642","387",""
"4","272","642","388",""
"4","273","642","389",""
"4","274","642","390",""
"4","275","642","391",""
"4","276","642","392",""
"4","277","642","393",""
"4","278","642","394",""
"4","279","642","395",""
"4","280","642","396",""
"4","281","642","397",""
"4","282","642","398",""
"4","283","642","399",""
"4","284","642","400",""
"4","285","642","401",""
"4","286","642","402",""
"4","287","642","403",""
"4","288","642","404",""
"4","289","642","405",""
"4","290","642","406",""
"4","291","642","407",""
"4","292","642","408",""
"4","293","642","409",""
"4","294","642","410",""
"4","295","642","411",""
"4","296","642","412",""
"4","297","642","413",""
"4","298","642","414",""
"4","299","642","415",""
"4","300","642","416",""
"4","301","642","417",""
"4","302","642","418",""
"4","303","642","419",""
"4","304","642","420",""
"4","305","642","421",""
"4","306","642","422",""
"4","307","642","423",""
"4","308","642","424",""
"4","309","642","425",""
"4","310","642","426",""
"4","311","642","427",""
"4","312","642","428",""
"4","313","642","429",""
"4","314","642","430",""
"4","315","642","431",""
"4","316","642","432",""
"4","317","642","433",""
"4","318","642","434",""
"4","319","642","435",""
"4","320","642","436",""
"4","321","642","437",""
"4","322","642","438",""
"4","323","642","439",""
"4","324","642","440",""
"4","325","642","441",""
"4","326","642","442",""
"4","327","642","443",""
"4","328","642","444",""
"4","329","642","445",""
"4","330","642","446",""
"4","331","642","447",""
"4","332","642","448",""
"4","333","642","449",""
"4","334","642","450",""
"4","335","642","451",""
"4","336","642","452",""
"4","337","642","453",""
"4","338","642","454",""
"4","339","642","455",""
"4","340","642","456",""
"4","341","642","457",""
"4","342","642","458",""
"4","343","642","459",""
"4","344","642","460",""
"4","345","642","461",""
"4","346","642","462",""
"4","347","642","463",""
"4","348","642","464",""
"4","349","642","465",""
"4","350","642","466",""
"4","351","642","467",""
"4","352","642","468",""
"4","353","642","469",""
"4","354","642","470",""
"4","355","642","471",""
"4","356","642","472",""
"4","357","642","473",""
"4","358","642","474",""
"4","359","642","475",""
"4","360","642","476",""
"4","361","642","477",""
"4","362","642","478",""
"4","363","642","479",""
"4","364","642","480",""
"4","365","642","481",""
"4","366","642","482",""
"4","367","642","483",""
"4","368","642","484",""
"4","369","642","485",""
"4","370","642","486",""
"4","371","642","487",""
"4","372","642","488",""
"4","373","642","489",""
"4","374","642","490",""
"4","375","642","491",""
"4","376","642","492",""
"4","377","642","493",""
"4","378","642","494",""
"4","379","642","495",""
"4","380","642","496",""
"4","381","642","497",""
"4","382","642","498",""
"4","383","642","499",""
"4","384","642","500",""
"4","385","642","501",""
"4","386","642","502",""
"4","387","642","503",""
"4","388","642","504",""
"4","389","642","505",""
"4","390","642","506",""
"4","391","642","507",""
"4","392","642","508",""
"4","393","642","509",""
"4","394","642","510",""
"4","395","642","511",""
"4","396","642","512",""
"4","397","642","513",""
"4","398","642","514",""
"4","399","642","515",""
"4","400","642","516",""
"4","401","642","517",""
"4","402","642","518",""
"4","403","642","519",""
"4","404","642","520",""
"4","405","642","521",""
"4","406","642","522",""
"4","407","642","523",""
"4","408","642","524",""
"4","409","642","525",""
"4","410","642","526",""
"4","411","642","527",""
"4","412","642","528",""
"4","413","642","529",""
"4","414","642","530",""
"4","415","642","531",""
"4","416","642","532",""
"4","417","642","533",""
"4","418","642","534",""
"4","419","642","535",""
"4","420","642","536",""
"4","421","642","537",""
"4","422","642","538",""
"4","423","642","539",""
"4","424","642","540",""
"4","425","642","541",""
"4","426","642","542",""
"4","427","642","543",""
"4","428","642","544",""
"4","429","642","545",""
"4","430","642","546",""
"4","431","642","547",""
"4","432","642","548",""
"4","433","642","549",""
"4","434","642","550",""
"4","435","642","551",""
"4","436","642","552",""
"4","437","642","553",""
"4","438","642","554",""
"4","439","642","555",""
"4","440","642","556",""
"4","441","642","557",""
"4","442","642","558",""
"4","443","642","559",""
"4","444","642","560",""
"4","445","642","561",""
"4","446","642","562",""
"4","447","642","563",""
"4","448","642","564",""
"4","449","642","565",""
"4","450","642","566",""
"4","451","642","567",""
"4","452","642","568",""
"4","453","642","569",""
"4","454","642","570",""
"4","455","642","571",""
"4","456","642","572",""
"4","457","642","573",""
"4","458","642","574",""
"4","459","642","575",""
"4","460","642","576",""
"4","461","642","577",""
"4","462","642","578",""
"4","463","642","579",""
"4","464","642","580",""
"4","465","642","581",""
"4","466","642","582",""
"4","467","642","583",""
"4","468","642","584",""
"4","469","642","585",""
"4","470","642","586",""
"4","471","642","587",""
"4","472","642","588",""
"4","473","642","589",""
"4","474","642","590",""
"4","475","642","591",""
"4","476","642","592",""
"4","477","642","593",""
"4","478","642","594",""
"4","479","642","595",""
"4","480","642","596",""
"4","481","642","597",""
"4","482","642","598",""
"4","483","642","599",""
"4","484","642","600",""
"4","485","642","601",""
"4","486","642","602",""
"4","487","642","603",""
"4","488","642","604",""
"4","489","642","605",""
"4","490","642","606",""
"4","491","642","607",""
"4","492","642","608",""
"4","493","642","609",""
"4","494","642","610",""
"4","495","642","611",""
"4","496","642","612",""
"4","497","642","5000",""
"4","498","642","5001",""
"4","499","642","5002",""
"4","500","642","5003",""
"4","501","642","5005",""
"4","502","642","5006",""
"4","503","642","5007",""
"4","504","642","5008",""
"4","505","642","5009",""
"4","506","642","5010",""
"4","507","642","5011",""
"4","508","642","5012",""
"4","509","642","5013",""
"4","510","642","5014",""
"4","511","642","5020",""
"4","512","642","5021",""
"4","513","642","5022",""
"4","514","642","5023",""
"4","515","642","5024",""
"4","516","642","5043",""
"4","517","642","5049",""
"4","518","642","5050",""
"4","519","642","5051",""
"4","520","642","5052",""
"4","521","642","5053",""
"4","522","642","5054",""
"4","523","642","5055",""
"4","524","642","5056",""
"4","525","642","5063",""
"4","526","642","5064",""
"4","527","642","5065",""
"4","528","642","5066",""
"4","529","642","5067",""
"4","530","642","5068",""
"4","531","642","5069",""
"4","532","642","5070",""
"4","533","642","5071",""
"4","534","642","5072",""
"4","535","642","5073",""
"4","536","642","5074",""
"4","537","642","5075",""
"4","538","642","5076",""
"4","539","642","5077",""
"4","540","642","5078",""
"4","541","642","5079",""
"4","542","642","5080",""
"4","543","642","5081",""
"4","544","642","5082",""
"4","545","642","5083",""
"4","546","642","5084",""
"4","547","642","5085",""
"4","548","642","5086",""
"4","549","642","5087",""
"4","550","642","5089",""
"4","551","642","5090",""
"4","552","642","5091",""
"4","553","642","5092",""
"4","554","642","5093",""
"4","555","642","5094",""
"4","556","642","5095",""
"4","557","642","5096",""
"4","558","642","5097",""
"4","559","642","5098",""
"4","560","642","5099",""
"4","561","642","5100",""
"4","562","642","5101",""
"4","563","642","5102",""
"4","564","642","5103",""
"4","565","642","5105",""
"4","566","642","5106",""
"4","567","642","5107",""
"4","568","642","5108",""
"4","569","642","5109",""
"4","570","642","5110",""
"4","571","642","5111",""
"4","572","642","5112",""
"4","573","642","5113",""
"4","574","642","5114",""
"4","575","642","5115",""
"4","576","642","5116",""
"4","577","642","5117",""
"4","578","642","5118",""
"4","579","642","5119",""
"4","580","642","5120",""
"4","581","642","5121",""
"4","582","642","5122",""
"4","583","642","5123",""
"4","584","642","5124",""
"4","585","642","5125",""
"4","586","642","5126",""
"4","587","642","5127",""
"4","588","642","5128",""
"4","589","642","5129",""
"4","590","642","5130",""
"4","591","642","5131",""
"4","592","642","5132",""
"4","593","642","5133",""
"4","594","642","5134",""
"4","595","642","5135",""
"4","596","642","5136",""
"4","597","642","5137",""
"4","598","642","5138",""
"4","599","642","5139",""
"4","600","642","5140",""
"4","601","642","5141",""
"4","602","642","5142",""
"4","603","642","5143",""
"4","604","642","5144",""
"4","605","643","27",""
"4","606","643","31",""
"4","607","643","32",""
"4","608","643","33",""
"4","609","643","34",""
"4","610","643","35",""
"4","611","643","36",""
"4","612","643","42",""
"4","613","643","43",""
"4","614","643","44",""
"4","615","643","45",""
"4","616","643","46",""
"4","617","643","47",""
"4","618","643","48",""
"4","619","643","49",""
"4","620","643","50",""
"4","621","643","51",""
"4","622","643","52",""
"4","623","643","53",""
"4","624","643","54",""
"4","625","643","55",""
"4","626","643","56",""
"4","627","643","57",""
"4","628","643","58",""
"4","629","643","59",""
"4","630","643","60",""
"4","631","644","5",""
"4","632","644","23",""
"4","633","644","24",""
"4","634","644","25",""
"4","635","644","26",""
"4","636","644","27",""
"4","637","644","39",""
"4","638","644","42",""
"4","639","644","43",""
"4","640","644","44",""
"4","641","644","45",""
"4","642","644","1749",""
"4","643","644","1750",""
"4","644","644","1751",""
"4","645","644","1752",""
"4","646","644","1753",""
"4","647","644","1754",""
"4","648","644","1755",""
"4","649","644","1756",""
"4","650","644","1757",""
"4","651","644","1761",""
"4","652","644","1769",""
"4","653","644","1774",""
"4","654","644","1775",""
"4","655","644","1776",""
"4","656","644","1777",""
"4","657","644","1778",""
"4","658","644","1779",""
"4","659","644","1780",""
"4","660","644","1781",""
"4","661","644","1782",""
"4","662","644","1783",""
"4","663","644","1784",""
"4","664","644","1794",""
"4","665","644","1795",""
"4","666","644","1796",""
"4","667","644","1802",""
"4","668","644","1803",""
"4","669","644","1804",""
"4","670","644","1805",""
"4","671","644","1806",""
"4","672","644","1807",""
"4","673","644","1808",""
"4","674","644","1809",""
"4","675","644","1810",""
"4","676","644","1811",""
"4","677","644","1812",""
"4","678","644","1813",""
"4","679","644","1814",""
"4","680","644","1815",""
"4","681","644","1816",""
"4","682","644","1817",""
"4","683","644","1818",""
"4","684","644","1819",""
"4","685","644","1820",""
"4","686","644","1821",""
"4","687","644","1822",""
"4","688","644","1823",""
"4","689","644","1824",""
"4","690","645","13",""
"4","691","645","14",""
"4","691","645","193",""
"4","692","645","15",""
"4","693","645","16",""
"4","694","645","33",""
"4","695","645","34",""
"4","696","645","40",""
"4","697","645","41",""
"4","698","645","42",""
"4","699","645","43",""
"4","700","645","44",""
"4","701","645","45",""
"4","702","645","59",""
"4","703","645","60",""
"4","704","645","61",""
"4","705","645","62",""
"4","706","645","65",""
"4","707","645","66",""
"4","708","645","67",""
"4","709","645","68",""
"4","710","645","69",""
"4","711","645","70",""
"4","712","645","72",""
"4","713","645","74",""
"4","714","645","75",""
"4","715","645","76",""
"4","716","645","77",""
"4","717","645","78",""
"4","718","645","79",""
"4","719","645","80",""
"4","720","645","81",""
"4","721","645","82",""
"4","722","645","83",""
"4","723","645","84",""
"4","724","645","85",""
"4","725","645","86",""
"4","726","645","87",""
"4","727","645","88",""
"4","728","645","89",""
"4","729","646","4",""
"4","730","646","5",""
"4","731","646","6",""
"4","732","646","7",""
"4","733","646","8",""
"4","734","646","9",""
"4","735","646","10",""
"4","736","646","11",""
"4","737","646","12",""
"4","738","646","13",""
"4","739","646","14",""
"4","740","646","16",""
"4","741","646","23",""
"4","742","647","6",""
"4","743","647","7",""
"4","744","647","8",""
"4","745","647","9",""
"4","746","647","10",""
"4","747","647","13",""
"4","748","647","14",""
"4","749","647","15",""
"4","750","647","16",""
"4","751","647","21",""
"4","752","647","22",""
"4","753","647","23",""
"4","754","647","24",""
"4","755","647","25",""
"4","756","647","28",""
"4","757","648","1",""
"4","758","648","4",""
"4","759","648","5",""
"4","760","648","6",""
"4","761","648","7",""
"4","762","648","8",""
"4","763","648","9",""
"4","764","648","13",""
"4","765","648","3",""
"4","766","648","18",""
"4","767","648","19",""
"4","768","648","26",""
"4","769","648","50",""
"4","770","648","51",""
"4","771","648","52",""
"4","772","648","53",""
"4","773","648","54",""
"4","774","648","55",""
"4","775","648","56",""
"4","776","648","57",""
"4","777","648","58",""
"4","778","648","60",""
"4","779","648","61",""
"4","780","648","71",""
"4","781","648","72",""
"4","782","648","73",""
"4","783","648","74",""
"4","784","648","75",""
"4","785","648","76",""
"4","786","648","77",""
"4","787","648","78",""
"4","788","648","79",""
"4","789","648","80",""
"4","790","648","81",""
"4","791","648","82",""
"4","792","648","83",""
"4","793","648","84",""
"4","794","648","85",""
"4","795","648","86",""
"4","796","648","87",""
"4","797","648","88",""
"4","798","648","89",""
"4","799","648","90",""
"4","800","648","91",""
"4","801","648","92",""
"4","802","648","93",""
"4","803","648","94",""
"4","804","648","95",""
"4","805","648","96",""
"4","806","648","97",""
"4","807","648","98",""
"4","808","648","99",""
"4","809","649","12",""
"4","810","649","13",""
"4","811","649","24",""
"4","812","649","25",""
"4","813","649","26",""
"4","814","649","27",""
"4","815","649","28",""
"4","816","649","29",""
"4","817","649","30",""
"4","818","649","31",""
"4","819","649","33",""
"4","820","649","37",""
"4","821","649","38",""
"4","822","649","39",""
"4","823","649","40",""
"4","824","649","41",""
"4","825","649","42",""
"4","826","649","43",""
"4","827","649","44",""
"4","828","649","45",""
"4","829","649","46",""
"4","830","649","47",""
"4","831","649","48",""
"4","832","649","49",""
"4","833","649","50",""
"4","834","649","51",""
"4","835","649","52",""
"4","836","649","53",""
"4","837","649","54",""
"4","838","649","55",""
"4","839","649","56",""
"4","840","649","57",""
"4","841","649","58",""
"4","842","649","59",""
"4","843","649","60",""
"4","844","649","61",""
"4","845","649","62",""
"4","846","649","63",""
"4","847","649","64",""
"4","848","649","65",""
"4","849","649","66",""
"4","850","649","67",""
"4","851","649","68",""
"4","852","649","69",""
"4","853","649","70",""
"4","854","649","71",""
"4","855","649","72",""
"4","856","649","73",""
"4","857","649","74",""
"4","858","649","75",""
"4","859","649","76",""
"4","860","649","78",""
"4","861","649","79",""
"4","862","649","80",""
"4","863","649","81",""
"4","864","649","82",""
"4","865","649","83",""
"4","866","649","84",""
"4","867","649","85",""
"4","868","649","86",""
"4","869","649","87",""
"4","870","649","88",""
"4","871","649","89",""
"4","872","649","90",""
"4","873","649","91",""
"4","874","649","92",""
"4","875","649","93",""
"4","876","649","94",""
"4","877","649","95",""
"4","878","649","96",""
"4","879","649","97",""
"4","880","649","98",""
"4","881","649","99",""
"4","882","649","100",""
"4","883","649","101",""
"4","884","649","102",""
"4","885","649","103",""
"4","886","649","104",""
"4","887","649","105",""
"4","888","649","106",""
"4","889","649","107",""
"4","890","649","108",""
"4","891","649","109",""
"4","892","649","110",""
"4","893","649","111",""
"4","894","649","112",""
"4","895","649","113",""
"4","896","649","114",""
"4","897","649","115",""
"4","898","649","116",""
"4","899","649","117",""
"4","900","649","119",""
"4","901","649","120",""
"4","902","649","121",""
"5","1","649","122",""
"5","2","649","123",""
"5","3","649","124",""
"5","4","649","125",""
"5","5","649","126",""
"5","6","649","127",""
"5","7","649","128",""
"5","8","649","129",""
"5","9","649","130",""
"5","10","649","131",""
"5","11","649","132",""
"5","12","649","133",""
"5","13","649","134",""
"5","14","649","135",""
"5","15","649","136",""
"5","16","649","137",""
"5","17","649","138",""
"5","18","649","139",""
"5","19","649","140",""
"5","20","649","141",""
"5","21","649","142",""
"5","22","649","143",""
"5","23","649","144",""
"5","24","649","145",""
"5","25","649","146",""
"5","26","649","147",""
"5","27","649","148",""
"5","28","649","149",""
"5","29","649","150",""
"5","30","649","151",""
"5","31","649","152",""
"5","32","649","153",""
"5","33","649","154",""
"5","34","649","155",""
"5","35","649","156",""
"5","36","649","157",""
"5","37","649","158",""
"5","38","650","4",""
"5","39","650","7",""
"5","40","650","8",""
"5","41","650","9",""
"5","42","650","10",""
"5","43","650","11",""
"5","44","650","31",""
"5","45","650","47",""
"5","46","650","48",""
"5","47","650","49",""
"5","48","650","50",""
"5","49","650","51",""
"5","50","650","52",""
"5","51","650","53",""
"5","52","650","54",""
"5","53","650","55",""
"5","54","650","56",""
"5","55","650","57",""
"5","56","650","58",""
"5","57","650","59",""
"5","58","650","60",""
"5","59","650","61",""
"5","60","650","63",""
"5","61","650","1676",""
"5","62","650","1613",""
"5","63","650","1617",""
"5","64","650","1620",""
"5","65","650","1627",""
"5","66","650","1628",""
"5","67","650","1678",""
"5","68","650","1685",""
"5","69","650","1686",""
"5","70","650","1690",""
"5","71","650","1716",""
"5","72","650","1719",""
"5","73","650","1728",""
"5","74","650","1732",""
"5","75","650","1735",""
"5","76","650","1737",""
"5","77","650","1740",""
"5","78","650","1743",""
"5","79","650","1777",""
"5","80","650","1778",""
"5","81","650","1779",""
"5","82","650","1783",""
"5","83","650","1784",""
"5","84","650","1785",""
"5","85","650","1786",""
"5","86","650","1787",""
"5","87","650","1788",""
"5","88","650","1789",""
"5","89","650","1790",""
"5","90","650","1791",""
"5","91","650","1794",""
"5","92","650","1795",""
"5","93","650","1796",""
"5","94","650","1797",""
"5","95","650","1798",""
"5","96","650","1800",""
"5","97","650","1801",""
"5","98","650","1802",""
"5","99","650","1804",""
"5","100","650","1805",""
"5","101","650","1806",""
"5","102","650","1807",""
"5","103","650","1808",""
"5","104","650","1809",""
"5","105","650","1810",""
"5","106","650","1811",""
"5","107","650","1813",""
"5","108","650","1814",""
"5","109","650","1823",""
"5","110","650","1847",""
"5","111","650","1848",""
"5","112","650","1853",""
"5","113","650","1854",""
"5","114","650","1857",""
"5","115","650","1858",""
"5","116","650","1865",""
"5","117","650","1866",""
"5","118","650","1867",""
"5","119","650","1868",""
"5","120","650","1870",""
"5","121","650","1872",""
"5","122","650","1873",""
"5","123","650","1874",""
"5","124","650","1877",""
"5","125","650","1878",""
"5","126","650","1879",""
"5","127","650","1882",""
"5","128","650","1883",""
"5","129","650","1885",""
"5","130","650","1888",""
"5","131","650","1896",""
"5","132","650","1897",""
"5","133","650","1900",""
"5","134","650","1917",""
"5","135","650","1918",""
"5","136","650","1919",""
"5","137","650","1920",""
"5","138","650","1923",""
"5","139","650","1924",""
"5","140","650","1925",""
"5","141","650","1926",""
"5","142","650","1940",""
"5","143","650","1941",""
"5","144","650","1942",""
"5","145","650","1943",""
"5","146","650","1944",""
"5","147","650","1958",""
"5","148","650","1959",""
"5","149","650","1960",""
"5","150","650","1961",""
"5","151","650","1962",""
"5","152","650","1963",""
"5","153","650","1964",""
"5","154","650","1965",""
"5","155","650","1966",""
"5","156","650","1967",""
"5","157","650","1968",""
"5","158","650","1969",""
"5","159","650","1970",""
"5","160","650","1977",""
"5","161","650","1978",""
"5","162","650","1987",""
"5","163","650","1988",""
"5","164","650","1989",""
"5","165","650","1990",""
"5","166","650","1991",""
"5","167","650","1992",""
"5","168","650","1993",""
"5","169","650","1994",""
"5","170","650","1995",""
"5","171","650","1996",""
"5","172","650","1997",""
"5","173","650","1998",""
"5","174","650","1999",""
"5","175","650","2000",""
"5","176","650","2001",""
"5","177","650","2002",""
"5","178","650","2003",""
"5","179","650","2004",""
"5","180","650","2005",""
"5","181","650","2006",""
"5","182","650","2007",""
"5","183","650","2008",""
"5","184","650","2009",""
"5","185","650","2010",""
"5","186","650","2011",""
"5","187","650","2012",""
"5","188","650","2013",""
"5","189","650","2014",""
"5","190","650","2015",""
"5","191","650","2016",""
"5","192","650","2017",""
"5","193","650","2018",""
"5","194","650","2019",""
"5","195","650","2020",""
"5","196","650","2021",""
"5","197","650","2022",""
"5","198","650","2023",""
"5","199","650","2024",""
"5","200","650","2025",""
"5","201","650","2026",""
"5","202","651","2",""
"5","203","651","3",""
"5","204","651","4",""
"5","205","651","5",""
"5","206","651","6",""
"5","207","651","7",""
"5","208","651","8",""
"5","209","651","11",""
"5","210","651","14",""
"5","211","651","12",""
"5","211","651","15",""
"5","211","651","9",""
"5","212","651","10",""
"5","212","651","13",""
"5","212","651","16",""
"5","213","651","17",""
"5","214","651","18",""
"5","215","651","19",""
"5","216","651","20",""
"5","217","651","21",""
"5","218","651","22",""
"5","219","651","23",""
"5","220","651","24",""
"5","221","651","25",""
"5","222","651","26",""
"5","223","651","27",""
"5","224","651","28",""
"5","225","651","29",""
"5","226","651","30",""
"5","227","651","31",""
"5","228","651","32",""
"5","229","651","34",""
"5","230","651","35",""
"5","231","651","36",""
"5","232","651","38",""
"5","233","651","41",""
"5","234","651","43",""
"5","235","651","56",""
"5","236","651","57",""
"5","237","651","58",""
"5","238","651","59",""
"5","239","651","61",""
"5","240","651","62",""
"5","241","651","63",""
"5","242","651","64",""
"5","243","651","65",""
"5","244","651","66",""
"5","245","651","67",""
"5","246","651","68",""
"5","247","651","69",""
"5","248","651","70",""
"5","249","651","71",""
"5","250","651","72",""
"5","251","651","73",""
"5","252","651","74",""
"5","253","651","75",""
"5","254","651","76",""
"5","255","651","77",""
"5","256","651","81",""
"5","257","651","84",""
"5","258","652","2",""
"5","259","652","3",""
"5","260","652","4",""
"5","261","652","5",""
"5","262","652","6",""
"5","263","652","7",""
"5","264","652","8",""
"5","265","652","9",""
"5","266","652","10",""
"5","267","652","11",""
"5","268","652","12",""
"5","269","652","13",""
"5","270","652","14",""
"5","271","652","15",""
"5","272","652","16",""
"5","273","652","17",""
"5","274","652","18",""
"5","275","652","19",""
"5","276","652","20",""
"5","277","652","21",""
"5","278","652","22",""
"5","279","652","25",""
"5","280","652","26",""
"5","281","652","27",""
"5","282","652","28",""
"5","283","652","29",""
"5","284","652","30",""
"5","285","652","31",""
"5","286","652","32",""
"5","287","652","33",""
"5","288","866","1",""
"5","289","866","2",""
"5","290","866","4",""
"5","291","866","6",""
"5","292","866","7",""
"5","293","866","8",""
"5","294","866","10",""
"5","295","866","11",""
"5","296","866","18",""
"5","297","866","21",""
"5","298","866","23",""
"5","299","866","50",""
"5","300","866","51",""
"5","301","866","52",""
"5","302","866","53",""
"5","303","866","54",""
"5","304","866","59",""
"5","305","866","60",""
"5","306","866","61",""
"5","307","866","62",""
"5","308","866","63",""
"5","309","866","65",""
"5","310","866","66",""
"5","311","1781","2523",""
"5","312","1781","2524",""
"5","313","1781","2525",""
"5","314","1781","2526",""
"5","315","1781","2527",""
"5","316","1781","2528",""
"5","317","1781","2529",""
"5","318","1781","2534",""
"5","319","1781","2536",""
"5","320","1781","2538",""
"5","321","1781","2539",""
"5","322","1781","2543",""
"5","323","1781","2544",""
"5","324","1781","2545",""
"5","325","1781","2562",""
"5","326","1781","2564",""
"5","327","1781","2571",""
"5","328","1781","2572",""
"5","329","1781","2574",""
"5","330","1781","2575",""
"5","331","1781","2576",""
"5","332","1781","2577",""
"5","333","1781","2578",""
"5","334","1781","2579",""
"5","335","1781","2580",""
"5","336","1781","2583",""
"5","337","1781","2584",""
"5","338","1781","2006",""
"5","339","1781","2007",""
"5","340","1781","2008",""
"5","341","1781","2009",""
"5","342","1781","2010",""
"5","343","1781","2011",""
"5","344","1781","2012",""
"5","345","1781","2013",""
"5","346","1781","2014",""
"5","347","1781","2015",""
"5","348","1781","2016",""
"5","349","1781","2017",""
"5","350","1781","2018",""
"5","351","1781","2019",""
"5","352","1781","2020",""
"5","353","1781","2021",""
"5","354","1781","2022",""
"5","355","1781","2024",""
"5","356","1781","2027",""
"5","357","1781","2029",""
"5","358","1781","165",""
"5","359","1781","166",""
"5","360","1781","167",""
"5","361","1781","168",""
"5","362","1781","169",""
"5","363","1781","170",""
"5","364","1781","175",""
"5","365","1781","176",""
"5","366","1781","177",""
"5","367","1781","178",""
"5","368","1781","179",""
"5","369","1781","185",""
"5","370","1781","186",""
"5","371","1781","187",""
"5","372","1781","188",""
"5","373","1781","189",""
"5","374","1781","190",""
"5","375","1781","196",""
"5","376","1781","197",""
"5","377","1781","198",""
"5","378","1781","199",""
"5","379","1781","205",""
"5","380","1781","206",""
"5","381","1781","207",""
"5","382","1781","208",""
"5","383","1781","209",""
"5","384","1781","210",""
"5","385","1781","211",""
"5","386","1781","215",""
"5","387","1781","216",""
"5","388","1781","217",""
"5","389","1781","218",""
"5","390","1781","219",""
"5","391","1781","220",""
"5","392","1781","225",""
"5","393","1781","226",""
"5","394","1781","227",""
"5","395","1781","228",""
"5","396","1781","229",""
"5","397","1781","235",""
"5","398","1781","236",""
"5","399","1781","237",""
"5","400","1781","238",""
"5","401","1781","239",""
"5","402","1781","240",""
"5","403","1781","241",""
"5","404","1781","245",""
"5","405","1781","246",""
"5","406","1781","247",""
"5","407","1781","248",""
"5","408","1781","249",""
"5","409","1781","250",""
"5","410","1781","255",""
"5","411","1781","256",""
"5","412","1781","257",""
"5","413","1781","258",""
"5","414","1781","265",""
"5","415","1781","266",""
"5","416","1781","267",""
"5","417","1781","268",""
"5","418","1781","269",""
"5","419","1781","275",""
"5","420","1781","276",""
"5","421","1781","277",""
"5","422","1781","278",""
"5","423","1781","285",""
"5","424","1781","286",""
"5","425","1781","287",""
"5","426","1781","288",""
"5","427","1781","289",""
"5","428","1781","295",""
"5","429","1781","296",""
"5","430","1781","297",""
"5","431","1781","298",""
"5","432","1781","299",""
"5","433","1781","305",""
"5","434","1781","306",""
"5","435","1781","307",""
"5","436","1781","308",""
"5","437","1781","309",""
"5","438","1781","315",""
"5","439","1781","316",""
"5","440","1781","317",""
"5","441","1781","318",""
"5","442","1781","319",""
"5","443","1781","325",""
"5","444","1781","326",""
"5","445","1781","327",""
"5","446","1781","328",""
"5","447","1781","336",""
"5","448","1781","337",""
"5","449","1781","338",""
"5","450","1781","339",""
"5","451","1781","340",""
"5","452","1781","345",""
"5","453","1781","346",""
"5","454","1781","347",""
"5","455","1781","348",""
"5","456","1781","349",""
"5","457","1781","355",""
"5","458","1781","356",""
"5","459","1781","357",""
"5","460","1781","365",""
"5","461","1781","366",""
"5","462","1781","367",""
"5","463","1781","368",""
"5","464","1781","375",""
"5","465","1781","376",""
"5","466","1781","377",""
"5","467","1781","378",""
"5","468","1781","385",""
"5","469","1781","386",""
"5","470","1781","387",""
"5","471","1781","388",""
"5","472","1781","395",""
"5","473","1781","396",""
"5","474","1781","397",""
"5","475","1781","398",""
"5","476","1781","399",""
"5","477","1781","405",""
"5","478","1781","406",""
"5","479","1781","407",""
"5","480","1781","408",""
"5","481","1781","409",""
"5","482","1781","410",""
"5","483","1781","411",""
"5","484","1781","415",""
"5","485","1781","416",""
"5","486","1781","417",""
"5","487","1781","418",""
"5","488","1781","425",""
"5","489","1781","426",""
"5","490","1781","427",""
"5","491","1781","428",""
"5","492","1781","435",""
"5","493","1781","436",""
"5","494","1781","437",""
"5","495","1781","438",""
"5","496","1781","445",""
"5","497","1781","446",""
"5","498","1781","447",""
"5","499","1781","448",""
"5","500","1781","449",""
"5","501","1781","450",""
"5","502","1781","455",""
"5","503","1781","456",""
"5","504","1781","457",""
"5","505","1781","458",""
"5","506","1781","465",""
"5","507","1781","466",""
"5","508","1781","467",""
"5","509","1781","468",""
"5","510","1781","469",""
"5","511","1781","470",""
"5","512","1781","485",""
"5","513","1781","486",""
"5","514","1781","487",""
"5","515","1781","488",""
"5","516","1781","495",""
"5","517","1781","496",""
"5","518","1781","497",""
"5","519","1781","498",""
"5","520","1781","505",""
"5","521","1781","506",""
"5","522","1781","507",""
"5","523","1781","508",""
"5","524","1781","509",""
"5","525","1781","515",""
"5","526","1781","516",""
"5","527","1781","517",""
"5","528","1781","526",""
"5","529","1781","535",""
"5","530","1781","536",""
"5","531","1781","537",""
"5","532","1781","538",""
"5","533","1781","546",""
"5","534","1781","555",""
"5","535","1781","556",""
"5","536","1781","557",""
"5","537","1781","558",""
"5","538","1781","575",""
"5","539","1781","585",""
"5","540","1781","586",""
"5","541","1781","587",""
"5","542","1781","588",""
"5","543","1781","589",""
"5","544","1781","595",""
"5","545","1781","596",""
"5","546","1781","597",""
"5","547","1781","598",""
"5","548","1781","625",""
"5","549","1781","626",""
"5","550","1781","636",""
"5","551","1781","646",""
"5","552","1781","656",""
"5","553","1781","665",""
"5","554","1781","675",""
"5","555","1781","705",""
"5","556","1781","706",""
"5","557","1781","716",""
"5","558","1781","725",""
"5","559","1781","726",""
"5","560","1781","735",""
"5","561","1781","736",""
"5","562","1781","745",""
"5","563","1781","756",""
"5","564","1781","765",""
"5","565","1781","775",""
"5","566","1781","776",""
"5","567","1781","785",""
"5","568","1781","786",""
"5","569","1781","787",""
"5","570","1781","788",""
"5","571","1781","789",""
"5","572","1781","790",""
"5","573","1781","792",""
"5","574","1781","793",""
"5","575","1781","794",""
"5","576","1781","19",""
"5","577","1781","20",""
"5","578","1781","22",""
"5","579","1781","24",""
"5","580","1781","25",""
"5","581","1781","28",""
"5","582","1781","48",""
"5","583","1781","49",""
"5","584","1781","51",""
"5","585","1781","52",""
"5","586","1781","53",""
"5","587","1781","54",""
"5","588","1781","55",""
"5","589","1781","56",""
"5","590","1781","57",""
"5","591","1781","58",""
"5","592","1781","59",""
"5","593","1781","60",""
"5","594","1781","61",""
"5","595","1781","62",""
"5","596","1781","63",""
"5","597","1781","64",""
"5","598","1781","65",""
"5","599","1781","66",""
"5","600","1781","67",""
"5","601","1781","68",""
"5","602","1781","69",""
"5","603","1781","70",""
"5","604","1781","71",""
"5","605","1781","72",""
"5","606","1781","73",""
"5","607","1781","74",""
"5","608","1781","75",""
"5","609","1781","76",""
"5","610","1781","77",""
"5","611","1781","78",""
"5","612","1781","79",""
"5","613","1781","80",""
"5","614","1781","81",""
"5","615","1781","82",""
"5","616","1781","83",""
"5","617","1781","84",""
"5","618","1781","85",""
"5","619","1781","86",""
"5","620","1781","87",""
"5","621","1781","10013",""
"5","622","1781","10014",""
"5","623","1781","10015",""
"5","624","1781","10016",""
"5","625","1781","10017",""
"5","626","1781","10018",""
"5","627","1781","10019",""
"5","628","1781","10020",""
"5","629","1781","10021",""
"5","630","1781","10022",""
"5","631","1781","10023",""
"5","632","1781","10024",""
"5","633","1781","10025",""
"5","634","1781","10026",""
"5","635","1781","10027",""
"5","636","1781","10028",""
"5","637","1781","10029",""
"5","638","1781","10030",""
"5","639","1781","10031",""
"5","640","1781","10032",""
"5","641","1781","10033",""
"5","642","1781","10034",""
"5","643","1781","10035",""
"5","644","1781","10036",""
"5","645","1781","10037",""
"5","646","1781","10038",""
"5","647","1781","10039",""
"5","648","1781","10040",""
"5","649","1781","10041",""
"5","650","1781","10042",""
"5","651","1781","10043",""
"5","652","1781","10044",""
"5","653","1781","10045",""
"5","654","1781","10046",""
"5","655","1781","10047",""
"5","656","1781","10048",""
"5","657","1781","10049",""
"5","658","1781","10050",""
"5","659","1781","10051",""
"5","660","1781","10052",""
"5","661","1781","10053",""
"5","662","1781","10054",""
"5","663","1781","10055",""
"5","664","1781","10056",""
"5","665","1781","10057",""
"5","666","1781","10058",""
"5","667","1781","10059",""
"5","668","1781","10060",""
"5","669","1781","10061",""
"5","670","1781","10062",""
"5","671","1781","10063",""
"5","672","1781","10064",""
"5","673","1781","2581",""
"5","673","1781","3012",""
"5","674","1781","3013",""
"5","675","1781","3014",""
"5","676","1781","3015",""
"5","677","1781","3016",""
"5","678","1781","3017",""
"5","679","1781","3018",""
"5","680","1781","3019",""
"5","681","1781","3020",""
"5","682","1781","3022",""
"5","683","1781","3023",""
"5","684","1781","3024",""
"5","685","1781","3027",""
"5","686","1781","3028",""
"5","687","1781","3030",""
"5","688","1781","3031",""
"5","689","1781","3032",""
"5","690","1781","3033",""
"5","691","1781","3034",""
"5","692","1781","3035",""
"5","693","1781","3036",""
"5","694","1781","3037",""
"5","695","1781","3038",""
"5","696","1781","3039",""
"5","697","1781","3040",""
"5","698","1781","3041",""
"5","699","1781","3042",""
"5","700","1781","5003",""
"5","701","1781","5004",""
"5","702","1781","5005",""
"5","703","1781","5006",""
"5","704","1781","5007",""
"5","705","1781","5008",""
"5","706","1781","5009",""
"5","707","1781","5010",""
"5","708","1781","5011",""
"5","709","1781","5012",""
"5","710","1781","5013",""
"5","711","1781","5014",""
"5","712","1781","5015",""
"5","713","1781","5016",""
"5","714","1781","5017",""
"5","715","1781","5018",""
"5","716","1781","5019",""
"5","717","1781","5020",""
"5","718","1781","5021",""
"5","719","1781","5022",""
"5","720","1781","5024",""
"5","721","1781","5026",""
"5","722","1781","5030",""
"5","723","1781","5031",""
"5","724","1781","5032",""
"5","725","1781","5033",""
"5","726","1781","5034",""
"5","727","1781","5035",""
"5","728","1781","5036",""
"5","729","1781","5037",""
"5","730","1781","5038",""
"5","731","1781","5039",""
"5","732","1781","5040",""
"5","733","1781","5041",""
"5","734","1781","5042",""
"5","735","1781","5043",""
"5","736","1781","5044",""
"5","737","1781","5045",""
"5","738","1781","5046",""
"5","739","1781","5047",""
"5","740","1781","5048",""
"5","741","1781","5049",""
"5","742","1781","5050",""
"5","743","1781","5051",""
"5","744","1781","5052",""
"5","745","1781","5053",""
"5","746","1781","5054",""
"5","747","1781","5055",""
"5","748","1781","5056",""
"5","749","1781","5057",""
"5","750","1781","5058",""
"5","751","1781","5059",""
"5","752","1781","5060",""
"5","753","1781","5061",""
"5","754","1781","5062",""
"5","755","1781","5063",""
"5","756","1781","5064",""
"5","757","1781","5065",""
"5","758","1781","5066",""
"5","759","1781","5067",""
"5","760","1781","5068",""
"5","761","1781","5069",""
"5","762","1781","5070",""
"5","763","1781","5071",""
"5","764","1781","5072",""
"5","765","1781","5073",""
"5","766","1781","5074",""
"5","767","1781","5075",""
"5","768","1781","5076",""
"5","769","1781","5077",""
"5","770","1781","5078",""
"5","771","1781","5079",""
"5","772","1781","5080",""
"5","773","1781","5081",""
"5","774","1781","5082",""
"5","775","1781","5083",""
"5","776","1781","5084",""
"5","777","1781","5085",""
"5","778","1781","5086",""
"5","779","1781","5087",""
"5","780","1781","5088",""
"5","781","1781","5089",""
"5","782","1781","5090",""
"5","783","1781","5091",""
"5","784","1781","5092",""
"5","785","1781","5093",""
"5","786","1781","5094",""
"5","787","1781","5095",""
"5","788","1781","5096",""
"5","789","1781","5097",""
"5","790","1781","5098",""
"5","791","1781","5099",""
"5","792","1781","5100",""
"5","793","1781","5101",""
"5","794","1781","5102",""
"5","795","1781","5103",""
"5","796","1781","5106",""
"5","797","1781","5107",""
"5","798","1781","5108",""
"5","799","1781","5109",""
"5","800","1781","5110",""
"5","801","1781","5111",""
"5","802","1781","5112",""
"5","803","1781","5113",""
"5","804","1781","5114",""
"5","805","1781","5115",""
"5","806","1781","5116",""
"5","807","1781","5117",""
"5","808","1781","5118",""
"5","809","1781","5119",""
"5","810","1781","5120",""
"5","811","1781","5121",""
"5","812","1781","5122",""
"5","813","1781","5123",""
"5","814","1781","5124",""
"5","815","1781","5127",""
"5","816","1781","5133",""
"5","817","1781","5134",""
"5","818","1781","5135",""
"5","819","1781","5136",""
"5","820","1781","5137",""
"5","821","1781","5138",""
"5","822","1781","5139",""
"5","823","1781","5140",""
"5","824","1781","5141",""
"5","825","1781","5142",""
"5","826","1781","5143",""
"5","827","1781","5144",""
"5","828","1781","5145",""
"5","829","1781","5146",""
"5","830","1781","5147",""
"5","831","1781","5148",""
"5","832","1781","5150",""
"5","833","1781","5151",""
"5","834","1781","5152",""
"5","835","1781","5153",""
"5","836","1781","5154",""
"5","837","1781","5155",""
"5","838","1781","5156",""
"5","839","1781","5157",""
"5","840","1781","5158",""
"5","841","1781","5159",""
"5","842","1781","5160",""
"5","843","1781","5161",""
"5","844","1781","5162",""
"5","845","1781","5163",""
"5","846","1781","5165",""
"5","847","1781","5167",""
"5","848","1781","5168",""
"5","849","1781","5169",""
"5","850","1781","5171",""
"5","851","1781","5172",""
"5","852","1781","5173",""
"5","853","1781","5174",""
"5","854","1781","5177",""
"5","855","1781","5178",""
"5","856","1781","5179",""
"5","857","1781","5180",""
"5","858","1781","5181",""
"5","859","1781","5182",""
"5","860","1781","5186",""
"5","861","1781","5187",""
"5","862","1781","5189",""
"5","863","1781","5191",""
"5","864","1781","5192",""
"5","865","1781","5194",""
"5","866","1781","5195",""
"5","867","1781","5196",""
"5","868","1781","5198",""
"5","869","1781","5199",""
"5","870","1781","5201",""
"5","871","1781","5202",""
"5","872","1781","5203",""
"5","873","1781","5205",""
"5","874","1781","5206",""
"5","875","1781","5215",""
"5","876","1781","5216",""
"5","877","1781","5217",""
"5","878","1781","5218",""
"5","879","1781","5226",""
"5","880","1781","5227",""
"5","881","1781","5228",""
"5","882","1781","5229",""
"5","883","1781","1301",""
"5","884","1781","1302",""
"5","885","1781","1303",""
"5","886","1781","1305",""
"5","887","1781","1306",""
"5","888","1781","1307",""
"5","889","1781","1308",""
"5","890","1781","1309",""
"5","891","1781","1310",""
"5","892","1781","1311",""
"5","893","1781","7116",""
"5","894","1781","7410",""
"5","895","1781","8714",""
"5","896","1781","9234",""
"5","897","1781","10161",""
"5","898","1781","3029",""
"5","899","1781","6197",""
"5","900","1781","6198",""
"5","901","1781","6199",""
"5","902","24","35",""
"5","903","24","36",""
"5","904","24","37",""
"5","905","641","35",""
"5","906","641","36",""
"5","907","642","613",""
"5","908","643","78",""
"5","909","643","79",""
"5","910","645","73",""
"5","911","651","44",""
"5","912","651","45",""
"5","913","651","46",""
"5","914","651","47",""
"5","915","651","48",""
"5","916","651","49",""
"5","917","651","50",""
"5","918","651","51",""
"5","919","651","52",""
"5","920","651","53",""
"5","921","651","54",""
"5","922","651","55",""
"5","923","866","15",""
"5","924","866","16",""
"1","11","25","22",""
"1","11","868","22",""
"1","11","869","22",""
"1","11","1480","22",""
"1","11","1481","22",""
"1","841","25","11",""
"1","841","868","11",""
"1","841","869","11",""
"1","841","1480","11",""
"1","841","1481","11",""
"2","18","25","12",""
"2","18","868","12",""
"2","18","869","12",""
"2","18","1480","12",""
"2","18","1481","12",""
"2","436","25","30",""
"2","436","868","30",""
"2","436","869","30",""
"2","436","1480","30",""
"2","436","1481","30",""
"2","437","25","116",""
"2","437","868","116",""
"2","437","869","116",""
"2","437","1480","116",""
"2","437","1481","116",""
"3","293","25","0",""
"3","293","868","0",""
"3","293","869","0",""
"3","293","1480","0",""
"3","293","1481","0",""
"3","293","25","1",""
"3","293","868","1",""
"3","293","869","1",""
"3","293","1480","1",""
"3","293","1481","1",""
"3","294","25","33",""
"3","294","868","33",""
"3","294","869","33",""
"3","294","1480","33",""
"3","294","1481","33",""
"3","294","25","34",""
"3","294","868","34",""
"3","294","869","34",""
"3","294","1480","34",""
"3","294","1481","34",""
"3","721","25","2",""
"3","721","868","2",""
"3","721","869","2",""
"3","721","1480","2",""
"3","721","1481","2",""
"3","722","25","3",""
"3","722","868","3",""
"3","722","869","3",""
"3","722","1480","3",""
"3","722","1481","3",""
"3","723","25","4",""
"3","723","868","4",""
"3","723","869","4",""
"3","723","1480","4",""
"3","723","1481","4",""
"3","724","25","5",""
"3","724","868","5",""
"3","724","869","5",""
"3","724","1480","5",""
"3","724","1481","5",""
"3","725","25","6",""
"3","725","868","6",""
"3","725","869","6",""
"3","725","1480","6",""
"3","725","1481","6",""
"3","726","25","7",""
"3","726","868","7",""
"3","726","869","7",""
"3","726","1480","7",""
"3","726","1481","7",""
"3","727","25","8",""
"3","727","868","8",""
"3","727","869","8",""
"3","727","1480","8",""
"3","727","1481","8",""
"3","728","25","9",""
"3","728","868","9",""
"3","728","869","9",""
"3","728","1480","9",""
"3","728","1481","9",""
"3","729","25","10",""
"3","729","868","10",""
"3","729","869","10",""
"3","729","1480","10",""
"3","729","1481","10",""
"3","730","25","13",""
"3","730","868","13",""
"3","730","869","13",""
"3","730","1480","13",""
"3","730","1481","13",""
"3","731","25","20",""
"3","731","868","20",""
"3","731","869","20",""
"3","731","1480","20",""
"3","731","1481","20",""
"3","732","25","21",""
"3","732","868","21",""
"3","732","869","21",""
"3","732","1480","21",""
"3","732","1481","21",""
"3","733","25","23",""
"3","733","868","23",""
"3","733","869","23",""
"3","733","1480","23",""
"3","733","1481","23",""
"3","734","25","24",""
"3","734","868","24",""
"3","734","869","24",""
"3","734","1480","24",""
"3","734","1481","24",""
"3","735","25","32",""
"3","735","868","32",""
"3","735","869","32",""
"3","735","1480","32",""
"3","735","1481","32",""
"3","736","25","100",""
"3","736","868","100",""
"3","736","869","100",""
"3","736","1480","100",""
"3","736","1481","100",""
"3","737","25","101",""
"3","737","868","101",""
"3","737","869","101",""
"3","737","1480","101",""
"3","737","1481","101",""
"3","738","25","102",""
"3","738","868","102",""
"3","738","869","102",""
"3","738","1480","102",""
"3","738","1481","102",""
"3","739","25","103",""
"3","739","868","103",""
"3","739","869","103",""
"3","739","1480","103",""
"3","739","1481","103",""
"3","740","25","104",""
"3","740","868","104",""
"3","740","869","104",""
"3","740","1480","104",""
"3","740","1481","104",""
"3","741","25","105",""
"3","741","868","105",""
"3","741","869","105",""
"3","741","1480","105",""
"3","741","1481","105",""
"3","742","25","106",""
"3","742","868","106",""
"3","742","869","106",""
"3","742","1480","106",""
"3","742","1481","106",""
"3","743","25","110",""
"3","743","868","110",""
"3","743","869","110",""
"3","743","1480","110",""
"3","743","1481","110",""
"3","744","25","111",""
"3","744","868","111",""
"3","744","869","111",""
"3","744","1480","111",""
"3","744","1481","111",""
"3","745","25","112",""
"3","745","868","112",""
"3","745","869","112",""
"3","745","1480","112",""
"3","745","1481","112",""
"3","746","25","113",""
"3","746","868","113",""
"3","746","869","113",""
"3","746","1480","113",""
"3","746","1481","113",""
"3","747","25","114",""
"3","747","868","114",""
"3","747","869","114",""
"3","747","1480","114",""
"3","747","1481","114",""
"3","748","25","115",""
"3","748","868","115",""
"3","748","869","115",""
"3","748","1480","115",""
"3","748","1481","115",""
"5","902","25","35",""
"5","902","868","35",""
"5","902","869","35",""
"5","902","1480","35",""
"5","902","1481","35",""
"5","903","25","36",""
"5","903","868","36",""
"5","903","869","36",""
"5","903","1480","36",""
"5","903","1481","36",""
"5","904","25","37",""
"5","904","868","37",""
"5","904","869","37",""
"5","904","1480","37",""
"5","904","1481","37",""
"5","925","328","3712",""
"5","925","330","3712",""
"5","925","338","3712",""
"5","925","340","3712",""
"5","925","342","3712",""
"5","925","346","3712",""
"5","925","348","3712",""
"5","925","354","3712",""
"5","925","372","3712",""
"5","925","382","3712",""
"5","925","388","3712",""
"4","642","328","3732",""
"4","642","330","3732",""
"4","642","338","3732",""
"4","642","340","3732",""
"4","642","342","3732",""
"4","642","346","3732",""
"4","642","348","3732",""
"4","642","354","3732",""
"4","642","372","3732",""
"4","642","382","3732",""
"4","642","388","3732",""
"4","643","328","3747",""
"4","643","330","3747",""
"4","643","338","3747",""
"4","643","340","3747",""
"4","643","342","3747",""
"4","643","346","3747",""
"4","643","348","3747",""
"4","643","354","3747",""
"4","643","372","3747",""
"4","643","382","3747",""
"4","643","388","3747",""
"4","644","328","3758",""
"4","644","330","3758",""
"4","644","338","3758",""
"4","644","340","3758",""
"4","644","342","3758",""
"4","644","346","3758",""
"4","644","348","3758",""
"4","644","354","3758",""
"4","644","372","3758",""
"4","644","382","3758",""
"4","644","388","3758",""
"4","645","328","3778",""
"4","645","330","3778",""
"4","645","338","3778",""
"4","645","340","3778",""
"4","645","342","3778",""
"4","645","346","3778",""
"4","645","348","3778",""
"4","645","354","3778",""
"4","645","372","3778",""
"4","645","382","3778",""
"4","645","388","3778",""
"4","646","328","3794",""
"4","646","330","3794",""
"4","646","338","3794",""
"4","646","340","3794",""
"4","646","342","3794",""
"4","646","346","3794",""
"4","646","348","3794",""
"4","646","354","3794",""
"4","646","372","3794",""
"4","646","382","3794",""
"4","646","388","3794",""
"4","647","328","3814",""
"4","647","330","3814",""
"4","647","338","3814",""
"4","647","340","3814",""
"4","647","342","3814",""
"4","647","346","3814",""
"4","647","348","3814",""
"4","647","354","3814",""
"4","647","372","3814",""
"4","647","382","3814",""
"4","647","388","3814",""
"4","648","328","3829",""
"4","648","330","3829",""
"4","648","338","3829",""
"4","648","340","3829",""
"4","648","342","3829",""
"4","648","346","3829",""
"4","648","348","3829",""
"4","648","354","3829",""
"4","648","372","3829",""
"4","648","382","3829",""
"4","648","388","3829",""
"4","649","328","3840",""
"4","649","330","3840",""
"4","649","338","3840",""
"4","649","340","3840",""
"4","649","342","3840",""
"4","649","346","3840",""
"4","649","348","3840",""
"4","649","354","3840",""
"4","649","372","3840",""
"4","649","382","3840",""
"4","649","388","3840",""
"4","650","328","3853",""
"4","650","330","3853",""
"4","650","338","3853",""
"4","650","340","3853",""
"4","650","342","3853",""
"4","650","346","3853",""
"4","650","348","3853",""
"4","650","354","3853",""
"4","650","372","3853",""
"4","650","382","3853",""
"4","650","388","3853",""
"1","70","328","3872",""
"1","70","330","3872",""
"1","70","338","3872",""
"1","70","340","3872",""
"1","70","342","3872",""
"1","70","346","3872",""
"1","70","348","3872",""
"1","70","354","3872",""
"1","70","372","3872",""
"1","70","382","3872",""
"1","70","388","3872",""
"1","71","328","3887",""
"1","71","330","3887",""
"1","71","338","3887",""
"1","71","340","3887",""
"1","71","342","3887",""
"1","71","346","3887",""
"1","71","348","3887",""
"1","71","354","3887",""
"1","71","372","3887",""
"1","71","382","3887",""
"1","71","388","3887",""
"1","72","328","3902",""
"1","72","330","3902",""
"1","72","338","3902",""
"1","72","340","3902",""
"1","72","342","3902",""
"1","72","346","3902",""
"1","72","348","3902",""
"1","72","354","3902",""
"1","72","372","3902",""
"1","72","382","3902",""
"1","72","388","3902",""
"4","651","328","3918",""
"4","651","330","3918",""
"4","651","338","3918",""
"4","651","340","3918",""
"4","651","342","3918",""
"4","651","346","3918",""
"4","651","348","3918",""
"4","651","354","3918",""
"4","651","372","3918",""
"4","651","382","3918",""
"4","651","388","3918",""
