bank,sub,clip_id,usa_payload_bytes,jp_payload_bytes,usa_frames,jp_frames,usa_seconds,jp_seconds,max_payload_bytes,max_seconds,max_subfile_bytes,max_region,max_header_patch,max_flag_patch
1482,0,886e,47488,48256,2968,3016,3.462667,3.518667,48256,3.518667,51200,jp,14:80;15:bc;3a:53;85:c3;91:bc;94:80;95:bc;b0:40;b1:40,bc41:01;bc51:07
1482,1,886f,20864,19968,1304,1248,1.521333,1.456000,20864,1.521333,24576,usa,,5151:01;5161:07
1482,2,8870,65408,68224,4088,4264,4.769333,4.974667,68224,4.974667,71680,jp,14:40;15:0a;16:01;3a:2a;85:0f;91:0a;92:01;94:40;95:0a;96:01;b0:40;b1:40,10a21:01;10a31:07
1482,3,8871,34560,38656,2160,2416,2.520000,2.818667,38656,2.818667,40960,jp,15:97;3a:29;85:9b;91:97;95:97;b0:40;b1:40,96c1:01;96d1:07
1482,4,8872,57600,66048,3600,4128,4.200000,4.816000,66048,4.816000,69632,jp,14:c0;15:01;16:01;39:82;3a:21;85:07;86:01;91:02;92:01;94:c0;95:01;96:01;b0:40;b1:40,10171:01;10181:07
1482,5,8873,20224,19584,1264,1224,1.474667,1.428000,20224,1.474667,22528,usa,,4e81:01;4e91:07
1482,6,8874,86528,88064,5408,5504,6.309333,6.421333,88064,6.421333,90112,jp,15:57;39:83;3a:01;85:5b;91:58;95:57;b0:40;b1:40,15771:01;15781:07
1483,0,8028,40320,41600,2520,2600,2.940000,3.033333,41600,3.033333,45056,jp,15:a2;3a:36;85:a7;91:a2;95:a2;b0:40;b1:40,a211:01;a221:07
1483,1,8029,62336,75008,3896,4688,4.545333,5.469333,75008,5.469333,77824,jp,14:c0;15:24;16:01;3a:48;85:2b;86:01;90:00;91:25;92:01;94:c0;95:24;96:01;b0:40;b1:40,12471:01;12481:07
1483,2,802a,49408,51200,3088,3200,3.602667,3.733333,51200,3.733333,53248,jp,14:00;15:c8;3a:60;85:cb;91:c8;94:00;95:c8;b0:40;b1:40,c7e1:01;c7f1:07
1483,3,802b,6912,6912,432,432,0.504000,0.504000,6912,0.504000,10240,jp,14:00;15:1b;39:1f;94:00;95:1b;b0:40;b1:40,1ad1:01;1ae1:07
1483,4,802c,75648,74368,4728,4648,5.516000,5.422667,75648,5.516000,77824,usa,,12721:01;12731:07
1483,5,802d,17024,22016,1064,1376,1.241333,1.605333,22016,1.605333,24576,jp,14:00;15:56;39:61;85:5b;90:00;91:56;94:00;95:56;b0:40;b1:40,55e1:01;55f1:07
1483,6,802e,77056,81408,4816,5088,5.618667,5.936000,81408,5.936000,83968,jp,14:00;15:3e;3a:64;85:43;91:3e;94:00;95:3e;b0:40;b1:40,13dc1:01;13dd1:07
1483,7,802f,27520,32000,1720,2000,2.006667,2.333333,32000,2.333333,34816,jp,14:00;15:7d;39:81;3a:0c;3b:7f;3c:b0;3d:00;3e:7e;3f:00;40:b0;41:00;42:7f;85:83;90:00;91:7d;94:00;95:7d;b0:40;b1:40,7cc1:01;7cd1:07
1483,8,8030,27520,53120,1720,3320,2.006667,3.873333,53120,3.873333,55296,jp,14:40;15:cf;39:81;3a:68;3b:7f;3c:b0;3d:00;3e:7e;3f:00;40:b0;41:00;42:7f;85:d3;91:cf;94:40;95:cf;b0:40;b1:40,cf11:01;cf21:07
1483,9,8031,35072,32896,2192,2056,2.557333,2.398667,35072,2.557333,38912,usa,,88e1:01;88f1:07
1483,10,8032,24704,21632,1544,1352,1.801333,1.577333,24704,1.801333,28672,usa,,6021:01;6031:07
1483,11,8033,21888,23680,1368,1480,1.596000,1.726667,23680,1.726667,26624,jp,14:40;15:5c;39:68;85:63;91:5c;94:40;95:5c;b0:40;b1:40,5c01:01;5c11:07
1483,12,8034,57600,60160,3600,3760,4.200000,4.386667,60160,4.386667,63488,jp,14:00;15:eb;39:82;3a:07;85:ef;91:eb;94:00;95:eb;b0:40;b1:40,eac1:01;ead1:07
1483,13,8035,75904,72576,4744,4536,5.534667,5.292000,75904,5.534667,79872,usa,,12851:01;12861:07
1483,14,8036,57856,52992,3616,3312,4.218667,3.864000,57856,4.218667,61440,usa,,e1c1:01;e1d1:07
1483,15,8037,56832,55552,3552,3472,4.144000,4.050667,56832,4.144000,59392,usa,,ddd1:01;dde1:07
1483,16,8038,39680,36608,2480,2288,2.893333,2.669333,39680,2.893333,43008,usa,,9aa1:01;9ab1:07
1483,17,8039,10624,9984,664,624,0.774667,0.728000,10624,0.774667,14336,usa,,2961:01;2971:07
1483,18,803a,39040,38784,2440,2424,2.846667,2.828000,39040,2.846667,43008,usa,,9851:01;9861:07
1483,19,803b,11776,11264,736,704,0.858667,0.821333,11776,0.858667,14336,usa,,2d81:01;2d91:07
1483,20,803c,28288,29312,1768,1832,2.062667,2.137333,29312,2.137333,32768,jp,15:72;39:81;3a:00;3b:7f;3c:b0;3d:00;3e:7e;3f:00;40:b0;41:00;42:7f;85:77;91:72;95:72;b0:40;b1:40,7241:01;7251:07
1483,21,803d,51968,64000,3248,4000,3.789333,4.666667,64000,4.666667,67584,jp,15:fa;39:82;3a:18;85:ff;91:fa;95:fa;b0:40;b1:40,f9c1:01;f9d1:07
1483,22,803e,44672,42752,2792,2672,3.257333,3.117333,44672,3.257333,47104,usa,,ae51:01;ae61:07
1483,23,803f,8960,10880,560,680,0.653333,0.793333,10880,0.793333,14336,jp,14:40;15:2a;39:30;85:2f;90:80;91:2a;94:40;95:2a;b0:40;b1:40,2a21:01;2a31:07
1483,24,8040,64256,61184,4016,3824,4.685333,4.461333,64256,4.685333,67584,usa,,fad1:01;fae1:07
1483,25,8041,56704,62080,3544,3880,4.134667,4.526667,62080,4.526667,65536,jp,15:f2;39:82;3a:0f;85:f7;91:f2;95:f2;b0:40;b1:40,f1f1:01;f201:07
1483,26,8042,85888,95744,5368,5984,6.262667,6.981333,95744,6.981333,98304,jp,14:c0;15:75;39:83;3a:22;85:7b;90:00;91:76;94:c0;95:75;b0:40;b1:40,17571:01;17581:07
1483,27,8043,29824,28416,1864,1776,2.174667,2.072000,29824,2.174667,32768,usa,,7411:01;7421:07
1483,28,8044,26624,25984,1664,1624,1.941333,1.894667,26624,1.941333,28672,usa,,6771:01;6781:07
1483,29,8045,81664,86528,5104,5408,5.954667,6.309333,86528,6.309333,90112,jp,15:51;3a:7a;85:57;91:52;95:51;b0:40;b1:40,15181:01;15191:07
1483,30,8046,19968,21504,1248,1344,1.456000,1.568000,21504,1.568000,24576,jp,14:00;15:54;39:5e;85:57;91:54;94:00;95:54;b0:40;b1:40,53c1:01;53d1:07
1483,31,8047,39808,43520,2488,2720,2.902667,3.173333,43520,3.173333,47104,jp,14:c0;15:a9;3a:3e;85:af;90:00;91:aa;94:c0;95:a9;b0:40;b1:40,a971:01;a981:07
1483,32,8048,42240,40448,2640,2528,3.080000,2.949333,42240,3.080000,45056,usa,,a4a1:01;a4b1:07
1483,33,8049,13056,10368,816,648,0.952000,0.756000,13056,0.952000,16384,usa,,32e1:01;32f1:07
1483,34,804a,58496,58880,3656,3680,4.265333,4.293333,58880,4.293333,61440,jp,14:c0;15:e5;3a:01;90:00;91:e6;94:c0;95:e5;b0:40;b1:40,e5a1:01;e5b1:07
1483,35,804b,33152,28032,2072,1752,2.417333,2.044000,33152,2.417333,36864,usa,,8151:01;8161:07
1484,0,805a,71680,76416,4480,4776,5.226667,5.572000,76416,5.572000,79872,jp,14:40;15:2a;3a:4e;85:2f;90:80;91:2a;94:40;95:2a;b0:40;b1:40,12a11:01;12a21:07
1484,1,805b,71296,75264,4456,4704,5.198667,5.488000,75264,5.488000,77824,jp,14:00;15:26;3a:49;85:2b;90:00;91:26;94:00;95:26;b0:40;b1:40,125b1:01;125c1:07
1484,2,805c,44032,45568,2752,2848,3.210667,3.322667,45568,3.322667,49152,jp,15:b2;3a:47;85:b7;91:b2;95:b2;b0:40;b1:40,b1c1:01;b1d1:07
1484,3,805d,20224,19456,1264,1216,1.474667,1.418667,20224,1.474667,22528,usa,,4ea1:01;4eb1:07
1484,4,805e,31744,28672,1984,1792,2.314667,2.090667,31744,2.314667,34816,usa,,7b91:01;7ba1:07
1484,5,805f,33408,36096,2088,2256,2.436000,2.632000,36096,2.632000,38912,jp,14:00;15:8d;3a:1e;85:93;90:00;91:8d;94:00;95:8d;b0:40;b1:40,8ce1:01;8cf1:07
1484,6,8060,64512,62464,4032,3904,4.704000,4.554667,64512,4.704000,67584,usa,,fb71:01;fb81:07
1484,7,8061,44544,50432,2784,3152,3.248000,3.677333,50432,3.677333,53248,jp,14:00;15:c5;3a:5d;85:cb;91:c5;94:00;95:c5;b0:40;b1:40,c4b1:01;c4c1:07
1484,8,8063,56192,57600,3512,3600,4.097333,4.200000,57600,4.200000,61440,jp,14:c0;15:e0;3a:7c;85:e7;90:00;91:e1;94:c0;95:e0;b0:40;b1:40,e0a1:01;e0b1:07
1484,9,8064,22784,26880,1424,1680,1.661333,1.960000,26880,1.960000,30720,jp,15:68;39:76;85:6f;91:69;95:68;b0:40;b1:40,68a1:01;68b1:07
1484,10,8066,21376,17792,1336,1112,1.558667,1.297333,21376,1.558667,24576,usa,,5341:01;5351:07
1484,11,8067,55552,58112,3472,3632,4.050667,4.237333,58112,4.237333,61440,jp,14:00;15:e3;3a:7e;85:e7;91:e3;94:00;95:e3;b0:40;b1:40,e2b1:01;e2c1:07
1484,12,8068,16256,17920,1016,1120,1.185333,1.306667,17920,1.306667,20480,jp,14:00;15:46;39:4f;85:4b;90:00;91:46;94:00;95:46;b0:40;b1:40,45c1:01;45d1:07
1484,13,8069,54016,48512,3376,3032,3.938667,3.537333,54016,3.938667,57344,usa,,d2d1:01;d2e1:07
1484,14,806a,36352,34304,2272,2144,2.650667,2.501333,36352,2.650667,38912,usa,,8de1:01;8df1:07
1484,15,806b,38784,34688,2424,2168,2.828000,2.529333,38784,2.828000,40960,usa,,9751:01;9761:07
1484,16,806c,15232,16128,952,1008,1.110667,1.176000,16128,1.176000,18432,jp,14:00;15:3f;39:47;85:43;90:00;91:3f;94:00;95:3f;b0:40;b1:40,3ed1:01;3ee1:07
1484,17,806d,28928,28032,1808,1752,2.109333,2.044000,28928,2.109333,32768,usa,,70a1:01;70b1:07
1484,18,8070,6016,11392,376,712,0.438667,0.830667,11392,0.830667,14336,jp,14:40;15:2c;39:32;85:33;91:2c;94:40;95:2c;b0:40;b1:40,2c11:01;2c21:07
1484,19,8071,13056,13696,816,856,0.952000,0.998667,13696,0.998667,16384,jp,14:80;15:35;39:3c;85:3b;90:80;91:35;94:80;95:35;b0:40;b1:40,3541:01;3551:07
1484,20,8072,11136,12032,696,752,0.812000,0.877333,12032,0.877333,14336,jp,14:00;15:2f;39:35;85:33;90:00;91:2f;94:00;95:2f;b0:40;b1:40,2ec1:01;2ed1:07
1484,21,8073,63872,60160,3992,3760,4.657333,4.386667,63872,4.657333,67584,usa,,f961:01;f971:07
1484,22,8074,38912,39168,2432,2448,2.837333,2.856000,39168,2.856000,43008,jp,14:c0;3a:2b;85:9f;91:99;94:c0;b0:40;b1:40,98a1:01;98b1:07
1484,23,8075,20480,23552,1280,1472,1.493333,1.717333,23552,1.717333,26624,jp,15:5c;39:67;85:5f;91:5c;95:5c;b0:40;b1:40,5bd1:01;5be1:07
1484,24,8076,13056,17408,816,1088,0.952000,1.269333,17408,1.269333,20480,jp,14:00;15:44;39:4c;85:47;91:44;94:00;95:44;b0:40;b1:40,43b1:01;43c1:07
1484,25,8077,38528,45056,2408,2816,2.809333,3.285333,45056,3.285333,47104,jp,14:00;15:b0;3a:45;85:b3;90:00;91:b0;94:00;95:b0;b0:40;b1:40,afc1:01;afd1:07
1484,26,8080,47104,56448,2944,3528,3.434667,4.116000,56448,4.116000,59392,jp,14:40;15:dc;3a:77;85:e3;90:80;91:dc;94:40;95:dc;b0:40;b1:40,dc21:01;dc31:07
1484,27,8081,7680,7296,480,456,0.560000,0.532000,7680,0.560000,10240,usa,,1da1:01;1db1:07
1484,28,8082,70272,66048,4392,4128,5.124000,4.816000,70272,5.124000,73728,usa,,11251:01;11261:07
1484,29,8083,20864,25344,1304,1584,1.521333,1.848000,25344,1.848000,28672,jp,14:00;15:63;39:6f;85:67;90:00;91:63;94:00;95:63;b0:40;b1:40,62d1:01;62e1:07
1484,30,8084,63360,62464,3960,3904,4.620000,4.554667,63360,4.620000,65536,usa,,f6f1:01;f701:07
1484,31,8085,56064,55296,3504,3456,4.088000,4.032000,56064,4.088000,59392,usa,,dab1:01;dac1:07
1484,32,8086,11136,11136,696,696,0.812000,0.812000,11136,0.812000,14336,usa,,2b01:01;2b11:07
1484,33,8087,14976,15872,936,992,1.092000,1.157333,15872,1.157333,18432,jp,14:00;15:3e;39:46;85:43;90:00;91:3e;94:00;95:3e;b0:40;b1:40,3db1:01;3dc1:07
1484,34,8088,60672,56576,3792,3536,4.424000,4.125333,60672,4.424000,63488,usa,,eca1:01;ecb1:07
1484,35,8089,8192,14336,512,896,0.597333,1.045333,14336,1.045333,16384,jp,14:00;15:38;39:3f;85:3b;91:38;94:00;95:38;b0:40;b1:40,37b1:01;37c1:07
1485,0,8094,45952,49024,2872,3064,3.350667,3.574667,49024,3.574667,51200,jp,14:80;15:bf;3a:56;85:c3;91:bf;94:80;95:bf;b0:40;b1:40,bf31:01;bf41:07
1485,1,8095,32768,26752,2048,1672,2.389333,1.950667,32768,2.389333,34816,usa,,7fa1:01;7fb1:07
1485,2,8096,76416,77696,4776,4856,5.572000,5.665333,77696,5.665333,79872,jp,15:2f;3a:54;85:33;91:2f;95:2f;b0:40;b1:40,12f11:01;12f21:07
1485,3,8097,65664,68992,4104,4312,4.788000,5.030667,68992,5.030667,71680,jp,14:80;15:0d;3a:2e;85:13;91:0d;94:80;95:0d;b0:40;b1:40,10d51:01;10d61:07
1485,4,8098,22784,27136,1424,1696,1.661333,1.978667,27136,1.978667,30720,jp,15:6a;39:77;85:6f;91:6a;95:6a;b0:40;b1:40,69e1:01;69f1:07
1485,5,8099,32128,33536,2008,2096,2.342667,2.445333,33536,2.445333,36864,jp,14:00;15:83;3a:13;85:87;90:00;91:83;94:00;95:83;b0:40;b1:40,82c1:01;82d1:07
1485,6,809a,50816,56448,3176,3528,3.705333,4.116000,56448,4.116000,59392,jp,14:80;15:dc;3a:77;85:e3;91:dc;94:80;95:dc;b0:40;b1:40,dc41:01;dc51:07
1485,7,809b,42624,38656,2664,2416,3.108000,2.818667,42624,3.108000,45056,usa,,a621:01;a631:07
1485,8,809c,21760,20736,1360,1296,1.586667,1.512000,21760,1.586667,24576,usa,,5491:01;54a1:07
1485,9,809d,66304,73600,4144,4600,4.834667,5.366667,73600,5.366667,75776,jp,14:80;15:1f;3a:42;85:23;90:80;91:1f;94:80;95:1f;b0:40;b1:40,11f61:01;11f71:07
1485,10,809e,64128,63232,4008,3952,4.676000,4.610667,64128,4.676000,67584,usa,,f9f1:01;fa01:07
1485,11,809f,7168,4864,448,304,0.522667,0.354667,7168,0.522667,10240,usa,,1be1:01;1bf1:07
1485,12,80a0,39040,36608,2440,2288,2.846667,2.669333,39040,2.846667,43008,usa,,9821:01;9831:07
1485,13,80a1,15360,16896,960,1056,1.120000,1.232000,16896,1.232000,20480,jp,14:c0;15:41;39:4a;85:47;91:42;94:c0;95:41;b0:40;b1:40,41a1:01;41b1:07
1485,14,80a2,25728,28160,1608,1760,1.876000,2.053333,28160,2.053333,30720,jp,14:c0;15:6d;39:7b;85:73;90:00;91:6e;94:c0;95:6d;b0:40;b1:40,6d71:01;6d81:07
1486,0,80b2,28544,28160,1784,1760,2.081333,2.053333,28544,2.081333,30720,usa,,6f21:01;6f31:07
1486,1,80b3,56064,55680,3504,3480,4.088000,4.060000,56064,4.088000,59392,usa,,dad1:01;dae1:07
1486,2,80b4,21632,20096,1352,1256,1.577333,1.465333,21632,1.577333,24576,usa,,53f1:01;5401:07
1486,3,80b5,64128,65920,4008,4120,4.676000,4.806667,65920,4.806667,69632,jp,14:40;15:01;16:01;3a:20;85:07;86:01;91:01;92:01;94:40;95:01;96:01;b0:40;b1:40,10111:01;10121:07
1486,4,80b6,27008,29056,1688,1816,1.969333,2.118667,29056,2.118667,32768,jp,15:71;39:7f;85:77;91:71;95:71;b0:40;b1:40,70f1:01;7101:07
1486,5,80b7,13696,11392,856,712,0.998667,0.830667,13696,0.998667,16384,usa,,3541:01;3551:07
1486,6,80b8,10624,13952,664,872,0.774667,1.017333,13952,1.017333,16384,jp,15:36;39:3d;85:3b;91:36;95:36;b0:40;b1:40,3631:01;3641:07
1486,7,80b9,70144,77696,4384,4856,5.114667,5.665333,77696,5.665333,79872,jp,14:80;15:2f;3a:54;85:33;90:80;91:2f;94:80;95:2f;b0:40;b1:40,12f31:01;12f41:07
1486,8,80ba,18432,22272,1152,1392,1.344000,1.624000,22272,1.624000,24576,jp,15:57;39:62;85:5b;91:57;95:57;b0:40;b1:40,56d1:01;56e1:07
1486,9,80bb,36736,42624,2296,2664,2.678667,3.108000,42624,3.108000,45056,jp,14:40;15:a6;3a:3a;85:ab;91:a6;94:40;95:a6;b0:40;b1:40,a621:01;a631:07
1486,10,80bc,9856,13184,616,824,0.718667,0.961333,13184,0.961333,16384,jp,15:33;39:3a;85:37;91:33;95:33;b0:40;b1:40,3301:01;3311:07
1486,11,80bd,32128,35584,2008,2224,2.342667,2.594667,35584,2.594667,38912,jp,14:00;15:8b;3a:1c;85:8f;90:00;91:8b;94:00;95:8b;b0:40;b1:40,8ac1:01;8ad1:07
1486,12,80be,29056,29696,1816,1856,2.118667,2.165333,29696,2.165333,32768,jp,14:c0;15:73;39:81;3a:02;3b:7f;3c:b0;3d:00;3e:7e;3f:00;40:b0;41:00;42:7f;90:00;91:74;94:c0;95:73;b0:40;b1:40,73a1:01;73b1:07
1486,13,80bf,41856,40064,2616,2504,3.052000,2.921333,41856,3.052000,45056,usa,,a331:01;a341:07
1487,0,80d0,37248,35968,2328,2248,2.716000,2.622667,37248,2.716000,40960,usa,,9101:01;9111:07
1487,1,80d1,36992,35456,2312,2216,2.697333,2.585333,36992,2.697333,40960,usa,,9061:01;9071:07
1487,2,80d2,49792,52992,3112,3312,3.630667,3.864000,52992,3.864000,55296,jp,14:00;15:cf;3a:68;85:d3;90:00;91:cf;94:00;95:cf;b0:40;b1:40,cee1:01;cef1:07
1487,3,80d3,36736,43520,2296,2720,2.678667,3.173333,43520,3.173333,47104,jp,14:c0;15:a9;3a:3e;85:af;90:00;91:aa;94:c0;95:a9;b0:40;b1:40,a9a1:01;a9b1:07
1487,4,80d4,74496,73216,4656,4576,5.432000,5.338667,74496,5.432000,77824,usa,,122d1:01;122e1:07
1487,5,80d5,60032,64640,3752,4040,4.377333,4.713333,64640,4.713333,67584,jp,15:fc;3a:1b;85:03;86:01;91:fc;95:fc;b0:40;b1:40,fc41:01;fc51:07
1487,6,80d6,29696,36608,1856,2288,2.165333,2.669333,36608,2.669333,38912,jp,15:8e;3a:20;85:93;91:8f;95:8e;b0:40;b1:40,8e71:01;8e81:07
1487,7,80d7,13184,12672,824,792,0.961333,0.924000,13184,0.961333,16384,usa,,3301:01;3311:07
1487,8,80d8,9216,9216,576,576,0.672000,0.672000,9216,0.672000,12288,usa,,23e1:01;23f1:07
1487,9,80d9,54784,51712,3424,3232,3.994667,3.770667,54784,3.994667,57344,usa,,d5a1:01;d5b1:07
1487,10,80da,8960,12928,560,808,0.653333,0.942667,12928,0.942667,16384,jp,14:80;15:32;39:39;85:37;90:80;91:32;94:80;95:32;b0:40;b1:40,3241:01;3251:07
1488,0,80ee,23680,20864,1480,1304,1.726667,1.521333,23680,1.726667,26624,usa,,5c31:01;5c41:07
1488,1,80ef,64768,59520,4048,3720,4.722667,4.340000,64768,4.722667,67584,usa,,fce1:01;fcf1:07
1488,2,80f0,36224,30464,2264,1904,2.641333,2.221333,36224,2.641333,38912,usa,,8d31:01;8d41:07
1488,3,80f1,31360,33536,1960,2096,2.286667,2.445333,33536,2.445333,36864,jp,14:c0;15:82;3a:12;85:87;90:00;91:83;94:c0;95:82;b0:40;b1:40,8271:01;8281:07
1488,4,80f2,20224,21120,1264,1320,1.474667,1.540000,21120,1.540000,24576,jp,14:80;15:52;39:5d;85:57;90:80;91:52;94:80;95:52;b0:40;b1:40,5261:01;5271:07
1488,5,80f3,18560,25344,1160,1584,1.353333,1.848000,25344,1.848000,28672,jp,14:00;15:63;39:6f;85:67;90:00;91:63;94:00;95:63;b0:40;b1:40,62d1:01;62e1:07
1488,6,80f4,30464,33280,1904,2080,2.221333,2.426667,33280,2.426667,36864,jp,15:82;3a:12;85:87;91:82;95:82;b0:40;b1:40,81c1:01;81d1:07
1488,7,80f5,25600,25088,1600,1568,1.866667,1.829333,25600,1.866667,28672,usa,,63e1:01;63f1:07
1488,8,80f6,18304,16128,1144,1008,1.334667,1.176000,18304,1.334667,20480,usa,,4761:01;4771:07
1488,9,80f7,8960,5504,560,344,0.653333,0.401333,8960,0.653333,12288,usa,,2271:01;2281:07
1488,10,8100,114048,133632,7128,8352,8.316000,9.744000,133632,9.744000,137216,jp,14:c0;15:09;16:02;39:84;3a:48;85:0f;86:02;90:00;91:0a;92:02;94:c0;95:09;96:02;b0:40;b1:40,20971:01;20981:07
1488,11,8101,16256,17280,1016,1080,1.185333,1.260000,17280,1.260000,20480,jp,15:43;39:4c;85:47;91:43;95:43;b0:40;b1:40,4311:01;4321:07
1488,12,8102,50304,57728,3144,3608,3.668000,4.209333,57728,4.209333,61440,jp,15:e1;3a:7c;85:e7;91:e1;95:e1;b0:40;b1:40,e131:01;e141:07
1488,13,8103,23424,21504,1464,1344,1.708000,1.568000,23424,1.708000,26624,usa,,5b31:01;5b41:07
1488,14,8104,60672,65920,3792,4120,4.424000,4.806667,65920,4.806667,69632,jp,14:80;15:01;16:01;3a:20;85:07;86:01;90:80;91:01;92:01;94:80;95:01;96:01;b0:40;b1:40,10161:01;10171:07
1488,15,8105,25344,22272,1584,1392,1.848000,1.624000,25344,1.848000,28672,usa,,62a1:01;62b1:07
1488,16,8106,25600,24704,1600,1544,1.866667,1.801333,25600,1.866667,28672,usa,,63c1:01;63d1:07
1488,17,8107,15744,15104,984,944,1.148000,1.101333,15744,1.148000,18432,usa,,3d01:01;3d11:07
1488,18,8108,61184,69888,3824,4368,4.461333,5.096000,69888,5.096000,73728,jp,14:00;15:11;16:01;3a:32;85:17;86:01;91:11;92:01;94:00;95:11;96:01;b0:40;b1:40,110b1:01;110c1:07
1488,19,8109,41856,46080,2616,2880,3.052000,3.360000,46080,3.360000,49152,jp,14:c0;15:b3;3a:4a;85:b7;90:00;91:b4;94:c0;95:b3;b0:40;b1:40,b3a1:01;b3b1:07
1488,20,810a,59648,63232,3728,3952,4.349333,4.610667,63232,4.610667,65536,jp,14:c0;15:f6;3a:14;85:fb;91:f7;94:c0;95:f6;b0:40;b1:40,f681:01;f691:07
1488,21,810b,22144,24320,1384,1520,1.614667,1.773333,24320,1.773333,26624,jp,14:00;15:5f;39:6b;85:63;90:00;91:5f;94:00;95:5f;b0:40;b1:40,5eb1:01;5ec1:07
1489,0,811e,17664,11392,1104,712,1.288000,0.830667,17664,1.288000,20480,usa,,4491:01;44a1:07
1489,1,811f,19456,20864,1216,1304,1.418667,1.521333,20864,1.521333,24576,jp,14:40;15:51;3d:5b;85:57;90:80;91:51;94:40;95:51;b0:40;b1:40,50f1:01;5101:07
1489,2,8120,63488,71936,3968,4496,4.629333,5.245333,71936,5.245333,75776,jp,15:18;16:01;3e:3a;85:1f;86:01;91:19;92:01;95:18;96:01;b0:40;b1:40,11891:01;118a1:07
1489,3,8121,17408,16384,1088,1024,1.269333,1.194667,17408,1.269333,20480,usa,,4391:01;43a1:07
1489,4,8122,66048,76160,4128,4760,4.816000,5.553333,76160,5.553333,79872,jp,14:40;15:29;3e:4d;85:2f;90:80;91:29;94:40;95:29;b0:40;b1:40,128f1:01;12901:07
1489,5,8123,14720,15744,920,984,1.073333,1.148000,15744,1.148000,18432,jp,15:3d;3d:45;85:43;91:3d;95:3d;b0:40;b1:40,3cf1:01;3d01:07
1489,6,8124,84736,97536,5296,6096,6.178667,7.112000,97536,7.112000,100352,jp,14:c0;15:7c;3d:83;3e:2a;85:83;91:7d;94:c0;95:7c;b0:40;b1:40,17c71:01;17c81:07
1489,7,8125,32640,37632,2040,2352,2.380000,2.744000,37632,2.744000,40960,jp,14:c0;15:92;3e:25;85:97;90:00;91:93;94:c0;95:92;b0:40;b1:40,92a1:01;92b1:07
1489,8,8126,14976,14336,936,896,1.092000,1.045333,14976,1.092000,18432,usa,,3a51:01;3a61:07
1489,9,8127,46976,52608,2936,3288,3.425333,3.836000,52608,3.836000,55296,jp,14:40;15:cd;3a:66;85:d3;91:cd;94:40;95:cd;b0:40;b1:40,cd11:01;cd21:07
1489,10,8128,71040,76160,4440,4760,5.180000,5.553333,76160,5.553333,79872,jp,14:80;15:29;3a:4d;85:2f;91:29;94:80;95:29;b0:40;b1:40,12961:01;12971:07
1489,11,8129,90368,98304,5648,6144,6.589333,7.168000,98304,7.168000,100352,jp,14:c0;15:7f;3a:2e;85:83;91:80;94:c0;95:7f;b0:40;b1:40,17fa1:01;17fb1:07
1489,12,812a,70144,65152,4384,4072,5.114667,4.750667,70144,5.114667,73728,usa,,111d1:01;111e1:07
1489,13,812b,67968,69760,4248,4360,4.956000,5.086667,69760,5.086667,73728,jp,14:40;15:10;3a:31;85:17;91:10;94:40;95:10;b0:40;b1:40,10ff1:01;11001:07
1489,14,812c,60416,66560,3776,4160,4.405333,4.853333,66560,4.853333,69632,jp,15:04;16:01;3a:23;85:07;86:01;91:04;92:01;95:04;96:01;b0:40;b1:40,103b1:01;103c1:07
1489,15,812d,65024,67584,4064,4224,4.741333,4.928000,67584,4.928000,69632,jp,15:08;16:01;3a:28;85:0b;91:08;92:01;95:08;96:01;b0:40;b1:40,107e1:01;107f1:07
1490,0,813d,17792,16640,1112,1040,1.297333,1.213333,17792,1.297333,20480,usa,,4501:01;4511:07
1490,1,8140,8704,10240,544,640,0.634667,0.746667,10240,0.746667,12288,jp,15:28;3d:2d;85:2b;91:28;95:28;b0:40;b1:40,27d1:01;27e1:07
1490,2,8141,58752,61568,3672,3848,4.284000,4.489333,61568,4.489333,65536,jp,14:80;15:f0;3e:0d;85:f7;91:f0;94:80;95:f0;b0:40;b1:40,f041:01;f051:07
1490,3,8142,28288,31616,1768,1976,2.062667,2.305333,31616,2.305333,34816,jp,15:7b;3d:81;3e:0a;3f:7f;40:b0;41:00;42:7e;43:00;44:b0;45:00;46:7f;85:7f;91:7b;95:7b;b0:40;b1:40,7af1:01;7b01:07
1490,4,8143,17920,21760,1120,1360,1.306667,1.586667,21760,1.586667,24576,jp,14:c0;15:54;3d:5f;85:5b;91:55;94:c0;95:54;b0:40;b1:40,5481:01;5491:07
1490,5,8144,11904,17408,744,1088,0.868000,1.269333,17408,1.269333,20480,jp,14:00;15:44;3d:4c;85:47;90:00;91:44;94:00;95:44;b0:40;b1:40,43d1:01;43e1:07
1490,6,8145,9600,9856,600,616,0.700000,0.718667,9856,0.718667,12288,jp,15:26;3d:2b;91:26;95:26;b0:40;b1:40,2631:01;2641:07
1490,7,8146,10240,11520,640,720,0.746667,0.840000,11520,0.840000,14336,jp,15:2c;3d:32;85:33;91:2d;95:2c;b0:40;b1:40,2c71:01;2c81:07
1490,8,8148,29184,34944,1824,2184,2.128000,2.548000,34944,2.548000,38912,jp,14:80;15:88;3e:19;85:8f;90:80;91:88;94:80;95:88;b0:40;b1:40,8831:01;8841:07
1490,9,8149,63616,69376,3976,4336,4.638667,5.058667,69376,5.058667,71680,jp,14:00;15:0f;16:01;3e:2f;85:13;86:01;90:00;91:0f;92:01;94:00;95:0f;96:01;b0:40;b1:40,10ed1:01;10ee1:07
1490,10,814a,21504,22656,1344,1416,1.568000,1.652000,22656,1.652000,26624,jp,14:40;15:58;3d:63;85:5f;90:80;91:58;94:40;95:58;b0:40;b1:40,5811:01;5821:07
1490,11,814b,16768,23040,1048,1440,1.222667,1.680000,23040,1.680000,26624,jp,14:c0;15:59;3d:65;85:5f;90:00;91:5a;94:c0;95:59;b0:40;b1:40,59a1:01;59b1:07
1490,12,814c,25600,31488,1600,1968,1.866667,2.296000,31488,2.296000,34816,jp,14:c0;15:7a;3d:81;3e:0a;3f:7f;40:b0;41:00;42:7e;43:00;44:b0;45:00;46:7f;85:7f;91:7b;94:c0;95:7a;b0:40;b1:40,7a81:01;7a91:07
1490,13,814d,16128,15488,1008,968,1.176000,1.129333,16128,1.176000,18432,usa,,3ee1:01;3ef1:07
1491,0,815a,29056,25344,1816,1584,2.118667,1.848000,29056,2.118667,32768,usa,,7121:01;7131:07
1491,1,815b,46720,48768,2920,3048,3.406667,3.556000,48768,3.556000,51200,jp,14:40;15:be;3e:55;85:c3;91:be;94:40;95:be;b0:40;b1:40,be11:01;be21:07
1491,2,815c,53888,51584,3368,3224,3.929333,3.761333,53888,3.929333,57344,usa,,d241:01;d251:07
1491,3,815d,23552,23296,1472,1456,1.717333,1.698667,23552,1.717333,26624,usa,,5b91:01;5ba1:07
1491,4,815e,36224,47488,2264,2968,2.641333,3.462667,47488,3.462667,51200,jp,15:b9;3e:4f;85:bf;91:b9;95:b9;b0:40;b1:40,b8f1:01;b901:07
1491,5,815f,53376,55424,3336,3464,3.892000,4.041333,55424,4.041333,59392,jp,14:40;15:d8;3e:72;85:df;91:d8;94:40;95:d8;b0:40;b1:40,d801:01;d811:07
1491,6,8160,8704,15872,544,992,0.634667,1.157333,15872,1.157333,18432,jp,15:3d;3d:45;85:43;91:3e;95:3d;b0:40;b1:40,3d71:01;3d81:07
1491,7,8161,67456,76032,4216,4752,4.918667,5.544000,76032,5.544000,79872,jp,14:c0;15:28;3e:4c;85:2f;90:00;91:29;94:c0;95:28;b0:40;b1:40,128a1:01;128b1:07
1491,8,8162,71424,78208,4464,4888,5.208000,5.702667,78208,5.702667,81920,jp,14:80;15:31;3e:56;85:37;90:80;91:31;94:80;95:31;b0:40;b1:40,13151:01;13161:07
1491,9,8163,23936,23808,1496,1488,1.745333,1.736000,23936,1.745333,26624,usa,,5d61:01;5d71:07
1491,10,8164,65920,66944,4120,4184,4.806667,4.881333,66944,4.881333,69632,jp,14:40;15:05;3e:25;85:0b;91:05;94:40;95:05;b0:40;b1:40,10511:01;10521:07
1491,11,8165,48512,49152,3032,3072,3.537333,3.584000,49152,3.584000,51200,jp,14:c0;15:bf;3e:57;90:00;91:c0;94:c0;95:bf;b0:40;b1:40,bf71:01;bf81:07
1491,12,8166,77824,76544,4864,4784,5.674667,5.581333,77824,5.674667,79872,usa,,12f71:01;12f81:07
1491,13,8167,10624,17152,664,1072,0.774667,1.250667,17152,1.250667,20480,jp,14:c0;15:42;3d:4b;85:47;90:00;91:43;94:c0;95:42;b0:40;b1:40,42a1:01;42b1:07
1492,0,8180,18816,16512,1176,1032,1.372000,1.204000,18816,1.372000,22528,usa,,48f1:01;4901:07
1492,1,8181,12800,16768,800,1048,0.933333,1.222667,16768,1.222667,20480,jp,14:40;15:41;39:49;85:47;90:80;91:41;94:40;95:41;b0:40;b1:40,4121:01;4131:07
1492,2,8182,33280,35072,2080,2192,2.426667,2.557333,35072,2.557333,38912,jp,15:88;3a:19;85:8f;91:89;95:88;b0:40;b1:40,8881:01;8891:07
1492,3,8183,48896,57216,3056,3576,3.565333,4.172000,57216,4.172000,59392,jp,14:80;15:df;3a:7a;85:e3;90:80;91:df;94:80;95:df;b0:40;b1:40,df61:01;df71:07
1492,4,8184,40064,51840,2504,3240,2.921333,3.780000,51840,3.780000,55296,jp,15:ca;3a:63;85:cf;91:ca;95:ca;b0:40;b1:40,ca21:01;ca31:07
1492,5,8185,15104,17920,944,1120,1.101333,1.306667,17920,1.306667,20480,jp,15:45;39:4e;85:4b;91:46;95:45;b0:40;b1:40,45a1:01;45b1:07
1492,6,8186,20736,26496,1296,1656,1.512000,1.932000,26496,1.932000,28672,jp,14:80;15:67;39:74;85:6b;90:80;91:67;94:80;95:67;b0:40;b1:40,6741:01;6751:07
1492,7,8187,53632,50560,3352,3160,3.910667,3.686667,53632,3.910667,57344,usa,,d0f1:01;d101:07
1492,8,8188,63104,69760,3944,4360,4.601333,5.086667,69760,5.086667,73728,jp,15:10;16:01;3a:31;85:17;86:01;91:10;92:01;95:10;96:01;b0:40;b1:40,11051:01;11061:07
1492,9,8189,22784,24832,1424,1552,1.661333,1.810667,24832,1.810667,28672,jp,14:c0;15:60;39:6c;85:67;91:61;94:c0;95:60;b0:40;b1:40,6071:01;6081:07
1492,10,818a,53632,62720,3352,3920,3.910667,4.573333,62720,4.573333,65536,jp,14:00;15:f5;39:82;3a:12;85:fb;90:00;91:f5;94:00;95:f5;b0:40;b1:40,f4c1:01;f4d1:07
1492,11,818b,55040,62592,3440,3912,4.013333,4.564000,62592,4.564000,65536,jp,14:40;15:f4;39:82;3a:12;85:fb;90:80;91:f4;94:40;95:f4;b0:40;b1:40,f421:01;f431:07
1492,12,818c,15616,19456,976,1216,1.138667,1.418667,19456,1.418667,22528,jp,15:4c;39:55;85:4f;91:4c;95:4c;b0:40;b1:40,4be1:01;4bf1:07
1492,13,818d,61056,76032,3816,4752,4.452000,5.544000,76032,5.544000,79872,jp,14:00;15:29;16:01;3a:4d;85:2f;86:01;90:00;91:29;92:01;94:00;95:29;96:01;b0:40;b1:40,128e1:01;128f1:07
1492,14,818e,43392,44544,2712,2784,3.164000,3.248000,44544,3.248000,47104,jp,14:c0;15:ad;3a:43;85:b3;90:00;91:ae;94:c0;95:ad;b0:40;b1:40,ad81:01;ad91:07
1492,15,818f,12800,13952,800,872,0.933333,1.017333,13952,1.017333,16384,jp,14:80;15:36;39:3d;85:3b;90:80;91:36;94:80;95:36;b0:40;b1:40,3651:01;3661:07
1492,16,8190,19840,15104,1240,944,1.446667,1.101333,19840,1.446667,22528,usa,,4d31:01;4d41:07
1492,17,8191,23040,29184,1440,1824,1.680000,2.128000,29184,2.128000,32768,jp,14:c0;15:71;39:81;3a:00;3b:7f;3c:b0;3d:00;3e:7e;3f:00;40:b0;41:00;42:7f;85:77;91:72;94:c0;95:71;b0:40;b1:40,71a1:01;71b1:07
1492,18,8192,88704,113152,5544,7072,6.468000,8.250667,113152,8.250667,116736,jp,14:c0;15:b9;3a:6e;85:bf;90:00;91:ba;94:c0;95:b9;b0:40;b1:40,1b991:01;1b9a1:07
1492,19,8193,75520,83456,4720,5216,5.506667,6.085333,83456,6.085333,86016,jp,15:46;3a:6d;85:4b;91:46;95:46;b0:40;b1:40,145e1:01;145f1:07
1492,20,8194,47616,58368,2976,3648,3.472000,4.256000,58368,4.256000,61440,jp,14:00;15:e4;3a:7f;85:e7;91:e4;94:00;95:e4;b0:40;b1:40,e3b1:01;e3c1:07
1492,21,8195,45696,48640,2856,3040,3.332000,3.546667,48640,3.546667,51200,jp,14:c0;15:bd;3a:55;85:c3;90:00;91:be;94:c0;95:bd;b0:40;b1:40,bda1:01;bdb1:07
1492,22,8196,60800,65408,3800,4088,4.433333,4.769333,65408,4.769333,67584,jp,14:80;15:ff;3a:1e;85:03;86:01;91:ff;94:80;95:ff;b0:40;b1:40,ff61:01;ff71:07
1492,23,8197,69120,80768,4320,5048,5.040000,5.889333,80768,5.889333,83968,jp,14:40;15:3b;3a:61;85:3f;90:80;91:3b;94:40;95:3b;b0:40;b1:40,13af1:01;13b01:07
1492,24,8198,45440,45952,2840,2872,3.313333,3.350667,45952,3.350667,49152,jp,15:b3;3a:49;91:b3;95:b3;b0:40;b1:40,b321:01;b331:07
1492,25,8199,42752,53120,2672,3320,3.117333,3.873333,53120,3.873333,55296,jp,14:40;15:cf;3a:68;85:d3;90:80;91:cf;94:40;95:cf;b0:40;b1:40,cf21:01;cf31:07
1492,26,819a,12416,17536,776,1096,0.905333,1.278667,17536,1.278667,20480,jp,15:44;39:4d;85:4b;91:44;95:44;b0:40;b1:40,4401:01;4411:07
1492,27,819b,52736,48384,3296,3024,3.845333,3.528000,52736,3.845333,55296,usa,,cd71:01;cd81:07
1492,28,819c,74752,79104,4672,4944,5.450667,5.768000,79104,5.768000,81920,jp,14:c0;15:34;3a:5a;85:3b;91:35;94:c0;95:34;b0:40;b1:40,13491:01;134a1:07
1492,29,819d,65024,72448,4064,4528,4.741333,5.282667,72448,5.282667,75776,jp,14:c0;15:1a;16:01;3a:3d;85:1f;91:1b;92:01;94:c0;95:1a;96:01;b0:40;b1:40,11a81:01;11a91:07
1492,30,819e,12416,11008,776,688,0.905333,0.802667,12416,0.905333,16384,usa,,3021:01;3031:07
1493,0,81b2,20352,23680,1272,1480,1.484000,1.726667,23680,1.726667,26624,jp,15:5c;3d:68;85:63;91:5c;95:5c;b0:40;b1:40,5c41:01;5c51:07
1493,1,81b3,58880,60032,3680,3752,4.293333,4.377333,60032,4.377333,63488,jp,14:40;15:ea;3e:06;85:ef;90:80;91:ea;94:40;95:ea;b0:40;b1:40,ea11:01;ea21:07
1493,2,81b4,33536,41728,2096,2608,2.445333,3.042667,41728,3.042667,45056,jp,14:c0;15:a2;3e:36;85:a7;91:a3;94:c0;95:a2;b0:40;b1:40,a291:01;a2a1:07
1493,3,81b5,54528,64384,3408,4024,3.976000,4.694667,64384,4.694667,67584,jp,14:80;15:fb;3d:82;3e:1a;85:ff;90:80;91:fb;94:80;95:fb;b0:40;b1:40,fb61:01;fb71:07
1493,4,81b6,43008,46208,2688,2888,3.136000,3.369333,46208,3.369333,49152,jp,14:80;15:b4;3e:4a;85:bb;90:80;91:b4;94:80;95:b4;b0:40;b1:40,b451:01;b461:07
1493,5,81b7,40192,48768,2512,3048,2.930667,3.556000,48768,3.556000,51200,jp,14:80;15:be;3e:56;85:c3;90:80;91:be;94:80;95:be;b0:40;b1:40,be61:01;be71:07
1493,6,81b8,18176,20224,1136,1264,1.325333,1.474667,20224,1.474667,22528,jp,15:4e;3d:58;85:53;91:4f;95:4e;b0:40;b1:40,4e91:01;4ea1:07
1493,7,81b9,52352,57344,3272,3584,3.817333,4.181333,57344,4.181333,59392,jp,14:00;15:e0;3e:7b;85:e3;90:00;91:e0;94:00;95:e0;b0:40;b1:40,dfe1:01;dff1:07
1493,8,81ba,52864,50304,3304,3144,3.854667,3.668000,52864,3.854667,55296,usa,,ce01:01;ce11:07
1493,9,81bb,12032,10496,752,656,0.877333,0.765333,12032,0.877333,14336,usa,,2ed1:01;2ee1:07
1493,10,81bc,11648,11136,728,696,0.849333,0.812000,11648,0.849333,14336,usa,,2d01:01;2d11:07
1493,11,81bd,21120,21888,1320,1368,1.540000,1.596000,21888,1.596000,24576,jp,14:40;15:55;3d:60;85:5b;91:55;94:40;95:55;b0:40;b1:40,5501:01;5511:07
1493,12,81be,61568,67072,3848,4192,4.489333,4.890667,67072,4.890667,69632,jp,14:00;15:06;16:01;3e:25;85:0b;86:01;90:00;91:06;92:01;94:00;95:06;96:01;b0:40;b1:40,105b1:01;105c1:07
1493,13,81bf,20992,24320,1312,1520,1.530667,1.773333,24320,1.773333,26624,jp,15:5f;3d:6b;85:63;91:5f;95:5f;b0:40;b1:40,5ee1:01;5ef1:07
1493,14,81c0,27520,35328,1720,2208,2.006667,2.576000,35328,2.576000,38912,jp,14:c0;15:89;3d:81;3e:1a;3f:7f;40:b0;41:00;42:7e;43:00;44:b0;45:00;46:7f;85:8f;90:00;91:8a;94:c0;95:89;b0:40;b1:40,8971:01;8981:07
1493,15,81c1,49280,60800,3080,3800,3.593333,4.433333,60800,4.433333,63488,jp,15:ed;3d:82;3e:0a;85:f3;91:ed;95:ed;b0:40;b1:40,ed11:01;ed21:07
1493,16,81c2,51200,60544,3200,3784,3.733333,4.414667,60544,4.414667,63488,jp,14:40;15:ec;3d:82;3e:08;85:f3;90:80;91:ec;94:40;95:ec;b0:40;b1:40,ebf1:01;ec01:07
1493,17,81c3,69120,72448,4320,4528,5.040000,5.282667,72448,5.282667,75776,jp,15:1a;3e:3d;85:1f;91:1b;95:1a;b0:40;b1:40,11aa1:01;11ab1:07
1493,18,81c4,8704,12928,544,808,0.634667,0.942667,12928,0.942667,16384,jp,14:40;15:32;3d:38;85:37;90:80;91:32;94:40;95:32;b0:40;b1:40,31f1:01;3201:07
1493,19,81c5,43520,45824,2720,2864,3.173333,3.341333,45824,3.341333,49152,jp,14:c0;15:b2;3e:48;85:b7;91:b3;94:c0;95:b2;b0:40;b1:40,b281:01;b291:07
1493,20,81c6,38016,41088,2376,2568,2.772000,2.996000,41088,2.996000,45056,jp,14:80;15:a0;3a:34;85:a7;91:a0;94:80;95:a0;b0:40;b1:40,a031:01;a041:07
1494,0,81ee,26368,27776,1648,1736,1.922667,2.025333,27776,2.025333,30720,jp,14:80;15:6c;3d:7a;85:73;90:80;91:6c;94:80;95:6c;b0:40;b1:40,6c41:01;6c51:07
1494,1,81ef,44032,52224,2752,3264,3.210667,3.808000,52224,3.808000,55296,jp,15:cb;3e:64;85:cf;91:cc;95:cb;b0:40;b1:40,cb71:01;cb81:07
1494,2,81f0,12288,17152,768,1072,0.896000,1.250667,17152,1.250667,20480,jp,15:42;3d:4b;85:47;91:43;95:42;b0:40;b1:40,4291:01;42a1:07
1494,3,81f1,19456,20096,1216,1256,1.418667,1.465333,20096,1.465333,22528,jp,14:40;15:4e;3d:58;85:53;90:80;91:4e;94:40;95:4e;b0:40;b1:40,4e11:01;4e21:07
1494,4,81f2,29056,30592,1816,1912,2.118667,2.230667,30592,2.230667,32768,jp,14:80;15:77;3d:81;3e:06;3f:7f;40:b0;41:00;42:7e;43:00;44:b0;45:00;46:7f;85:7b;91:77;94:80;95:77;b0:40;b1:40,7741:01;7751:07
1495,0,820a,12160,10880,760,680,0.886667,0.793333,12160,0.886667,14336,usa,,2f41:01;2f51:07
1495,1,820b,24192,23936,1512,1496,1.764000,1.745333,24192,1.764000,26624,usa,,5df1:01;5e01:07
1495,2,820c,20608,24320,1288,1520,1.502667,1.773333,24320,1.773333,26624,jp,14:00;15:5f;3d:6b;85:63;90:00;91:5f;94:00;95:5f;b0:40;b1:40,5ee1:01;5ef1:07
1495,3,820d,25088,29440,1568,1840,1.829333,2.146667,29440,2.146667,32768,jp,15:73;3d:81;3e:01;3f:7f;40:b0;41:00;42:7e;43:00;44:b0;45:00;46:7f;85:77;91:73;95:73;b0:40;b1:40,72b1:01;72c1:07
1495,4,820e,28672,32768,1792,2048,2.090667,2.389333,32768,2.389333,34816,jp,15:7f;3d:81;3e:0f;3f:7f;40:b0;41:00;42:7e;43:00;44:b0;45:00;46:7f;85:83;91:80;95:7f;b0:40;b1:40,7fa1:01;7fb1:07
1495,5,820f,26240,25088,1640,1568,1.913333,1.829333,26240,1.913333,28672,usa,,6631:01;6641:07
1495,6,8210,12672,20608,792,1288,0.924000,1.502667,20608,1.502667,24576,jp,15:50;3d:5a;85:57;91:50;95:50;b0:40;b1:40,5041:01;5051:07
1495,7,8211,43904,49920,2744,3120,3.201333,3.640000,49920,3.640000,53248,jp,14:c0;15:c2;3e:5a;85:c7;90:00;91:c3;94:c0;95:c2;b0:40;b1:40,c291:01;c2a1:07
1495,8,8212,12032,11520,752,720,0.877333,0.840000,12032,0.877333,14336,usa,,2ed1:01;2ee1:07
1495,9,8213,34176,35200,2136,2200,2.492000,2.566667,35200,2.566667,38912,jp,15:89;3e:1a;85:8f;91:89;95:89;b0:40;b1:40,88f1:01;8901:07
1495,10,8214,40832,45056,2552,2816,2.977333,3.285333,45056,3.285333,47104,jp,14:00;15:b0;3e:45;85:b3;90:00;91:b0;94:00;95:b0;b0:40;b1:40,afe1:01;aff1:07
1495,11,8215,24704,24960,1544,1560,1.801333,1.820000,24960,1.820000,28672,jp,14:40;15:61;3d:6d;91:61;94:40;95:61;b0:40;b1:40,6101:01;6111:07
1496,0,8228,11776,12544,736,784,0.858667,0.914667,12544,0.914667,16384,jp,14:c0;15:30;39:37;85:37;91:31;94:c0;95:30;b0:40;b1:40,3091:01;30a1:07
1496,1,8229,46976,49280,2936,3080,3.425333,3.593333,49280,3.593333,53248,jp,14:80;15:c0;3a:58;85:c7;91:c0;94:80;95:c0;b0:40;b1:40,c041:01;c051:07
1496,2,822a,71168,68352,4448,4272,5.189333,4.984000,71168,5.189333,73728,usa,,11571:01;11581:07
1496,3,822b,46592,42496,2912,2656,3.397333,3.098667,46592,3.397333,49152,usa,,b5e1:01;b5f1:07
1496,4,822c,13056,16000,816,1000,0.952000,1.166667,16000,1.166667,18432,jp,14:40;15:3e;39:46;85:43;90:80;91:3e;94:40;95:3e;b0:40;b1:40,3df1:01;3e01:07
1496,5,822d,18304,16128,1144,1008,1.334667,1.176000,18304,1.334667,20480,usa,,46f1:01;4701:07
1496,6,822e,50688,48640,3168,3040,3.696000,3.546667,50688,3.696000,53248,usa,,c5d1:01;c5e1:07
1496,7,822f,75136,78976,4696,4936,5.478667,5.758667,78976,5.758667,81920,jp,14:40;15:34;3a:59;85:3b;91:34;94:40;95:34;b0:40;b1:40,13401:01;13411:07
1496,8,8230,27008,25856,1688,1616,1.969333,1.885333,27008,1.969333,30720,usa,,68f1:01;6901:07
1496,9,8231,12160,11904,760,744,0.886667,0.868000,12160,0.886667,14336,usa,,2ef1:01;2f01:07
1496,10,8232,55168,57856,3448,3616,4.022667,4.218667,57856,4.218667,61440,jp,14:c0;15:e1;3a:7d;85:e7;90:00;91:e2;94:c0;95:e1;b0:40;b1:40,e171:01;e181:07
1496,11,8233,10112,12672,632,792,0.737333,0.924000,12672,0.924000,16384,jp,15:31;39:37;85:37;91:31;95:31;b0:40;b1:40,30f1:01;3101:07
1496,12,8234,27136,32256,1696,2016,1.978667,2.352000,32256,2.352000,34816,jp,14:c0;15:7d;39:81;3a:0d;3b:7f;3c:b0;3d:00;3e:7e;3f:00;40:b0;41:00;42:7f;85:83;91:7e;94:c0;95:7d;b0:40;b1:40,7d81:01;7d91:07
1496,13,8235,41984,39680,2624,2480,3.061333,2.893333,41984,3.061333,45056,usa,,a3e1:01;a3f1:07
1496,14,8236,57984,71040,3624,4440,4.228000,5.180000,71040,5.180000,73728,jp,14:40;15:15;16:01;39:82;3a:36;85:1b;86:01;91:15;92:01;94:40;95:15;96:01;b0:40;b1:40,11511:01;11521:07
1496,15,8237,59648,71296,3728,4456,4.349333,5.198667,71296,5.198667,73728,jp,14:40;15:16;16:01;3a:38;85:1b;86:01;90:80;91:16;92:01;94:40;95:16;96:01;b0:40;b1:40,11611:01;11621:07
1496,16,8238,11392,11136,712,696,0.830667,0.812000,11392,0.830667,14336,usa,,2c51:01;2c61:07
1496,17,8239,56576,54528,3536,3408,4.125333,3.976000,56576,4.125333,59392,usa,,dcd1:01;dce1:07
1496,18,823a,12928,15104,808,944,0.942667,1.101333,15104,1.101333,18432,jp,14:c0;15:3a;39:42;85:3f;90:00;91:3b;94:c0;95:3a;b0:40;b1:40,3a91:01;3aa1:07
1496,19,823b,51712,51456,3232,3216,3.770667,3.752000,51712,3.770667,55296,usa,,c9e1:01;c9f1:07
1496,20,823c,15104,12544,944,784,1.101333,0.914667,15104,1.101333,18432,usa,,3a71:01;3a81:07
1496,21,823d,14848,13952,928,872,1.082667,1.017333,14848,1.082667,18432,usa,,3971:01;3981:07
1496,22,823e,11776,11264,736,704,0.858667,0.821333,11776,0.858667,14336,usa,,2db1:01;2dc1:07
1496,23,823f,50816,55808,3176,3488,3.705333,4.069333,55808,4.069333,59392,jp,14:00;15:da;3a:74;85:df;90:00;91:da;94:00;95:da;b0:40;b1:40,d9d1:01;d9e1:07
1496,24,8240,70400,75648,4400,4728,5.133333,5.516000,75648,5.516000,77824,jp,14:40;15:27;3a:4b;85:2b;90:80;91:27;94:40;95:27;b0:40;b1:40,12711:01;12721:07
1496,25,8241,36224,39040,2264,2440,2.641333,2.846667,39040,2.846667,43008,jp,14:80;15:98;3a:2b;85:9f;91:98;94:80;95:98;b0:40;b1:40,9851:01;9861:07
1496,26,8242,87040,94080,5440,5880,6.346667,6.860000,94080,6.860000,96256,jp,14:80;15:6f;39:83;3a:1b;85:73;90:80;91:6f;94:80;95:6f;b0:40;b1:40,16f41:01;16f51:07
1496,27,8243,53120,50176,3320,3136,3.873333,3.658667,53120,3.873333,55296,usa,,cef1:01;cf01:07
1496,28,8244,39680,39552,2480,2472,2.893333,2.884000,39680,2.893333,43008,usa,,9a91:01;9aa1:07
1496,29,8245,15360,16896,960,1056,1.120000,1.232000,16896,1.232000,20480,jp,15:41;39:4a;85:47;91:42;95:41;b0:40;b1:40,4191:01;41a1:07
1496,30,8246,11520,12672,720,792,0.840000,0.924000,12672,0.924000,16384,jp,14:40;15:31;39:37;85:37;90:80;91:31;94:40;95:31;b0:40;b1:40,30f1:01;3101:07
1496,31,8247,25856,28160,1616,1760,1.885333,2.053333,28160,2.053333,30720,jp,14:00;15:6e;39:7c;85:73;91:6e;94:00;95:6e;b0:40;b1:40,6de1:01;6df1:07
1496,32,8248,62976,70272,3936,4392,4.592000,5.124000,70272,5.124000,73728,jp,14:80;15:12;16:01;3a:33;85:17;86:01;90:80;91:12;92:01;94:80;95:12;96:01;b0:40;b1:40,11261:01;11271:07
1496,33,8249,28672,37248,1792,2328,2.090667,2.716000,37248,2.716000,40960,jp,14:40;15:91;39:81;3a:23;3b:7f;3c:b0;3d:00;3e:7e;3f:00;40:b0;41:00;42:7f;85:97;90:80;91:91;94:40;95:91;b0:40;b1:40,9101:01;9111:07
1496,34,824a,15872,13056,992,816,1.157333,0.952000,15872,1.157333,18432,usa,,3d71:01;3d81:07
1496,35,824b,7936,7808,496,488,0.578667,0.569333,7936,0.578667,10240,usa,,1ed1:01;1ee1:07
1496,36,824c,7936,7040,496,440,0.578667,0.513333,7936,0.578667,10240,usa,,1ed1:01;1ee1:07
1496,37,824d,41472,44928,2592,2808,3.024000,3.276000,44928,3.276000,47104,jp,14:80;15:af;3a:45;85:b3;90:80;91:af;94:80;95:af;b0:40;b1:40,af61:01;af71:07
1496,38,824e,23552,26624,1472,1664,1.717333,1.941333,26624,1.941333,28672,jp,14:00;15:68;39:75;85:6b;91:68;94:00;95:68;b0:40;b1:40,67e1:01;67f1:07
1497,0,825a,66304,57984,4144,3624,4.834667,4.228000,66304,4.834667,69632,usa,,102a1:01;102b1:07
1497,1,825b,103424,84096,6464,5256,7.541333,6.132000,103424,7.541333,106496,usa,,193a1:01;193b1:07
1497,2,825c,37632,33664,2352,2104,2.744000,2.454667,37632,2.744000,40960,usa,,92a1:01;92b1:07
1497,3,825d,72320,71936,4520,4496,5.273333,5.245333,72320,5.273333,75776,usa,,11a41:01;11a51:07
1497,4,825e,50688,46976,3168,2936,3.696000,3.425333,50688,3.696000,53248,usa,,c5c1:01;c5d1:07
1497,5,825f,50304,57984,3144,3624,3.668000,4.228000,57984,4.228000,61440,jp,14:40;15:e2;3e:7d;85:e7;91:e2;94:40;95:e2;b0:40;b1:40,e1f1:01;e201:07
1497,6,8260,46592,43776,2912,2736,3.397333,3.192000,46592,3.397333,49152,usa,,b591:01;b5a1:07
1497,7,8261,55936,51712,3496,3232,4.078667,3.770667,55936,4.078667,59392,usa,,da31:01;da41:07
1497,8,8262,77312,79232,4832,4952,5.637333,5.777333,79232,5.777333,81920,jp,14:40;15:35;3e:5a;85:3b;90:80;91:35;94:40;95:35;b0:40;b1:40,13511:01;13521:07
1497,9,8263,19072,19328,1192,1208,1.390667,1.409333,19328,1.409333,22528,jp,15:4b;3d:55;91:4b;95:4b;b0:40;b1:40,4b21:01;4b31:07
1497,10,8264,87808,86912,5488,5432,6.402667,6.337333,87808,6.402667,90112,usa,,156e1:01;156f1:07
1497,11,8265,75520,73344,4720,4584,5.506667,5.348000,75520,5.506667,77824,usa,,126a1:01;126b1:07
1497,12,8266,44928,44288,2808,2768,3.276000,3.229333,44928,3.276000,47104,usa,,af61:01;af71:07
1497,13,8267,36864,38144,2304,2384,2.688000,2.781333,38144,2.781333,40960,jp,15:94;3e:27;85:9b;91:95;95:94;b0:40;b1:40,9491:01;94a1:07
1497,14,8268,51968,51840,3248,3240,3.789333,3.780000,51968,3.789333,55296,usa,,cae1:01;caf1:07
1497,15,8269,22656,19584,1416,1224,1.652000,1.428000,22656,1.652000,26624,usa,,5831:01;5841:07
1497,16,826a,40832,38400,2552,2400,2.977333,2.800000,40832,2.977333,43008,usa,,9f11:01;9f21:07
1497,17,826b,92544,86656,5784,5416,6.748000,6.318667,92544,6.748000,96256,usa,,16911:01;16921:07
1497,18,826c,74368,84736,4648,5296,5.422667,6.178667,84736,6.178667,88064,jp,14:00;15:4b;3e:72;85:4f;90:00;91:4b;94:00;95:4b;b0:40;b1:40,14ac1:01;14ad1:07
1497,19,826d,63616,75520,3976,4720,4.638667,5.506667,75520,5.506667,77824,jp,14:c0;15:26;16:01;3e:4a;85:2b;86:01;90:00;91:27;92:01;94:c0;95:26;96:01;b0:40;b1:40,12691:01;126a1:07
1497,20,826e,50944,57344,3184,3584,3.714667,4.181333,57344,4.181333,59392,jp,14:c0;15:df;3e:7b;85:e3;91:e0;94:c0;95:df;b0:40;b1:40,df91:01;dfa1:07
1497,21,826f,87296,102016,5456,6376,6.365333,7.438667,102016,7.438667,104448,jp,14:80;15:8e;3d:83;3e:3e;85:93;90:80;91:8e;94:80;95:8e;b0:40;b1:40,18e61:01;18e71:07
1497,22,8270,67200,76288,4200,4768,4.900000,5.562667,76288,5.562667,79872,jp,14:00;15:2a;3e:4e;85:2f;90:00;91:2a;94:00;95:2a;b0:40;b1:40,129b1:01;129c1:07
1497,23,8271,38912,36736,2432,2296,2.837333,2.678667,38912,2.837333,40960,usa,,9771:01;9781:07
1497,24,8272,45312,43776,2832,2736,3.304000,3.192000,45312,3.304000,49152,usa,,b0c1:01;b0d1:07
1498,0,828a,40576,38912,2536,2432,2.958667,2.837333,40576,2.958667,43008,usa,,9e41:01;9e51:07
1498,1,828b,74880,79872,4680,4992,5.460000,5.824000,79872,5.824000,81920,jp,14:c0;15:37;3e:5d;85:3b;90:00;91:38;94:c0;95:37;b0:40;b1:40,13781:01;13791:07
1498,2,828c,44544,39936,2784,2496,3.248000,2.912000,44544,3.248000,47104,usa,,ad81:01;ad91:07
1498,3,828d,15488,12928,968,808,1.129333,0.942667,15488,1.129333,18432,usa,,3c31:01;3c41:07
1498,4,828e,11520,13440,720,840,0.840000,0.980000,13440,0.980000,16384,jp,14:80;15:34;3d:3b;85:3b;90:80;91:34;94:80;95:34;b0:40;b1:40,3461:01;3471:07
1498,5,828f,41984,44672,2624,2792,3.061333,3.257333,44672,3.257333,47104,jp,14:80;15:ae;3e:43;85:b3;90:80;91:ae;94:80;95:ae;b0:40;b1:40,ae31:01;ae41:07
1498,6,8290,30208,28544,1888,1784,2.202667,2.081333,30208,2.202667,32768,usa,,7581:01;7591:07
1498,7,8291,13184,15616,824,976,0.961333,1.138667,15616,1.138667,18432,jp,14:c0;15:3c;3d:44;85:43;90:00;91:3d;94:c0;95:3c;b0:40;b1:40,3c91:01;3ca1:07
1498,8,8292,50688,49792,3168,3112,3.696000,3.630667,50688,3.696000,53248,usa,,c5a1:01;c5b1:07
1498,9,8293,32512,31360,2032,1960,2.370667,2.286667,32512,2.370667,34816,usa,,7e81:01;7e91:07
1498,10,8294,55168,80000,3448,5000,4.022667,5.833333,80000,5.833333,83968,jp,15:38;16:01;3d:82;3e:5e;85:3f;86:01;91:38;92:01;95:38;96:01;b0:40;b1:40,13801:01;13811:07
1498,11,8295,29312,28928,1832,1808,2.137333,2.109333,29312,2.137333,32768,usa,,7211:01;7221:07
1499,0,82a8,15488,11776,968,736,1.129333,0.858667,15488,1.129333,18432,usa,,3c51:01;3c61:07
1499,1,82a9,39424,43008,2464,2688,2.874667,3.136000,43008,3.136000,45056,jp,15:a8;3a:3c;85:ab;91:a8;95:a8;b0:40;b1:40,a7b1:01;a7c1:07
1499,2,82aa,22656,21504,1416,1344,1.652000,1.568000,22656,1.652000,26624,usa,,57f1:01;5801:07
1499,3,82ab,53120,42240,3320,2640,3.873333,3.080000,53120,3.873333,55296,usa,,cf41:01;cf51:07
1499,4,82ac,71936,79232,4496,4952,5.245333,5.777333,79232,5.777333,81920,jp,14:40;15:35;3a:5a;85:3b;90:80;91:35;94:40;95:35;b0:40;b1:40,13511:01;13521:07
1499,5,82ad,13184,13312,824,832,0.961333,0.970667,13312,0.970667,16384,jp,14:c0;90:00;91:34;94:c0;b0:40;b1:40,3391:01;33a1:07
1499,6,82ae,11520,9856,720,616,0.840000,0.718667,11520,0.840000,14336,usa,,2cd1:01;2ce1:07
1499,7,82af,39808,41344,2488,2584,2.902667,3.014667,41344,3.014667,45056,jp,14:80;15:a1;3a:35;85:a7;91:a1;94:80;95:a1;b0:40;b1:40,a131:01;a141:07
1499,8,82b0,58880,66944,3680,4184,4.293333,4.881333,66944,4.881333,69632,jp,14:40;15:05;16:01;3a:24;85:0b;86:01;90:80;91:05;92:01;94:40;95:05;96:01;b0:40;b1:40,10501:01;10511:07
1499,9,82b1,38016,39040,2376,2440,2.772000,2.846667,39040,2.846667,43008,jp,15:98;3a:2b;85:9f;91:98;95:98;b0:40;b1:40,9811:01;9821:07
1499,10,82b2,61440,61952,3840,3872,4.480000,4.517333,61952,4.517333,65536,jp,15:f1;3a:0f;85:f7;91:f2;95:f1;b0:40;b1:40,f181:01;f191:07
1499,11,82b3,48000,60800,3000,3800,3.500000,4.433333,60800,4.433333,63488,jp,15:ed;39:82;3a:0a;85:f3;91:ed;95:ed;b0:40;b1:40,ed51:01;ed61:07
1499,12,82b4,10624,9088,664,568,0.774667,0.662667,10624,0.774667,14336,usa,,2931:01;2941:07
1499,13,82b5,76160,65280,4760,4080,5.553333,4.760000,76160,5.553333,79872,usa,,12921:01;12931:07
1499,14,82b6,96768,120960,6048,7560,7.056000,8.820000,120960,8.820000,124928,jp,14:40;15:d8;39:84;3a:10;85:df;90:80;91:d8;94:40;95:d8;b0:40;b1:40,1d7f1:01;1d801:07
1499,15,82b7,52224,49664,3264,3104,3.808000,3.621333,52224,3.808000,55296,usa,,cbe1:01;cbf1:07
1499,16,82b8,67456,63744,4216,3984,4.918667,4.648000,67456,4.918667,69632,usa,,10721:01;10731:07
1499,17,82b9,27264,28288,1704,1768,1.988000,2.062667,28288,2.062667,30720,jp,14:40;15:6e;39:7c;85:73;91:6e;94:40;95:6e;b0:40;b1:40,6e11:01;6e21:07
1499,18,82ba,80000,80896,5000,5056,5.833333,5.898667,80896,5.898667,83968,jp,14:c0;15:3b;3a:62;90:00;91:3c;94:c0;95:3b;b0:40;b1:40,13ba1:01;13bb1:07
1499,19,82bb,12032,14336,752,896,0.877333,1.045333,14336,1.045333,16384,jp,15:38;39:3f;85:3b;91:38;95:38;b0:40;b1:40,37c1:01;37d1:07
1499,20,82bc,74880,77952,4680,4872,5.460000,5.684000,77952,5.684000,81920,jp,15:30;3a:55;85:37;91:30;95:30;b0:40;b1:40,13051:01;13061:07
1499,21,82bd,33920,27392,2120,1712,2.473333,1.997333,33920,2.473333,36864,usa,,8411:01;8421:07
1499,22,82be,30976,37248,1936,2328,2.258667,2.716000,37248,2.716000,40960,jp,14:40;15:91;3a:23;85:97;90:80;91:91;94:40;95:91;b0:40;b1:40,9121:01;9131:07
1499,23,82bf,16640,17408,1040,1088,1.213333,1.269333,17408,1.269333,20480,jp,14:c0;15:43;39:4c;91:44;94:c0;95:43;b0:40;b1:40,4381:01;4391:07
1499,24,82c0,23040,26368,1440,1648,1.680000,1.922667,26368,1.922667,28672,jp,14:c0;15:66;39:73;85:6b;91:67;94:c0;95:66;b0:40;b1:40,66a1:01;66b1:07
1499,25,82c1,72320,85248,4520,5328,5.273333,6.216000,85248,6.216000,88064,jp,14:00;15:4d;3a:75;85:53;90:00;91:4d;94:00;95:4d;b0:40;b1:40,14ce1:01;14cf1:07
1499,26,82c2,68096,70272,4256,4392,4.965333,5.124000,70272,5.124000,73728,jp,14:80;15:12;3a:33;85:17;90:80;91:12;94:80;95:12;b0:40;b1:40,11251:01;11261:07
1499,27,82c3,40832,44928,2552,2808,2.977333,3.276000,44928,3.276000,47104,jp,15:af;3a:44;85:b3;91:af;95:af;b0:40;b1:40,af11:01;af21:07
1499,28,82c4,60160,62592,3760,3912,4.386667,4.564000,62592,4.564000,65536,jp,14:40;15:f4;3a:11;85:fb;90:80;91:f4;94:40;95:f4;b0:40;b1:40,f3f1:01;f401:07
1499,29,82c5,54272,52224,3392,3264,3.957333,3.808000,54272,3.957333,57344,usa,,d371:01;d381:07
1499,30,82c6,75648,82304,4728,5144,5.516000,6.001333,82304,6.001333,86016,jp,15:41;3a:68;85:47;91:41;95:41;b0:40;b1:40,14121:01;14131:07
1499,31,82c7,41600,45696,2600,2856,3.033333,3.332000,45696,3.332000,49152,jp,15:b2;3a:48;85:b7;91:b2;95:b2;b0:40;b1:40,b221:01;b231:07
1499,32,82c8,45568,54272,2848,3392,3.322667,3.957333,54272,3.957333,57344,jp,14:c0;15:d3;3a:6d;85:d7;91:d4;94:c0;95:d3;b0:40;b1:40,d371:01;d381:07
1499,33,82c9,61824,70784,3864,4424,4.508000,5.161333,70784,5.161333,73728,jp,15:14;16:01;3a:36;85:1b;86:01;91:14;92:01;95:14;96:01;b0:40;b1:40,11441:01;11451:07
1499,34,82ca,65408,66816,4088,4176,4.769333,4.872000,66816,4.872000,69632,jp,14:c0;15:04;16:01;3a:24;85:0b;90:00;91:05;92:01;94:c0;95:04;96:01;b0:40;b1:40,10471:01;10481:07
1499,35,82cb,88832,86912,5552,5432,6.477333,6.337333,88832,6.477333,92160,usa,,15ae1:01;15af1:07
1499,36,82cc,27648,29312,1728,1832,2.016000,2.137333,29312,2.137333,32768,jp,14:80;15:72;39:81;3a:01;3b:7f;3c:b0;3d:00;3e:7e;3f:00;40:b0;41:00;42:7f;85:77;90:80;91:72;94:80;95:72;b0:40;b1:40,7261:01;7271:07
1499,37,82cd,69760,80000,4360,5000,5.086667,5.833333,80000,5.833333,83968,jp,14:40;15:38;3a:5d;85:3f;91:38;94:40;95:38;b0:40;b1:40,137f1:01;13801:07
1499,38,82ce,63232,63360,3952,3960,4.610667,4.620000,63360,4.620000,65536,jp,14:40;15:f7;3a:15;90:80;94:40;95:f7;b0:40;b1:40,f721:01;f731:07
1499,39,82cf,32256,36864,2016,2304,2.352000,2.688000,36864,2.688000,38912,jp,14:c0;15:8f;3a:21;85:93;91:90;94:c0;95:8f;b0:40;b1:40,8f91:01;8fa1:07
1499,40,82d0,45440,53760,2840,3360,3.313333,3.920000,53760,3.920000,57344,jp,14:c0;15:d1;3a:6b;85:d7;90:00;91:d2;94:c0;95:d1;b0:40;b1:40,d191:01;d1a1:07
1500,0,82e4,62720,64640,3920,4040,4.573333,4.713333,64640,4.713333,67584,jp,14:40;15:fc;3a:1a;85:03;86:01;90:80;91:fc;94:40;95:fc;b0:40;b1:40,fbf1:01;fc01:07
1500,1,82e5,26496,25856,1656,1616,1.932000,1.885333,26496,1.932000,28672,usa,,6731:01;6741:07
1500,2,82e6,32768,35840,2048,2240,2.389333,2.613333,35840,2.613333,38912,jp,14:c0;15:8b;3a:1d;85:8f;91:8c;94:c0;95:8b;b0:40;b1:40,8ba1:01;8bb1:07
1500,3,82e7,64640,63104,4040,3944,4.713333,4.601333,64640,4.713333,67584,usa,,fc61:01;fc71:07
1500,4,82e8,23424,24320,1464,1520,1.708000,1.773333,24320,1.773333,26624,jp,14:00;15:5f;39:6b;85:63;90:00;91:5f;94:00;95:5f;b0:40;b1:40,5eb1:01;5ec1:07
1500,5,82e9,19712,28928,1232,1808,1.437333,2.109333,28928,2.109333,32768,jp,14:c0;15:70;39:7f;85:77;91:71;94:c0;95:70;b0:40;b1:40,7091:01;70a1:07
1500,6,82ea,44416,45696,2776,2856,3.238667,3.332000,45696,3.332000,49152,jp,14:80;15:b2;3a:48;85:b7;91:b2;94:80;95:b2;b0:40;b1:40,b241:01;b251:07
1500,7,82eb,44032,57216,2752,3576,3.210667,4.172000,57216,4.172000,59392,jp,14:80;15:df;3a:7a;85:e3;90:80;91:df;94:80;95:df;b0:40;b1:40,df41:01;df51:07
1500,8,82ec,20352,22656,1272,1416,1.484000,1.652000,22656,1.652000,26624,jp,14:80;15:58;39:63;85:5f;91:58;94:80;95:58;b0:40;b1:40,5831:01;5841:07
1500,9,82ed,48896,48896,3056,3056,3.565333,3.565333,48896,3.565333,51200,usa,,bea1:01;beb1:07
1500,10,82ee,62592,66560,3912,4160,4.564000,4.853333,66560,4.853333,69632,jp,14:00;15:04;16:01;3a:23;85:07;86:01;90:00;91:04;92:01;94:00;95:04;96:01;b0:40;b1:40,103e1:01;103f1:07
1500,11,82ef,78208,82432,4888,5152,5.702667,6.010667,82432,6.010667,86016,jp,14:00;15:42;3a:69;85:47;90:00;91:42;94:00;95:42;b0:40;b1:40,141e1:01;141f1:07
1500,12,82f0,53632,65536,3352,4096,3.910667,4.778667,65536,4.778667,67584,jp,14:00;15:00;16:01;39:82;3a:1f;85:03;86:01;90:00;91:00;92:01;94:00;95:00;96:01;b0:40;b1:40,ffb1:01;ffc1:07
1500,13,82f1,50432,56064,3152,3504,3.677333,4.088000,56064,4.088000,59392,jp,15:da;3a:75;85:df;91:db;95:da;b0:40;b1:40,da71:01;da81:07
1500,14,82f2,32512,35328,2032,2208,2.370667,2.576000,35328,2.576000,38912,jp,15:8a;3a:1b;85:8f;91:8a;95:8a;b0:40;b1:40,89d1:01;89e1:07
1500,15,82f3,40192,41728,2512,2608,2.930667,3.042667,41728,3.042667,45056,jp,14:00;15:a3;3a:37;85:a7;91:a3;94:00;95:a3;b0:40;b1:40,a2c1:01;a2d1:07
1500,16,82f4,31616,27008,1976,1688,2.305333,1.969333,31616,2.305333,34816,usa,,7b11:01;7b21:07
1500,17,82f5,63104,75008,3944,4688,4.601333,5.469333,75008,5.469333,77824,jp,14:00;15:25;16:01;3a:48;85:2b;86:01;90:00;91:25;92:01;94:00;95:25;96:01;b0:40;b1:40,124b1:01;124c1:07
1500,18,82f6,82560,87296,5160,5456,6.020000,6.365333,87296,6.365333,90112,jp,14:00;15:55;3a:7e;85:5b;90:00;91:55;94:00;95:55;b0:40;b1:40,154b1:01;154c1:07
1500,19,82f7,16000,14976,1000,936,1.166667,1.092000,16000,1.166667,18432,usa,,3df1:01;3e01:07
1500,20,8300,60672,53760,3792,3360,4.424000,3.920000,60672,4.424000,63488,usa,,ecc1:01;ecd1:07
1500,21,8301,28288,31232,1768,1952,2.062667,2.277333,31232,2.277333,34816,jp,14:00;15:7a;39:81;3a:09;3b:7f;3c:b0;3d:00;3e:7e;3f:00;40:b0;41:00;42:7f;85:7f;90:00;91:7a;94:00;95:7a;b0:40;b1:40,79e1:01;79f1:07
1500,22,8302,73984,88192,4624,5512,5.394667,6.430667,88192,6.430667,92160,jp,14:40;15:58;39:83;3a:01;85:5f;90:80;91:58;94:40;95:58;b0:40;b1:40,157f1:01;15801:07
1500,23,8303,48384,54656,3024,3416,3.528000,3.985333,54656,3.985333,57344,jp,14:40;15:d5;3a:6f;85:db;90:80;91:d5;94:40;95:d5;b0:40;b1:40,d501:01;d511:07
1500,24,8304,15616,19072,976,1192,1.138667,1.390667,19072,1.390667,22528,jp,14:80;15:4a;39:54;85:4f;90:80;91:4a;94:80;95:4a;b0:40;b1:40,4a51:01;4a61:07
1500,25,8305,78976,78464,4936,4904,5.758667,5.721333,78976,5.758667,81920,usa,,13401:01;13411:07
1500,26,8306,77184,86912,4824,5432,5.628000,6.337333,86912,6.337333,90112,jp,15:53;3a:7c;85:57;91:53;95:53;b0:40;b1:40,15361:01;15371:07
1501,0,8332,25728,29952,1608,1872,1.876000,2.184000,29952,2.184000,32768,jp,14:c0;15:74;39:81;3a:03;3b:7f;3c:b0;3d:00;3e:7e;3f:00;40:b0;41:00;42:7f;85:7b;90:00;91:75;94:c0;95:74;b0:40;b1:40,7491:01;74a1:07
1501,1,8333,24192,22784,1512,1424,1.764000,1.661333,24192,1.764000,26624,usa,,5e21:01;5e31:07
1501,2,8334,16128,14976,1008,936,1.176000,1.092000,16128,1.176000,18432,usa,,3ed1:01;3ee1:07
1501,3,8335,67584,79104,4224,4944,4.928000,5.768000,79104,5.768000,81920,jp,15:35;3a:5a;85:3b;91:35;95:35;b0:40;b1:40,134b1:01;134c1:07
1501,4,8336,44288,51968,2768,3248,3.229333,3.789333,51968,3.789333,55296,jp,14:00;15:cb;3a:63;85:cf;91:cb;94:00;95:cb;b0:40;b1:40,cad1:01;cae1:07
1501,5,8337,38656,41216,2416,2576,2.818667,3.005333,41216,3.005333,45056,jp,14:00;15:a1;3a:34;85:a7;91:a1;94:00;95:a1;b0:40;b1:40,a0d1:01;a0e1:07
1501,6,8338,13952,13440,872,840,1.017333,0.980000,13952,1.017333,16384,usa,,3611:01;3621:07
1501,7,8339,14592,16640,912,1040,1.064000,1.213333,16640,1.213333,20480,jp,14:c0;15:40;39:49;85:47;91:41;94:c0;95:40;b0:40;b1:40,40a1:01;40b1:07
1501,8,833a,20992,22272,1312,1392,1.530667,1.624000,22272,1.624000,24576,jp,15:57;39:62;85:5b;91:57;95:57;b0:40;b1:40,56d1:01;56e1:07
1501,9,833b,54528,55424,3408,3464,3.976000,4.041333,55424,4.041333,59392,jp,14:40;15:d8;3a:72;85:df;90:80;91:d8;94:40;95:d8;b0:40;b1:40,d7f1:01;d801:07
1501,10,833c,49280,51456,3080,3216,3.593333,3.752000,51456,3.752000,55296,jp,14:00;15:c9;3a:61;85:cf;90:00;91:c9;94:00;95:c9;b0:40;b1:40,c8d1:01;c8e1:07
1501,11,833d,66944,66048,4184,4128,4.881333,4.816000,66944,4.881333,69632,usa,,10551:01;10561:07
1501,12,833e,12544,17792,784,1112,0.914667,1.297333,17792,1.297333,20480,jp,14:80;15:45;39:4e;85:4b;90:80;91:45;94:80;95:45;b0:40;b1:40,4531:01;4541:07
1501,13,833f,29696,37760,1856,2360,2.165333,2.753333,37760,2.753333,40960,jp,14:80;15:93;3a:25;85:97;90:80;91:93;94:80;95:93;b0:40;b1:40,9361:01;9371:07
1501,14,8340,8320,7424,520,464,0.606667,0.541333,8320,0.606667,12288,usa,,2051:01;2061:07
1501,15,8341,14080,17536,880,1096,1.026667,1.278667,17536,1.278667,20480,jp,14:40;15:44;39:4d;85:4b;90:80;91:44;94:40;95:44;b0:40;b1:40,4401:01;4411:07
1501,16,8342,33408,29824,2088,1864,2.436000,2.174667,33408,2.436000,36864,usa,,8221:01;8231:07
1501,17,8343,7296,5760,456,360,0.532000,0.420000,7296,0.532000,10240,usa,,1c01:01;1c11:07
1501,18,8344,10368,8960,648,560,0.756000,0.653333,10368,0.756000,14336,usa,,2801:01;2811:07
1501,19,8345,33920,32512,2120,2032,2.473333,2.370667,33920,2.473333,36864,usa,,8441:01;8451:07
1501,20,8346,26368,27648,1648,1728,1.922667,2.016000,27648,2.016000,30720,jp,15:6b;39:79;85:6f;91:6c;95:6b;b0:40;b1:40,6b81:01;6b91:07
1502,0,838a,105984,117120,6624,7320,7.728000,8.540000,117120,8.540000,120832,jp,14:80;15:c9;3d:84;3e:00;85:cf;90:80;91:c9;94:80;95:c9;b0:40;b1:40,1c941:01;1c951:07
1502,1,838b,65280,59136,4080,3696,4.760000,4.312000,65280,4.760000,67584,usa,,fee1:01;fef1:07
1502,2,838c,52608,50944,3288,3184,3.836000,3.714667,52608,3.836000,55296,usa,,cd41:01;cd51:07
1502,3,838d,59776,59008,3736,3688,4.358667,4.302667,59776,4.358667,63488,usa,,e921:01;e931:07
1502,4,838e,88576,96000,5536,6000,6.458667,7.000000,96000,7.000000,98304,jp,14:c0;15:76;3e:24;85:7b;91:77;94:c0;95:76;b0:40;b1:40,176a1:01;176b1:07
1502,5,838f,41344,46720,2584,2920,3.014667,3.406667,46720,3.406667,49152,jp,15:b6;3e:4c;85:bb;91:b6;95:b6;b0:40;b1:40,b631:01;b641:07
1502,6,8390,24704,20352,1544,1272,1.801333,1.484000,24704,1.801333,28672,usa,,6021:01;6031:07
1502,7,8391,43008,51456,2688,3216,3.136000,3.752000,51456,3.752000,55296,jp,15:c9;3e:61;85:cf;91:c9;95:c9;b0:40;b1:40,c8b1:01;c8c1:07
1502,8,8392,12416,11520,776,720,0.905333,0.840000,12416,0.905333,16384,usa,,3021:01;3031:07
1502,9,8393,29440,29440,1840,1840,2.146667,2.146667,29440,2.146667,32768,usa,,72b1:01;72c1:07
1502,10,8394,12800,19968,800,1248,0.933333,1.456000,19968,1.456000,22528,jp,15:4d;3d:57;85:53;91:4e;95:4d;b0:40;b1:40,4d71:01;4d81:07
1502,11,8395,56832,58240,3552,3640,4.144000,4.246667,58240,4.246667,61440,jp,14:80;15:e3;3e:7f;85:e7;90:80;91:e3;94:80;95:e3;b0:40;b1:40,e341:01;e351:07
1502,12,8396,51712,52480,3232,3280,3.770667,3.826667,52480,3.826667,55296,jp,14:00;15:cd;3e:66;85:d3;91:cd;94:00;95:cd;b0:40;b1:40,cce1:01;ccf1:07
1502,13,8397,12416,11904,776,744,0.905333,0.868000,12416,0.905333,16384,usa,,3041:01;3051:07
1502,14,8398,16384,18048,1024,1128,1.194667,1.316000,18048,1.316000,20480,jp,14:40;15:46;3d:4f;85:4b;90:80;91:46;94:40;95:46;b0:40;b1:40,4611:01;4621:07
1502,15,8399,24832,28544,1552,1784,1.810667,2.081333,28544,2.081333,30720,jp,14:80;15:6f;3d:7d;85:73;90:80;91:6f;94:80;95:6f;b0:40;b1:40,6f41:01;6f51:07
1502,16,839a,12672,16640,792,1040,0.924000,1.213333,16640,1.213333,20480,jp,14:00;15:41;3d:49;85:47;90:00;91:41;94:00;95:41;b0:40;b1:40,40e1:01;40f1:07
1502,17,839b,21888,24960,1368,1560,1.596000,1.820000,24960,1.820000,28672,jp,14:80;15:61;3d:6e;85:67;91:61;94:80;95:61;b0:40;b1:40,6161:01;6171:07
1502,18,839c,18944,18688,1184,1168,1.381333,1.362667,18944,1.381333,22528,usa,,49d1:01;49e1:07
1502,19,839d,70144,67456,4384,4216,5.114667,4.918667,70144,5.114667,73728,usa,,11181:01;11191:07
1502,20,839e,70656,77568,4416,4848,5.152000,5.656000,77568,5.656000,79872,jp,15:2f;3e:53;85:33;91:2f;95:2f;b0:40;b1:40,12eb1:01;12ec1:07
1502,21,839f,68096,85888,4256,5368,4.965333,6.262667,85888,6.262667,88064,jp,14:40;15:4f;3e:77;85:53;90:80;91:4f;94:40;95:4f;b0:40;b1:40,14ef1:01;14f01:07
1502,22,83a0,43008,48000,2688,3000,3.136000,3.500000,48000,3.500000,51200,jp,14:80;15:bb;3e:52;85:bf;90:80;91:bb;94:80;95:bb;b0:40;b1:40,bb51:01;bb61:07
1502,23,83a1,63360,76672,3960,4792,4.620000,5.590667,76672,5.590667,79872,jp,15:2b;16:01;3e:4f;85:2f;86:01;91:2b;92:01;95:2b;96:01;b0:40;b1:40,12af1:01;12b01:07
1502,24,83a2,47488,60672,2968,3792,3.462667,4.424000,60672,4.424000,63488,jp,14:00;15:ed;3d:82;3e:09;85:f3;90:00;91:ed;94:00;95:ed;b0:40;b1:40,ecc1:01;ecd1:07
1502,25,83a3,32640,34688,2040,2168,2.380000,2.529333,34688,2.529333,36864,jp,14:80;15:87;3e:18;85:8b;91:87;94:80;95:87;b0:40;b1:40,8761:01;8771:07
1502,26,83a4,62208,73856,3888,4616,4.536000,5.385333,73856,5.385333,77824,jp,14:80;15:20;16:01;3e:43;85:27;86:01;90:80;91:20;92:01;94:80;95:20;96:01;b0:40;b1:40,12031:01;12041:07
1502,27,83a5,10240,14720,640,920,0.746667,1.073333,14720,1.073333,18432,jp,14:80;15:39;3d:41;85:3f;90:80;91:39;94:80;95:39;b0:40;b1:40,3951:01;3961:07
1502,28,83a6,52992,54528,3312,3408,3.864000,3.976000,54528,3.976000,57344,jp,14:c0;15:d4;3e:6e;85:db;91:d5;94:c0;95:d4;b0:40;b1:40,d481:01;d491:07
1502,29,83a7,29056,30464,1816,1904,2.118667,2.221333,30464,2.221333,32768,jp,14:c0;15:76;3d:81;3e:05;3f:7f;40:b0;41:00;42:7e;43:00;44:b0;45:00;46:7f;85:7b;90:00;91:77;94:c0;95:76;b0:40;b1:40,76a1:01;76b1:07
1502,30,83a8,21248,20736,1328,1296,1.549333,1.512000,21248,1.549333,24576,usa,,52e1:01;52f1:07
1502,31,83a9,14848,14464,928,904,1.082667,1.054667,14848,1.082667,18432,usa,,3981:01;3991:07
1502,32,83aa,32768,35200,2048,2200,2.389333,2.566667,35200,2.566667,38912,jp,14:40;15:89;3e:1a;85:8f;90:80;91:89;94:40;95:89;b0:40;b1:40,8911:01;8921:07
1503,0,83bc,27520,12288,1720,768,2.006667,0.896000,27520,2.006667,30720,usa,,6b31:01;6b41:07
1503,1,83bd,13312,11904,832,744,0.970667,0.868000,13312,0.970667,16384,usa,,3371:01;3381:07
1503,2,83be,23168,23552,1448,1472,1.689333,1.717333,23552,1.717333,26624,jp,14:c0;15:5b;39:67;90:00;91:5c;94:c0;95:5b;b0:40;b1:40,5b81:01;5b91:07
1503,3,83bf,54784,59264,3424,3704,3.994667,4.321333,59264,4.321333,61440,jp,14:40;15:e7;39:82;3a:03;85:eb;90:80;91:e7;94:40;95:e7;b0:40;b1:40,e6f1:01;e701:07
1503,4,83c0,38528,36096,2408,2256,2.809333,2.632000,38528,2.809333,40960,usa,,9631:01;9641:07
1503,5,83c1,11520,18816,720,1176,0.840000,1.372000,18816,1.372000,22528,jp,14:80;15:49;39:53;85:4f;90:80;91:49;94:80;95:49;b0:40;b1:40,4941:01;4951:07
1503,6,83c2,47104,53888,2944,3368,3.434667,3.929333,53888,3.929333,57344,jp,14:40;15:d2;3a:6c;85:d7;90:80;91:d2;94:40;95:d2;b0:40;b1:40,d211:01;d221:07
1503,7,83c3,16384,20352,1024,1272,1.194667,1.484000,20352,1.484000,22528,jp,14:80;15:4f;39:59;85:53;90:80;91:4f;94:80;95:4f;b0:40;b1:40,4f61:01;4f71:07
1503,8,83c4,20224,21376,1264,1336,1.474667,1.558667,21376,1.558667,24576,jp,14:40;15:53;39:5d;85:57;90:80;91:53;94:40;95:53;b0:40;b1:40,52f1:01;5301:07
1503,9,83c5,29952,27264,1872,1704,2.184000,1.988000,29952,2.184000,32768,usa,,74b1:01;74c1:07
1503,10,83c6,61184,57088,3824,3568,4.461333,4.162667,61184,4.461333,63488,usa,,eee1:01;eef1:07
1503,11,83c7,67712,73984,4232,4624,4.937333,5.394667,73984,5.394667,77824,jp,14:00;15:21;3a:43;85:27;90:00;91:21;94:00;95:21;b0:40;b1:40,120b1:01;120c1:07
1503,12,83c8,29696,27904,1856,1744,2.165333,2.034667,29696,2.165333,32768,usa,,7381:01;7391:07
1503,13,83c9,22016,25088,1376,1568,1.605333,1.829333,25088,1.829333,28672,jp,15:62;39:6e;85:67;91:62;95:62;b0:40;b1:40,61e1:01;61f1:07
1503,14,83ca,22144,26368,1384,1648,1.614667,1.922667,26368,1.922667,28672,jp,14:00;15:67;39:73;85:6b;90:00;91:67;94:00;95:67;b0:40;b1:40,66b1:01;66c1:07
1503,15,83cb,30848,32512,1928,2032,2.249333,2.370667,32512,2.370667,34816,jp,14:00;15:7f;3a:0f;85:83;90:00;91:7f;94:00;95:7f;b0:40;b1:40,7ee1:01;7ef1:07
1503,16,83cc,14976,19072,936,1192,1.092000,1.390667,19072,1.390667,22528,jp,15:4a;39:54;85:4f;91:4a;95:4a;b0:40;b1:40,4a51:01;4a61:07
1503,17,83cd,36096,30976,2256,1936,2.632000,2.258667,36096,2.632000,38912,usa,,8cc1:01;8cd1:07
1503,18,83ce,71936,84096,4496,5256,5.245333,6.132000,84096,6.132000,88064,jp,14:40;15:48;3a:70;85:4f;90:80;91:48;94:40;95:48;b0:40;b1:40,14821:01;14831:07
1503,19,83cf,46080,44288,2880,2768,3.360000,3.229333,46080,3.360000,49152,usa,,b381:01;b391:07
1503,20,83d0,19712,22144,1232,1384,1.437333,1.614667,22144,1.614667,24576,jp,14:80;15:56;39:61;85:5b;90:80;91:56;94:80;95:56;b0:40;b1:40,5651:01;5661:07
1503,21,83d1,17792,22016,1112,1376,1.297333,1.605333,22016,1.605333,24576,jp,14:c0;15:55;39:60;85:5b;90:00;91:56;94:c0;95:55;b0:40;b1:40,55a1:01;55b1:07
1503,22,83d2,50432,60928,3152,3808,3.677333,4.442667,60928,4.442667,63488,jp,14:c0;15:ed;39:82;3a:0a;85:f3;91:ee;94:c0;95:ed;b0:40;b1:40,ed91:01;eda1:07
1503,23,83d3,20480,18688,1280,1168,1.493333,1.362667,20480,1.493333,22528,usa,,4fb1:01;4fc1:07
1503,24,83d4,24448,19072,1528,1192,1.782667,1.390667,24448,1.782667,26624,usa,,5f01:01;5f11:07
1503,25,83d5,37248,39424,2328,2464,2.716000,2.874667,39424,2.874667,43008,jp,14:00;15:9a;3a:2d;85:9f;90:00;91:9a;94:00;95:9a;b0:40;b1:40,99d1:01;99e1:07
1503,26,83d6,13056,13824,816,864,0.952000,1.008000,13824,1.008000,16384,jp,14:00;15:36;39:3d;85:3b;91:36;94:00;95:36;b0:40;b1:40,35e1:01;35f1:07
1503,27,83d7,67200,76416,4200,4776,4.900000,5.572000,76416,5.572000,79872,jp,15:2a;3a:4e;85:2f;91:2a;95:2a;b0:40;b1:40,12a41:01;12a51:07
1503,28,83d8,64896,69760,4056,4360,4.732000,5.086667,69760,5.086667,73728,jp,15:10;16:01;3a:31;85:17;91:10;92:01;95:10;96:01;b0:40;b1:40,11051:01;11061:07
1503,29,83d9,15872,18944,992,1184,1.157333,1.381333,18944,1.381333,22528,jp,15:49;39:53;85:4f;91:4a;95:49;b0:40;b1:40,4991:01;49a1:07
1503,30,83da,23040,22528,1440,1408,1.680000,1.642667,23040,1.680000,26624,usa,,59d1:01;59e1:07
1503,31,83db,8960,6784,560,424,0.653333,0.494667,8960,0.653333,12288,usa,,22d1:01;22e1:07
1504,0,83ee,83072,84736,5192,5296,6.057333,6.178667,84736,6.178667,88064,jp,14:00;15:4b;3a:73;85:4f;90:00;91:4b;94:00;95:4b;b0:40;b1:40,14ad1:01;14ae1:07
1504,1,83ef,52736,54144,3296,3384,3.845333,3.948000,54144,3.948000,57344,jp,14:40;15:d3;3a:6d;85:d7;90:80;91:d3;94:40;95:d3;b0:40;b1:40,d2f1:01;d301:07
1504,2,83f0,49920,44800,3120,2800,3.640000,3.266667,49920,3.640000,53248,usa,,c2b1:01;c2c1:07
1504,3,83f1,16000,20992,1000,1312,1.166667,1.530667,20992,1.530667,24576,jp,14:c0;15:51;39:5c;85:57;90:00;91:52;94:c0;95:51;b0:40;b1:40,51a1:01;51b1:07
1504,4,83f2,22656,24960,1416,1560,1.652000,1.820000,24960,1.820000,28672,jp,14:80;15:61;39:6d;85:67;91:61;94:80;95:61;b0:40;b1:40,6151:01;6161:07
1504,5,83f3,68992,63744,4312,3984,5.030667,4.648000,68992,5.030667,71680,usa,,10cf1:01;10d01:07
1504,6,83f4,64768,63360,4048,3960,4.722667,4.620000,64768,4.722667,67584,usa,,fc71:01;fc81:07
1504,7,83f5,12544,11648,784,728,0.914667,0.849333,12544,0.914667,16384,usa,,30d1:01;30e1:07
1504,8,83f6,217984,220160,13624,13760,15.894667,16.053333,220160,16.053333,223232,jp,14:c0;15:5b;3a:42;85:5f;90:00;91:5c;94:c0;95:5b;b0:40;b1:40,35b71:01;35b81:07
1504,9,83f7,79488,73472,4968,4592,5.796000,5.357333,79488,5.796000,81920,usa,,13601:01;13611:07
1504,10,8400,20480,22656,1280,1416,1.493333,1.652000,22656,1.652000,26624,jp,14:40;15:58;39:63;85:5f;90:80;91:58;94:40;95:58;b0:40;b1:40,5811:01;5821:07
1504,11,8401,33152,45312,2072,2832,2.417333,3.304000,45312,3.304000,49152,jp,14:00;15:b1;3a:46;85:b7;90:00;91:b1;94:00;95:b1;b0:40;b1:40,b0e1:01;b0f1:07
1504,12,8402,32768,37760,2048,2360,2.389333,2.753333,37760,2.753333,40960,jp,14:80;15:93;3a:25;85:97;90:80;91:93;94:80;95:93;b0:40;b1:40,9331:01;9341:07
1504,13,8403,29952,32512,1872,2032,2.184000,2.370667,32512,2.370667,34816,jp,14:00;15:7f;3a:0e;85:83;91:7f;94:00;95:7f;b0:40;b1:40,7eb1:01;7ec1:07
1504,14,8404,30848,32512,1928,2032,2.249333,2.370667,32512,2.370667,34816,jp,14:c0;15:7e;3a:0e;85:83;90:00;91:7f;94:c0;95:7e;b0:40;b1:40,7ea1:01;7eb1:07
1504,15,8405,21760,18048,1360,1128,1.586667,1.316000,21760,1.586667,24576,usa,,5491:01;54a1:07
1504,16,8406,59648,60032,3728,3752,4.349333,4.377333,60032,4.377333,63488,jp,14:80;15:ea;3a:07;90:80;91:ea;94:80;95:ea;b0:40;b1:40,ea51:01;ea61:07
1504,17,8407,30208,27648,1888,1728,2.202667,2.016000,30208,2.202667,32768,usa,,7591:01;75a1:07
1504,18,8408,17408,16768,1088,1048,1.269333,1.222667,17408,1.269333,20480,usa,,43c1:01;43d1:07
1504,19,8409,61696,58368,3856,3648,4.498667,4.256000,61696,4.498667,65536,usa,,f0b1:01;f0c1:07
1504,20,840a,21632,23296,1352,1456,1.577333,1.698667,23296,1.698667,26624,jp,14:c0;15:5a;39:66;85:5f;90:00;91:5b;94:c0;95:5a;b0:40;b1:40,5a91:01;5aa1:07
1504,21,840b,13312,11392,832,712,0.970667,0.830667,13312,0.970667,16384,usa,,33c1:01;33d1:07
1504,22,840c,25856,29568,1616,1848,1.885333,2.156000,29568,2.156000,32768,jp,14:80;15:73;39:81;3a:01;3b:7f;3c:b0;3d:00;3e:7e;3f:00;40:b0;41:00;42:7f;85:77;90:80;91:73;94:80;95:73;b0:40;b1:40,7331:01;7341:07
1504,23,840d,30976,33152,1936,2072,2.258667,2.417333,33152,2.417333,36864,jp,14:40;15:81;3a:11;85:87;90:80;91:81;94:40;95:81;b0:40;b1:40,8111:01;8121:07
1504,24,840e,51328,54912,3208,3432,3.742667,4.004000,54912,4.004000,57344,jp,15:d6;3a:70;85:db;91:d6;95:d6;b0:40;b1:40,d651:01;d661:07
1504,25,840f,30336,39424,1896,2464,2.212000,2.874667,39424,2.874667,43008,jp,14:c0;15:99;3a:2c;85:9f;90:00;91:9a;94:c0;95:99;b0:40;b1:40,99a1:01;99b1:07
1504,26,8410,12288,12672,768,792,0.896000,0.924000,12672,0.924000,16384,jp,14:80;15:31;39:38;85:37;90:80;91:31;94:80;95:31;b0:40;b1:40,3131:01;3141:07
1504,27,8411,19584,18688,1224,1168,1.428000,1.362667,19584,1.428000,22528,usa,,4c11:01;4c21:07
1504,28,8412,70656,74880,4416,4680,5.152000,5.460000,74880,5.460000,77824,jp,14:80;15:24;3a:47;85:2b;90:80;91:24;94:80;95:24;b0:40;b1:40,12441:01;12451:07
1504,29,8413,47744,49920,2984,3120,3.481333,3.640000,49920,3.640000,53248,jp,14:00;15:c3;3a:5a;85:c7;90:00;91:c3;94:00;95:c3;b0:40;b1:40,c2d1:01;c2e1:07
1505,0,841e,57472,54016,3592,3376,4.190667,3.938667,57472,4.190667,61440,usa,,e051:01;e061:07
1505,1,841f,22016,30720,1376,1920,1.605333,2.240000,30720,2.240000,32768,jp,15:77;39:81;3a:06;3b:7f;3c:b0;3d:00;3e:7e;3f:00;40:b0;41:00;42:7f;85:7b;91:78;95:77;b0:40;b1:40,7781:01;7791:07
1505,2,8420,47872,58880,2992,3680,3.490667,4.293333,58880,4.293333,61440,jp,15:e6;39:82;3a:02;85:eb;91:e6;95:e6;b0:40;b1:40,e5d1:01;e5e1:07
1505,3,8421,66560,69376,4160,4336,4.853333,5.058667,69376,5.058667,71680,jp,15:0f;3a:2f;85:13;91:0f;95:0f;b0:40;b1:40,10ec1:01;10ed1:07
1505,4,8422,19456,22912,1216,1432,1.418667,1.670667,22912,1.670667,26624,jp,14:40;15:59;39:64;85:5f;90:80;91:59;94:40;95:59;b0:40;b1:40,5911:01;5921:07
1505,5,8423,42880,52480,2680,3280,3.126667,3.826667,52480,3.826667,55296,jp,14:c0;15:cc;3a:65;85:d3;90:00;91:cd;94:c0;95:cc;b0:40;b1:40,cc91:01;cca1:07
1505,6,8424,36864,41216,2304,2576,2.688000,3.005333,41216,3.005333,45056,jp,14:00;15:a1;3a:34;85:a7;91:a1;94:00;95:a1;b0:40;b1:40,a0b1:01;a0c1:07
1505,7,8425,97408,101632,6088,6352,7.102667,7.410667,101632,7.410667,104448,jp,14:c0;15:8c;3a:3c;85:93;90:00;91:8d;94:c0;95:8c;b0:40;b1:40,18c81:01;18c91:07
1505,8,8426,33664,46720,2104,2920,2.454667,3.406667,46720,3.406667,49152,jp,15:b6;3a:4d;85:bb;91:b6;95:b6;b0:40;b1:40,b661:01;b671:07
1505,9,8427,53760,59520,3360,3720,3.920000,4.340000,59520,4.340000,63488,jp,14:80;15:e8;39:82;3a:04;85:ef;90:80;91:e8;94:80;95:e8;b0:40;b1:40,e841:01;e851:07
1505,10,8428,48512,48896,3032,3056,3.537333,3.565333,48896,3.565333,51200,jp,14:00;15:bf;3a:56;90:00;91:bf;94:00;95:bf;b0:40;b1:40,bee1:01;bef1:07
1505,11,8429,19712,23168,1232,1448,1.437333,1.689333,23168,1.689333,26624,jp,14:80;15:5a;39:66;85:5f;90:80;91:5a;94:80;95:5a;b0:40;b1:40,5a51:01;5a61:07
1505,12,842a,76160,72704,4760,4544,5.553333,5.301333,76160,5.553333,79872,usa,,12951:01;12961:07
1505,13,842b,41728,39040,2608,2440,3.042667,2.846667,41728,3.042667,45056,usa,,a271:01;a281:07
1505,14,842c,55552,67200,3472,4200,4.050667,4.900000,67200,4.900000,69632,jp,14:80;15:06;16:01;39:82;3a:26;85:0b;86:01;90:80;91:06;92:01;94:80;95:06;96:01;b0:40;b1:40,10651:01;10661:07
1505,15,842d,20352,21632,1272,1352,1.484000,1.577333,21632,1.577333,24576,jp,15:54;39:5f;85:5b;91:54;95:54;b0:40;b1:40,5451:01;5461:07
1505,16,842e,18432,20224,1152,1264,1.344000,1.474667,20224,1.474667,22528,jp,14:00;15:4f;39:59;85:53;91:4f;94:00;95:4f;b0:40;b1:40,4ec1:01;4ed1:07
1505,17,842f,16384,20480,1024,1280,1.194667,1.493333,20480,1.493333,22528,jp,15:50;39:5a;85:53;91:50;95:50;b0:40;b1:40,4fb1:01;4fc1:07
1505,18,8430,31488,31872,1968,1992,2.296000,2.324000,31872,2.324000,34816,jp,14:80;15:7c;3a:0c;85:83;90:80;91:7c;94:80;95:7c;b0:40;b1:40,7c51:01;7c61:07
1505,19,8431,32896,30720,2056,1920,2.398667,2.240000,32896,2.398667,36864,usa,,8021:01;8031:07
1506,0,843c,12288,10240,768,640,0.896000,0.746667,12288,0.896000,14336,usa,,2f71:01;2f81:07
1506,1,843d,14208,14080,888,880,1.036000,1.026667,14208,1.036000,16384,usa,,3741:01;3751:07
1506,2,843e,34304,33664,2144,2104,2.501333,2.454667,34304,2.501333,36864,usa,,85c1:01;85d1:07
1506,3,843f,15360,13568,960,848,1.120000,0.989333,15360,1.120000,18432,usa,,3b81:01;3b91:07
1506,4,8440,87040,76928,5440,4808,6.346667,5.609333,87040,6.346667,90112,usa,,15381:01;15391:07
1506,5,8441,48128,41600,3008,2600,3.509333,3.033333,48128,3.509333,51200,usa,,bb91:01;bba1:07
1506,6,8442,24576,24192,1536,1512,1.792000,1.764000,24576,1.792000,26624,usa,,5fb1:01;5fc1:07
1506,7,8443,61568,58624,3848,3664,4.489333,4.274667,61568,4.489333,65536,usa,,f011:01;f021:07
1506,8,8444,40064,42240,2504,2640,2.921333,3.080000,42240,3.080000,45056,jp,14:c0;15:a4;3a:39;85:ab;90:00;91:a5;94:c0;95:a4;b0:40;b1:40,a471:01;a481:07
1506,9,8445,47360,43648,2960,2728,3.453333,3.182667,47360,3.453333,51200,usa,,b8c1:01;b8d1:07
1506,10,8446,46336,52480,2896,3280,3.378667,3.826667,52480,3.826667,55296,jp,15:cd;3a:66;85:d3;91:cd;95:cd;b0:40;b1:40,cce1:01;ccf1:07
1506,11,8447,44544,44928,2784,2808,3.248000,3.276000,44928,3.276000,47104,jp,14:40;15:af;3a:44;90:80;91:af;94:40;95:af;b0:40;b1:40,aef1:01;af01:07
1506,12,8448,126464,118528,7904,7408,9.221333,8.642667,126464,9.221333,129024,usa,,1ed81:01;1ed91:07
1506,13,8449,54912,54784,3432,3424,4.004000,3.994667,54912,4.004000,57344,usa,,d651:01;d661:07
1506,14,844a,32896,42368,2056,2648,2.398667,3.089333,42368,3.089333,45056,jp,14:40;15:a5;3a:39;85:ab;91:a5;94:40;95:a5;b0:40;b1:40,a501:01;a511:07
1506,15,844b,75520,90240,4720,5640,5.506667,6.580000,90240,6.580000,94208,jp,14:80;15:60;39:83;3a:0b;85:67;90:80;91:60;94:80;95:60;b0:40;b1:40,16061:01;16071:07
1506,16,844c,62848,66944,3928,4184,4.582667,4.881333,66944,4.881333,69632,jp,15:05;16:01;3a:25;85:0b;86:01;91:05;92:01;95:05;96:01;b0:40;b1:40,10531:01;10541:07
1506,17,844d,57728,67456,3608,4216,4.209333,4.918667,67456,4.918667,69632,jp,15:07;16:01;39:82;3a:27;85:0b;86:01;91:07;92:01;95:07;96:01;b0:40;b1:40,10711:01;10721:07
1506,18,844e,14720,12800,920,800,1.073333,0.933333,14720,1.073333,18432,usa,,3921:01;3931:07
1506,19,844f,47744,56704,2984,3544,3.481333,4.134667,56704,4.134667,59392,jp,15:dd;3a:78;85:e3;91:dd;95:dd;b0:40;b1:40,dd01:01;dd11:07
1506,20,8450,48384,52352,3024,3272,3.528000,3.817333,52352,3.817333,55296,jp,14:40;15:cc;3a:65;85:d3;90:80;91:cc;94:40;95:cc;b0:40;b1:40,cc21:01;cc31:07
1506,21,8451,48512,49536,3032,3096,3.537333,3.612000,49536,3.612000,53248,jp,14:40;15:c1;3a:59;85:c7;91:c1;94:40;95:c1;b0:40;b1:40,c121:01;c131:07
1506,22,8452,65024,72448,4064,4528,4.741333,5.282667,72448,5.282667,75776,jp,14:c0;15:1a;16:01;3a:3d;85:1f;91:1b;92:01;94:c0;95:1a;96:01;b0:40;b1:40,11a81:01;11a91:07
1506,23,8453,82816,92544,5176,5784,6.038667,6.748000,92544,6.748000,96256,jp,15:69;39:83;3a:15;85:6f;91:69;95:69;b0:40;b1:40,16951:01;16961:07
1506,24,8454,20096,21120,1256,1320,1.465333,1.540000,21120,1.540000,24576,jp,15:52;39:5d;85:57;91:52;95:52;b0:40;b1:40,5251:01;5261:07
1506,25,8455,57984,61056,3624,3816,4.228000,4.452000,61056,4.452000,63488,jp,15:ee;39:82;3a:0b;85:f3;91:ee;95:ee;b0:40;b1:40,ee01:01;ee11:07
1506,26,8456,80384,86272,5024,5392,5.861333,6.290667,86272,6.290667,90112,jp,14:00;15:51;3a:79;85:57;91:51;94:00;95:51;b0:40;b1:40,150b1:01;150c1:07
1506,27,8457,19200,19584,1200,1224,1.400000,1.428000,19584,1.428000,22528,jp,14:80;15:4c;39:56;85:53;90:80;91:4c;94:80;95:4c;b0:40;b1:40,4c61:01;4c71:07
1506,28,8459,36096,38912,2256,2432,2.632000,2.837333,38912,2.837333,40960,jp,15:97;3a:2a;85:9b;91:98;95:97;b0:40;b1:40,9791:01;97a1:07
1506,29,8458,35200,30464,2200,1904,2.566667,2.221333,35200,2.566667,38912,usa,,8901:01;8911:07
1507,0,8464,24960,28160,1560,1760,1.820000,2.053333,28160,2.053333,30720,jp,14:00;15:6e;3d:7b;85:73;90:00;91:6e;94:00;95:6e;b0:40;b1:40,6dc1:01;6dd1:07
1507,1,8465,12416,11136,776,696,0.905333,0.812000,12416,0.905333,16384,usa,,3001:01;3011:07
1507,2,8466,78720,81664,4920,5104,5.740000,5.954667,81664,5.954667,83968,jp,14:c0;15:3e;3e:65;85:43;90:00;91:3f;94:c0;95:3e;b0:40;b1:40,13e91:01;13ea1:07
1507,3,8467,40832,43904,2552,2744,2.977333,3.201333,43904,3.201333,47104,jp,14:40;15:ab;3e:40;85:af;91:ab;94:40;95:ab;b0:40;b1:40,ab01:01;ab11:07
1507,4,8468,68096,71936,4256,4496,4.965333,5.245333,71936,5.245333,75776,jp,14:c0;15:18;3e:3a;85:1f;91:19;94:c0;95:18;b0:40;b1:40,11881:01;11891:07
1507,5,8469,23424,21376,1464,1336,1.708000,1.558667,23424,1.708000,26624,usa,,5b31:01;5b41:07
1507,6,846a,16768,19584,1048,1224,1.222667,1.428000,19584,1.428000,22528,jp,14:80;15:4c;3d:56;85:53;91:4c;94:80;95:4c;b0:40;b1:40,4c51:01;4c61:07
1507,7,846b,42752,47360,2672,2960,3.117333,3.453333,47360,3.453333,51200,jp,14:00;15:b9;3e:4f;85:bf;91:b9;94:00;95:b9;b0:40;b1:40,b8c1:01;b8d1:07
1507,8,846c,78080,77696,4880,4856,5.693333,5.665333,78080,5.693333,81920,usa,,13091:01;130a1:07
1507,9,846d,65152,65664,4072,4104,4.750667,4.788000,65664,4.788000,69632,jp,14:80;15:00;16:01;3e:1f;85:07;91:00;92:01;94:80;95:00;96:01;b0:40;b1:40,10031:01;10041:07
1507,10,846e,77568,78080,4848,4880,5.656000,5.693333,78080,5.693333,81920,jp,14:00;15:31;3e:55;85:37;91:31;94:00;95:31;b0:40;b1:40,130b1:01;130c1:07
1507,11,846f,54016,56064,3376,3504,3.938667,4.088000,56064,4.088000,59392,jp,14:c0;15:da;3e:75;85:df;91:db;94:c0;95:da;b0:40;b1:40,da91:01;daa1:07
1507,12,8470,12288,17664,768,1104,0.896000,1.288000,17664,1.288000,20480,jp,14:c0;15:44;3d:4d;85:4b;91:45;94:c0;95:44;b0:40;b1:40,4491:01;44a1:07
1507,13,8471,14720,18048,920,1128,1.073333,1.316000,18048,1.316000,20480,jp,14:40;15:46;3d:4f;85:4b;91:46;94:40;95:46;b0:40;b1:40,4601:01;4611:07
1507,14,8472,84608,94336,5288,5896,6.169333,6.878667,94336,6.878667,98304,jp,15:70;3d:83;3e:1c;85:77;91:70;95:70;b0:40;b1:40,17021:01;17031:07
1507,15,8473,50944,61184,3184,3824,3.714667,4.461333,61184,4.461333,63488,jp,15:ee;3d:82;3e:0b;85:f3;91:ef;95:ee;b0:40;b1:40,ee81:01;ee91:07
1507,16,8474,37376,37632,2336,2352,2.725333,2.744000,37632,2.744000,40960,jp,14:00;15:93;3e:25;91:93;94:00;95:93;b0:40;b1:40,92e1:01;92f1:07
1507,17,8475,53888,58112,3368,3632,3.929333,4.237333,58112,4.237333,61440,jp,14:c0;15:e2;3e:7e;85:e7;90:00;91:e3;94:c0;95:e2;b0:40;b1:40,e281:01;e291:07
1508,0,848a,40192,41344,2512,2584,2.930667,3.014667,41344,3.014667,45056,jp,14:80;15:a1;3e:35;85:a7;90:80;91:a1;94:80;95:a1;b0:40;b1:40,a151:01;a161:07
1508,1,848b,17920,19840,1120,1240,1.306667,1.446667,19840,1.446667,22528,jp,14:80;15:4d;3d:57;85:53;90:80;91:4d;94:80;95:4d;b0:40;b1:40,4d51:01;4d61:07
1508,2,848c,21248,24960,1328,1560,1.549333,1.820000,24960,1.820000,28672,jp,14:40;15:61;3d:6d;85:67;90:80;91:61;94:40;95:61;b0:40;b1:40,60f1:01;6101:07
1508,3,848d,8192,8320,512,520,0.597333,0.606667,8320,0.606667,12288,jp,14:80;15:20;3d:25;85:27;90:80;94:80;95:20;b0:40;b1:40,2051:01;2061:07
1508,4,848e,29952,33664,1872,2104,2.184000,2.454667,33664,2.454667,36864,jp,14:40;15:83;3e:13;85:87;90:80;91:83;94:40;95:83;b0:40;b1:40,8321:01;8331:07
1508,5,848f,28928,23552,1808,1472,2.109333,1.717333,28928,2.109333,32768,usa,,70e1:01;70f1:07
1508,6,8490,30208,35456,1888,2216,2.202667,2.585333,35456,2.585333,38912,jp,14:40;15:8a;3e:1b;85:8f;90:80;91:8a;94:40;95:8a;b0:40;b1:40,8a01:01;8a11:07
1508,7,8491,33408,40192,2088,2512,2.436000,2.930667,40192,2.930667,43008,jp,14:c0;15:9c;3e:30;85:a3;90:00;91:9d;94:c0;95:9c;b0:40;b1:40,9c91:01;9ca1:07
1508,8,8492,23808,33152,1488,2072,1.736000,2.417333,33152,2.417333,36864,jp,14:80;15:81;3d:81;3e:11;3f:7f;40:b0;41:00;42:7e;43:00;44:b0;45:00;46:7f;85:87;90:80;91:81;94:80;95:81;b0:40;b1:40,8151:01;8161:07
1508,9,8493,20224,22912,1264,1432,1.474667,1.670667,22912,1.670667,26624,jp,14:80;15:59;3d:65;85:5f;90:80;91:59;94:80;95:59;b0:40;b1:40,5951:01;5961:07
1508,10,8494,28672,33536,1792,2096,2.090667,2.445333,33536,2.445333,36864,jp,15:83;3d:81;3e:13;3f:7f;40:b0;41:00;42:7e;43:00;44:b0;45:00;46:7f;85:87;91:83;95:83;b0:40;b1:40,82e1:01;82f1:07
1508,11,8495,16128,17280,1008,1080,1.176000,1.260000,17280,1.260000,20480,jp,14:80;15:43;3d:4c;85:47;90:80;91:43;94:80;95:43;b0:40;b1:40,4341:01;4351:07
1508,12,8496,41216,51584,2576,3224,3.005333,3.761333,51584,3.761333,55296,jp,14:80;15:c9;3e:62;85:cf;90:80;91:c9;94:80;95:c9;b0:40;b1:40,c961:01;c971:07
1508,13,8497,19328,20864,1208,1304,1.409333,1.521333,20864,1.521333,24576,jp,14:80;15:51;3d:5b;85:57;91:51;94:80;95:51;b0:40;b1:40,5131:01;5141:07
1508,14,8498,10752,10496,672,656,0.784000,0.765333,10752,0.784000,14336,usa,,2971:01;2981:07
1508,15,8499,12544,13312,784,832,0.914667,0.970667,13312,0.970667,16384,jp,14:c0;15:33;3d:3a;91:34;94:c0;95:33;b0:40;b1:40,3371:01;3381:07
1509,0,84a8,75776,75904,4736,4744,5.525333,5.534667,75904,5.534667,79872,jp,14:40;3a:4c;85:2f;90:80;94:40;b0:40;b1:40,12821:01;12831:07
1509,1,84a9,11520,13312,720,832,0.840000,0.970667,13312,0.970667,16384,jp,15:33;39:3a;85:37;91:34;95:33;b0:40;b1:40,33a1:01;33b1:07
1509,2,84aa,23296,21632,1456,1352,1.698667,1.577333,23296,1.698667,26624,usa,,5a81:01;5a91:07
1509,3,84ab,13056,16768,816,1048,0.952000,1.222667,16768,1.222667,20480,jp,14:80;15:41;39:4a;85:47;90:80;91:41;94:80;95:41;b0:40;b1:40,4141:01;4151:07
1509,4,84ac,23680,19968,1480,1248,1.726667,1.456000,23680,1.726667,26624,usa,,5bf1:01;5c01:07
1509,5,84ad,29440,34688,1840,2168,2.146667,2.529333,34688,2.529333,36864,jp,14:80;15:87;3a:18;85:8b;90:80;91:87;94:80;95:87;b0:40;b1:40,8731:01;8741:07
1509,6,84ae,27648,35968,1728,2248,2.016000,2.622667,35968,2.622667,38912,jp,14:80;15:8c;39:81;3a:1d;3b:7f;3c:b0;3d:00;3e:7e;3f:00;40:b0;41:00;42:7f;85:93;90:80;91:8c;94:80;95:8c;b0:40;b1:40,8c41:01;8c51:07
1509,7,84af,22400,26880,1400,1680,1.633333,1.960000,26880,1.960000,30720,jp,14:00;15:69;39:76;85:6f;90:00;91:69;94:00;95:69;b0:40;b1:40,68e1:01;68f1:07
1509,8,84b0,60288,66944,3768,4184,4.396000,4.881333,66944,4.881333,69632,jp,15:05;16:01;3a:25;85:0b;86:01;91:05;92:01;95:05;96:01;b0:40;b1:40,10551:01;10561:07
1509,9,84b1,44416,41216,2776,2576,3.238667,3.005333,44416,3.238667,47104,usa,,ad01:01;ad11:07
1509,10,84b2,59776,63744,3736,3984,4.358667,4.648000,63744,4.648000,67584,jp,14:c0;15:f8;3a:17;85:ff;90:00;91:f9;94:c0;95:f8;b0:40;b1:40,f891:01;f8a1:07
1509,11,84b3,39424,43136,2464,2696,2.874667,3.145333,43136,3.145333,47104,jp,14:80;15:a8;3a:3d;85:af;90:80;91:a8;94:80;95:a8;b0:40;b1:40,a841:01;a851:07
1509,12,84b4,17536,22528,1096,1408,1.278667,1.642667,22528,1.642667,24576,jp,14:c0;15:57;39:63;85:5b;90:00;91:58;94:c0;95:57;b0:40;b1:40,57a1:01;57b1:07
1509,13,84b5,16000,15232,1000,952,1.166667,1.110667,16000,1.166667,18432,usa,,3e21:01;3e31:07
1509,14,84b6,28928,31744,1808,1984,2.109333,2.314667,31744,2.314667,34816,jp,14:c0;15:7b;39:81;3a:0b;3b:7f;3c:b0;3d:00;3e:7e;3f:00;40:b0;41:00;42:7f;85:7f;91:7c;94:c0;95:7b;b0:40;b1:40,7b91:01;7ba1:07
1509,15,84b7,34816,39936,2176,2496,2.538667,2.912000,39936,2.912000,43008,jp,14:c0;15:9b;3a:2f;85:9f;91:9c;94:c0;95:9b;b0:40;b1:40,9ba1:01;9bb1:07
1509,16,84b8,67584,74752,4224,4672,4.928000,5.450667,74752,5.450667,77824,jp,15:24;3a:47;85:27;91:24;95:24;b0:40;b1:40,123b1:01;123c1:07
1509,17,84b9,29440,41728,1840,2608,2.146667,3.042667,41728,3.042667,45056,jp,14:00;15:a3;3a:37;85:a7;91:a3;94:00;95:a3;b0:40;b1:40,a2e1:01;a2f1:07
1509,18,84ba,12416,9856,776,616,0.905333,0.718667,12416,0.905333,16384,usa,,2ff1:01;3001:07
1509,19,84bb,42112,41728,2632,2608,3.070667,3.042667,42112,3.070667,45056,usa,,a401:01;a411:07
1509,20,84bc,48640,55552,3040,3472,3.546667,4.050667,55552,4.050667,59392,jp,14:00;15:d9;3a:73;85:df;91:d9;94:00;95:d9;b0:40;b1:40,d8d1:01;d8e1:07
1509,21,84bd,11008,11264,688,704,0.802667,0.821333,11264,0.821333,14336,jp,15:2b;39:31;91:2c;95:2b;b0:40;b1:40,2b91:01;2ba1:07
1509,22,84be,40064,33024,2504,2064,2.921333,2.408000,40064,2.921333,43008,usa,,9c41:01;9c51:07
1509,23,84bf,16128,11008,1008,688,1.176000,0.802667,16128,1.176000,18432,usa,,3ed1:01;3ee1:07
1509,24,84c0,18944,24192,1184,1512,1.381333,1.764000,24192,1.764000,26624,jp,14:80;15:5e;39:6a;85:63;90:80;91:5e;94:80;95:5e;b0:40;b1:40,5e41:01;5e51:07
1509,25,84c1,14208,15616,888,976,1.036000,1.138667,15616,1.138667,18432,jp,14:00;15:3d;39:45;85:43;90:00;91:3d;94:00;95:3d;b0:40;b1:40,3ce1:01;3cf1:07
1509,26,84c2,32512,31488,2032,1968,2.370667,2.296000,32512,2.370667,34816,usa,,7ed1:01;7ee1:07
1509,27,84c3,51328,62080,3208,3880,3.742667,4.526667,62080,4.526667,65536,jp,14:80;15:f2;39:82;3a:10;85:f7;91:f2;94:80;95:f2;b0:40;b1:40,f241:01;f251:07
1509,28,84c4,68096,68608,4256,4288,4.965333,5.002667,68608,5.002667,71680,jp,14:00;15:0c;3a:2c;91:0c;94:00;95:0c;b0:40;b1:40,10be1:01;10bf1:07
1509,29,84c5,18944,19072,1184,1192,1.381333,1.390667,19072,1.390667,22528,jp,14:80;39:54;90:80;94:80;b0:40;b1:40,4a31:01;4a41:07
1509,30,84c6,13824,13440,864,840,1.008000,0.980000,13824,1.008000,16384,usa,,3571:01;3581:07
1509,31,84c7,8832,9216,552,576,0.644000,0.672000,9216,0.672000,12288,jp,14:c0;15:23;39:28;90:00;91:24;94:c0;95:23;b0:40;b1:40,23a1:01;23b1:07
1509,32,84c8,26496,29312,1656,1832,1.932000,2.137333,29312,2.137333,32768,jp,14:80;15:72;39:81;3a:00;3b:7f;3c:b0;3d:00;3e:7e;3f:00;40:b0;41:00;42:7f;85:77;91:72;94:80;95:72;b0:40;b1:40,7241:01;7251:07
1509,33,84c9,13696,15744,856,984,0.998667,1.148000,15744,1.148000,18432,jp,14:40;15:3d;39:45;85:43;91:3d;94:40;95:3d;b0:40;b1:40,3cf1:01;3d01:07
1509,34,84ca,54656,58240,3416,3640,3.985333,4.246667,58240,4.246667,61440,jp,14:80;15:e3;3a:7f;85:e7;91:e3;94:80;95:e3;b0:40;b1:40,e351:01;e361:07
1509,35,84cb,11008,14208,688,888,0.802667,1.036000,14208,1.036000,16384,jp,14:80;15:37;39:3e;85:3b;90:80;91:37;94:80;95:37;b0:40;b1:40,3751:01;3761:07
1509,36,84cc,73728,81280,4608,5080,5.376000,5.926667,81280,5.926667,83968,jp,14:40;15:3d;3a:63;85:43;90:80;91:3d;94:40;95:3d;b0:40;b1:40,13d11:01;13d21:07
1509,37,84cd,61184,58752,3824,3672,4.461333,4.284000,61184,4.461333,63488,usa,,ee91:01;eea1:07
1509,38,84ce,25088,30336,1568,1896,1.829333,2.212000,30336,2.212000,32768,jp,14:80;15:76;39:81;3a:05;3b:7f;3c:b0;3d:00;3e:7e;3f:00;40:b0;41:00;42:7f;85:7b;90:80;91:76;94:80;95:76;b0:40;b1:40,7631:01;7641:07
1509,39,84cf,27648,34560,1728,2160,2.016000,2.520000,34560,2.520000,36864,jp,14:c0;15:86;39:81;3a:17;3b:7f;3c:b0;3d:00;3e:7e;3f:00;40:b0;41:00;42:7f;85:8b;91:87;94:c0;95:86;b0:40;b1:40,86a1:01;86b1:07
1510,0,84da,37760,45696,2360,2856,2.753333,3.332000,45696,3.332000,49152,jp,15:b2;3a:48;85:b7;91:b2;95:b2;b0:40;b1:40,b1f1:01;b201:07
1510,1,84db,57216,61952,3576,3872,4.172000,4.517333,61952,4.517333,65536,jp,14:00;15:f2;39:82;3a:0f;85:f7;90:00;91:f2;94:00;95:f2;b0:40;b1:40,f1d1:01;f1e1:07
1510,2,84dc,65536,67200,4096,4200,4.778667,4.900000,67200,4.900000,69632,jp,14:40;15:06;3a:26;85:0b;90:80;91:06;94:40;95:06;b0:40;b1:40,10601:01;10611:07
1510,3,84dd,54528,64768,3408,4048,3.976000,4.722667,64768,4.722667,67584,jp,15:fd;39:82;3a:1b;85:03;86:01;91:fd;95:fd;b0:40;b1:40,fce1:01;fcf1:07
1510,4,84de,23296,27648,1456,1728,1.698667,2.016000,27648,2.016000,30720,jp,14:00;15:6c;39:79;85:6f;91:6c;94:00;95:6c;b0:40;b1:40,6be1:01;6bf1:07
1510,5,84df,46592,45312,2912,2832,3.397333,3.304000,46592,3.397333,49152,usa,,b5c1:01;b5d1:07
1510,6,84e0,17920,19712,1120,1232,1.306667,1.437333,19712,1.437333,22528,jp,14:c0;15:4c;39:56;85:53;91:4d;94:c0;95:4c;b0:40;b1:40,4c91:01;4ca1:07
1510,7,84e1,20992,21504,1312,1344,1.530667,1.568000,21504,1.568000,24576,jp,15:54;39:5e;91:54;95:54;b0:40;b1:40,53c1:01;53d1:07
1510,8,84e2,25472,26624,1592,1664,1.857333,1.941333,26624,1.941333,28672,jp,14:00;15:68;39:75;85:6b;90:00;91:68;94:00;95:68;b0:40;b1:40,67b1:01;67c1:07
1510,9,84e3,47488,59264,2968,3704,3.462667,4.321333,59264,4.321333,61440,jp,15:e7;39:82;3a:03;85:eb;91:e7;95:e7;b0:40;b1:40,e741:01;e751:07
1510,10,84e4,13440,16768,840,1048,0.980000,1.222667,16768,1.222667,20480,jp,14:40;15:41;39:49;85:47;91:41;94:40;95:41;b0:40;b1:40,4121:01;4131:07
1510,11,84e5,77696,88960,4856,5560,5.665333,6.486667,88960,6.486667,92160,jp,15:5b;39:83;3a:05;85:5f;91:5b;95:5b;b0:40;b1:40,15b21:01;15b31:07
1510,12,84e6,56576,68864,3536,4304,4.125333,5.021333,68864,5.021333,71680,jp,15:0c;16:01;39:82;3a:2d;85:13;86:01;91:0d;92:01;95:0c;96:01;b0:40;b1:40,10c81:01;10c91:07
1510,13,84e7,40064,41600,2504,2600,2.921333,3.033333,41600,3.033333,45056,jp,14:80;15:a2;3a:36;85:a7;91:a2;94:80;95:a2;b0:40;b1:40,a231:01;a241:07
1510,14,84e8,35200,31616,2200,1976,2.566667,2.305333,35200,2.566667,38912,usa,,8941:01;8951:07
1510,15,84e9,17024,20864,1064,1304,1.241333,1.521333,20864,1.521333,24576,jp,14:40;15:51;39:5b;85:57;91:51;94:40;95:51;b0:40;b1:40,5101:01;5111:07
1510,16,84ea,41984,49152,2624,3072,3.061333,3.584000,49152,3.584000,51200,jp,15:bf;3a:57;85:c3;91:c0;95:bf;b0:40;b1:40,bf81:01;bf91:07
1510,17,84eb,62208,56576,3888,3536,4.536000,4.125333,62208,4.536000,65536,usa,,f2e1:01;f2f1:07
1510,18,84ec,14848,14848,928,928,1.082667,1.082667,14848,1.082667,18432,usa,,3981:01;3991:07
1510,19,84ed,20096,25728,1256,1608,1.465333,1.876000,25728,1.876000,28672,jp,14:80;15:64;39:71;85:6b;91:64;94:80;95:64;b0:40;b1:40,6461:01;6471:07
1510,20,84ee,16640,15104,1040,944,1.213333,1.101333,16640,1.213333,20480,usa,,40d1:01;40e1:07
1510,21,84ef,36608,35584,2288,2224,2.669333,2.594667,36608,2.669333,38912,usa,,8ea1:01;8eb1:07
1510,22,84f0,43776,43264,2736,2704,3.192000,3.154667,43776,3.192000,47104,usa,,aad1:01;aae1:07
1511,0,8528,50304,51200,3144,3200,3.668000,3.733333,51200,3.733333,53248,jp,14:00;15:c8;3a:60;90:00;91:c8;94:00;95:c8;b0:40;b1:40,c7e1:01;c7f1:07
1511,1,8529,27520,27520,1720,1720,2.006667,2.006667,27520,2.006667,30720,usa,,6b31:01;6b41:07
1511,2,852a,27520,27520,1720,1720,2.006667,2.006667,27520,2.006667,30720,usa,,6b31:01;6b41:07
1511,3,852b,73600,79872,4600,4992,5.366667,5.824000,79872,5.824000,81920,jp,14:c0;15:37;3a:5d;85:3b;90:00;91:38;94:c0;95:37;b0:40;b1:40,137a1:01;137b1:07
1511,4,852c,17408,16256,1088,1016,1.269333,1.185333,17408,1.269333,20480,usa,,43d1:01;43e1:07
1511,5,852d,40960,49280,2560,3080,2.986667,3.593333,49280,3.593333,53248,jp,14:40;15:c0;3a:57;85:c7;90:80;91:c0;94:40;95:c0;b0:40;b1:40,c001:01;c011:07
1511,6,852e,64000,70912,4000,4432,4.666667,5.170667,70912,5.170667,73728,jp,15:15;16:01;3a:36;85:1b;86:01;91:15;92:01;95:15;96:01;b0:40;b1:40,114c1:01;114d1:07
1511,7,852f,33792,37888,2112,2368,2.464000,2.762667,37888,2.762667,40960,jp,15:94;3a:26;85:97;91:94;95:94;b0:40;b1:40,93d1:01;93e1:07
1511,8,8530,23296,27520,1456,1720,1.698667,2.006667,27520,2.006667,30720,jp,14:40;15:6b;39:78;85:6f;90:80;91:6b;94:40;95:6b;b0:40;b1:40,6b01:01;6b11:07
1511,9,8531,20736,32640,1296,2040,1.512000,2.380000,32640,2.380000,34816,jp,14:40;15:7f;39:81;3a:0f;3b:7f;3c:b0;3d:00;3e:7e;3f:00;40:b0;41:00;42:7f;85:83;90:80;91:7f;94:40;95:7f;b0:40;b1:40,7f01:01;7f11:07
1511,10,8532,24192,30336,1512,1896,1.764000,2.212000,30336,2.212000,32768,jp,15:76;39:81;3a:05;3b:7f;3c:b0;3d:00;3e:7e;3f:00;40:b0;41:00;42:7f;85:7b;91:76;95:76;b0:40;b1:40,7621:01;7631:07
1511,11,8533,88448,77440,5528,4840,6.449333,5.646667,88448,6.449333,92160,usa,,15941:01;15951:07
1511,12,8534,24320,19200,1520,1200,1.773333,1.400000,24320,1.773333,26624,usa,,5e71:01;5e81:07
1511,13,8535,86912,85888,5432,5368,6.337333,6.262667,86912,6.337333,90112,usa,,15351:01;15361:07
1511,14,8536,62208,49408,3888,3088,4.536000,3.602667,62208,4.536000,65536,usa,,f2d1:01;f2e1:07
1512,0,8546,16000,14080,1000,880,1.166667,1.026667,16000,1.166667,18432,usa,,3e31:01;3e41:07
1512,1,8547,39808,40064,2488,2504,2.902667,2.921333,40064,2.921333,43008,jp,15:9c;3e:2f;85:a3;91:9c;95:9c;b0:40;b1:40,9c31:01;9c41:07
1512,2,8548,10240,9344,640,584,0.746667,0.681333,10240,0.746667,12288,usa,,27e1:01;27f1:07
1512,3,8549,9728,9728,608,608,0.709333,0.709333,9728,0.709333,12288,usa,,2591:01;25a1:07
1512,4,854a,10368,7424,648,464,0.756000,0.541333,10368,0.756000,14336,usa,,2801:01;2811:07
1512,5,854b,11520,10240,720,640,0.840000,0.746667,11520,0.840000,14336,usa,,2cb1:01;2cc1:07
1512,6,854c,25216,27008,1576,1688,1.838667,1.969333,27008,1.969333,30720,jp,15:69;3d:76;85:6f;91:69;95:69;b0:40;b1:40,6911:01;6921:07
1512,7,854d,30976,29440,1936,1840,2.258667,2.146667,30976,2.258667,34816,usa,,7891:01;78a1:07
1512,8,854e,26880,19712,1680,1232,1.960000,1.437333,26880,1.960000,30720,usa,,6871:01;6881:07
1512,9,854f,93056,91136,5816,5696,6.785333,6.645333,93056,6.785333,96256,usa,,16af1:01;16b01:07
1512,10,8550,53888,50944,3368,3184,3.929333,3.714667,53888,3.929333,57344,usa,,d221:01;d231:07
1512,11,8551,44800,41472,2800,2592,3.266667,3.024000,44800,3.266667,47104,usa,,aec1:01;aed1:07
1512,12,8552,27520,27648,1720,1728,2.006667,2.016000,27648,2.016000,30720,jp,14:00;15:6c;90:00;91:6c;94:00;95:6c;b0:40;b1:40,6bc1:01;6bd1:07
1512,13,8553,19840,24192,1240,1512,1.446667,1.764000,24192,1.764000,26624,jp,15:5e;3d:6a;85:63;91:5e;95:5e;b0:40;b1:40,5df1:01;5e01:07
1512,14,8554,22784,25344,1424,1584,1.661333,1.848000,25344,1.848000,28672,jp,14:00;15:63;3d:6f;85:67;91:63;94:00;95:63;b0:40;b1:40,62e1:01;62f1:07
1512,15,8555,45952,37888,2872,2368,3.350667,2.762667,45952,3.350667,49152,usa,,b301:01;b311:07
1512,16,8556,12928,15232,808,952,0.942667,1.110667,15232,1.110667,18432,jp,15:3b;3d:43;85:3f;91:3b;95:3b;b0:40;b1:40,3b21:01;3b31:07
1512,17,8557,10112,9344,632,584,0.737333,0.681333,10112,0.737333,12288,usa,,2761:01;2771:07
1512,18,8558,14208,20992,888,1312,1.036000,1.530667,20992,1.530667,24576,jp,14:00;15:52;3d:5c;85:57;90:00;91:52;94:00;95:52;b0:40;b1:40,51b1:01;51c1:07
1512,19,8559,14976,18304,936,1144,1.092000,1.334667,18304,1.334667,20480,jp,15:47;3d:50;85:4b;91:47;95:47;b0:40;b1:40,4721:01;4731:07
1512,20,855a,23808,18560,1488,1160,1.736000,1.353333,23808,1.736000,26624,usa,,5c71:01;5c81:07
1512,21,855b,78976,82432,4936,5152,5.758667,6.010667,82432,6.010667,86016,jp,14:c0;15:41;3e:68;85:47;90:00;91:42;94:c0;95:41;b0:40;b1:40,14171:01;14181:07
1512,22,855c,29824,33152,1864,2072,2.174667,2.417333,33152,2.417333,36864,jp,15:81;3e:11;85:87;91:81;95:81;b0:40;b1:40,8101:01;8111:07
1512,23,855d,36480,40320,2280,2520,2.660000,2.940000,40320,2.940000,43008,jp,14:40;15:9d;3e:30;85:a3;91:9d;94:40;95:9d;b0:40;b1:40,9cf1:01;9d01:07
1512,24,855e,30080,29568,1880,1848,2.193333,2.156000,30080,2.193333,32768,usa,,7521:01;7531:07
1512,25,855f,62592,60288,3912,3768,4.564000,4.396000,62592,4.564000,65536,usa,,f451:01;f461:07
1512,26,8560,21120,29568,1320,1848,1.540000,2.156000,29568,2.156000,32768,jp,14:80;15:73;3d:81;3e:02;3f:7f;40:b0;41:00;42:7e;43:00;44:b0;45:00;46:7f;85:77;91:73;94:80;95:73;b0:40;b1:40,7341:01;7351:07
1512,27,8561,64512,69504,4032,4344,4.704000,5.068000,69504,5.068000,71680,jp,14:80;15:0f;16:01;3e:30;85:13;86:01;90:80;91:0f;92:01;94:80;95:0f;96:01;b0:40;b1:40,10f51:01;10f61:07
1512,28,8562,87552,92928,5472,5808,6.384000,6.776000,92928,6.776000,96256,jp,15:6a;3d:83;3e:16;85:6f;91:6b;95:6a;b0:40;b1:40,16a71:01;16a81:07
1512,29,8563,74240,73472,4640,4592,5.413333,5.357333,74240,5.413333,77824,usa,,12181:01;12191:07
1512,30,8564,39040,34176,2440,2136,2.846667,2.492000,39040,2.846667,43008,usa,,9851:01;9861:07
1512,31,8565,56448,55168,3528,3448,4.116000,4.022667,56448,4.116000,59392,usa,,dc61:01;dc71:07
1512,32,8566,75776,65920,4736,4120,5.525333,4.806667,75776,5.525333,77824,usa,,12771:01;12781:07
1512,33,8567,30336,36992,1896,2312,2.212000,2.697333,36992,2.697333,40960,jp,15:90;3e:22;85:97;91:90;95:90;b0:40;b1:40,9041:01;9051:07
1512,34,8568,22016,23424,1376,1464,1.605333,1.708000,23424,1.708000,26624,jp,14:40;15:5b;3d:66;85:5f;90:80;91:5b;94:40;95:5b;b0:40;b1:40,5af1:01;5b01:07
1512,35,8569,47872,48512,2992,3032,3.490667,3.537333,48512,3.537333,51200,jp,14:40;15:bd;3e:54;85:c3;90:80;91:bd;94:40;95:bd;b0:40;b1:40,bd01:01;bd11:07
1512,36,856a,75648,76672,4728,4792,5.516000,5.590667,76672,5.590667,79872,jp,15:2b;3e:4f;85:2f;91:2b;95:2b;b0:40;b1:40,12b51:01;12b61:07
1512,37,856b,56576,58752,3536,3672,4.125333,4.284000,58752,4.284000,61440,jp,14:80;15:e5;3d:82;3e:01;85:eb;90:80;91:e5;94:80;95:e5;b0:40;b1:40,e541:01;e551:07
1512,38,856c,93056,94592,5816,5912,6.785333,6.897333,94592,6.897333,98304,jp,15:71;3e:1e;85:77;91:71;95:71;b0:40;b1:40,17141:01;17151:07
1512,39,856d,52352,61696,3272,3856,3.817333,4.498667,61696,4.498667,65536,jp,14:c0;15:f0;3d:82;3e:0e;85:f7;90:00;91:f1;94:c0;95:f0;b0:40;b1:40,f071:01;f081:07
1512,40,856e,26496,26368,1656,1648,1.932000,1.922667,26496,1.932000,28672,usa,,6761:01;6771:07
1512,41,856f,33920,36608,2120,2288,2.473333,2.669333,36608,2.669333,38912,jp,14:00;15:8f;3e:20;85:93;90:00;91:8f;94:00;95:8f;b0:40;b1:40,8eb1:01;8ec1:07
1512,42,8570,60544,58496,3784,3656,4.414667,4.265333,60544,4.414667,63488,usa,,ec11:01;ec21:07
1512,43,8571,44032,40704,2752,2544,3.210667,2.968000,44032,3.210667,47104,usa,,ab81:01;ab91:07
1512,44,8572,86400,84608,5400,5288,6.300000,6.169333,86400,6.300000,90112,usa,,15151:01;15161:07
1512,45,8573,46976,46848,2936,2928,3.425333,3.416000,46976,3.425333,49152,usa,,b721:01;b731:07
1512,46,8574,41216,36352,2576,2272,3.005333,2.650667,41216,3.005333,45056,usa,,a091:01;a0a1:07
1512,47,8575,38272,31872,2392,1992,2.790667,2.324000,38272,2.790667,40960,usa,,9501:01;9511:07
1512,48,8576,66048,69248,4128,4328,4.816000,5.049333,69248,5.049333,71680,jp,14:40;15:0e;3e:2f;85:13;90:80;91:0e;94:40;95:0e;b0:40;b1:40,10e21:01;10e31:07
1512,49,8577,46592,49920,2912,3120,3.397333,3.640000,49920,3.640000,53248,jp,15:c2;3e:5a;85:c7;91:c3;95:c2;b0:40;b1:40,c291:01;c2a1:07
1512,50,8580,71424,70656,4464,4416,5.208000,5.152000,71424,5.208000,73728,usa,,11671:01;11681:07
1512,51,8581,83968,91392,5248,5712,6.122667,6.664000,91392,6.664000,94208,jp,14:c0;15:64;3d:83;3e:0f;85:6b;91:65;94:c0;95:64;b0:40;b1:40,16491:01;164a1:07
1512,52,8582,22784,26752,1424,1672,1.661333,1.950667,26752,1.950667,30720,jp,14:40;15:68;3d:75;85:6f;90:80;91:68;94:40;95:68;b0:40;b1:40,6821:01;6831:07
1512,53,8583,65152,62976,4072,3936,4.750667,4.592000,65152,4.750667,67584,usa,,fe41:01;fe51:07
1512,54,8584,21248,17280,1328,1080,1.549333,1.260000,21248,1.549333,24576,usa,,52e1:01;52f1:07
1512,55,8585,35200,36480,2200,2280,2.566667,2.660000,36480,2.660000,38912,jp,14:80;15:8e;3a:20;85:93;91:8e;94:80;95:8e;b0:40;b1:40,8e51:01;8e61:07
1512,56,8586,13184,12160,824,760,0.961333,0.886667,13184,0.961333,16384,usa,,3331:01;3341:07
1513,0,8594,49920,42240,3120,2640,3.640000,3.080000,49920,3.640000,53248,usa,,c291:01;c2a1:07
1513,1,8595,90624,78336,5664,4896,6.608000,5.712000,90624,6.608000,94208,usa,,16171:01;16181:07
1513,2,8596,56320,78848,3520,4928,4.106667,5.749333,78848,5.749333,81920,jp,15:34;16:01;3d:82;3e:59;85:37;86:01;91:34;92:01;95:34;96:01;b0:40;b1:40,133d1:01;133e1:07
1513,3,8597,14720,13312,920,832,1.073333,0.970667,14720,1.073333,18432,usa,,3961:01;3971:07
1513,4,8598,23680,23808,1480,1488,1.726667,1.736000,23808,1.736000,26624,jp,14:c0;90:00;91:5d;94:c0;b0:40;b1:40,5c91:01;5ca1:07
1513,5,8599,24320,23296,1520,1456,1.773333,1.698667,24320,1.773333,26624,usa,,5e91:01;5ea1:07
1513,6,859a,11904,14592,744,912,0.868000,1.064000,14592,1.064000,18432,jp,14:00;15:39;3d:40;85:3f;90:00;91:39;94:00;95:39;b0:40;b1:40,38c1:01;38d1:07
1513,7,859b,12544,14336,784,896,0.914667,1.045333,14336,1.045333,16384,jp,14:c0;15:37;3d:3f;85:3b;91:38;94:c0;95:37;b0:40;b1:40,37a1:01;37b1:07
1513,8,859c,45568,44416,2848,2776,3.322667,3.238667,45568,3.322667,49152,usa,,b1a1:01;b1b1:07
1513,9,859d,16256,21120,1016,1320,1.185333,1.540000,21120,1.540000,24576,jp,14:40;15:52;3d:5c;85:57;91:52;94:40;95:52;b0:40;b1:40,5221:01;5231:07
1513,10,859e,57216,59648,3576,3728,4.172000,4.349333,59648,4.349333,63488,jp,14:00;15:e9;3d:82;3e:05;85:ef;90:00;91:e9;94:00;95:e9;b0:40;b1:40,e8b1:01;e8c1:07
1513,11,859f,35584,35840,2224,2240,2.594667,2.613333,35840,2.613333,38912,jp,14:00;15:8c;3e:1d;91:8c;94:00;95:8c;b0:40;b1:40,8bc1:01;8bd1:07
1513,12,85a0,10496,7296,656,456,0.765333,0.532000,10496,0.765333,14336,usa,,2891:01;28a1:07
1513,13,85a1,66944,69888,4184,4368,4.881333,5.096000,69888,5.096000,73728,jp,14:c0;15:10;3e:31;85:17;90:00;91:11;94:c0;95:10;b0:40;b1:40,11071:01;11081:07
1513,14,85a2,70272,86656,4392,5416,5.124000,6.318667,86656,6.318667,90112,jp,14:40;15:52;3e:7b;85:57;91:52;94:40;95:52;b0:40;b1:40,151f1:01;15201:07
1513,15,85a3,71296,70912,4456,4432,5.198667,5.170667,71296,5.198667,73728,usa,,115f1:01;11601:07
1513,16,85a4,19072,13184,1192,824,1.390667,0.961333,19072,1.390667,22528,usa,,4a41:01;4a51:07
1513,17,85a5,37760,32768,2360,2048,2.753333,2.389333,37760,2.753333,40960,usa,,9331:01;9341:07
1513,18,85a6,60288,54528,3768,3408,4.396000,3.976000,60288,4.396000,63488,usa,,eb51:01;eb61:07
1513,19,85a7,83200,88832,5200,5552,6.066667,6.477333,88832,6.477333,92160,jp,15:5b;3d:83;3e:04;85:5f;91:5b;95:5b;b0:40;b1:40,15ab1:01;15ac1:07
1513,20,85a8,55552,74624,3472,4664,4.050667,5.441333,74624,5.441333,77824,jp,14:80;15:23;16:01;3d:82;3e:46;85:27;86:01;90:80;91:23;92:01;94:80;95:23;96:01;b0:40;b1:40,12351:01;12361:07
1513,21,85a9,24192,22784,1512,1424,1.764000,1.661333,24192,1.764000,26624,usa,,5df1:01;5e01:07
1513,22,85aa,15360,15360,960,960,1.120000,1.120000,15360,1.120000,18432,usa,,3bb1:01;3bc1:07
1513,23,85ab,13952,18816,872,1176,1.017333,1.372000,18816,1.372000,22528,jp,14:80;15:49;3d:52;85:4f;91:49;94:80;95:49;b0:40;b1:40,4931:01;4941:07
1513,24,85ac,34688,32256,2168,2016,2.529333,2.352000,34688,2.529333,36864,usa,,8751:01;8761:07
1513,25,85ad,78336,76800,4896,4800,5.712000,5.600000,78336,5.712000,81920,usa,,131e1:01;131f1:07
1513,26,85ae,73600,61312,4600,3832,5.366667,4.470667,73600,5.366667,75776,usa,,11f31:01;11f41:07
1513,27,85af,20224,16640,1264,1040,1.474667,1.213333,20224,1.474667,22528,usa,,4e71:01;4e81:07
1513,28,85b0,12928,11136,808,696,0.942667,0.812000,12928,0.942667,16384,usa,,3261:01;3271:07
1513,29,85b1,78592,95232,4912,5952,5.730667,6.944000,95232,6.944000,98304,jp,15:74;3d:83;3e:20;85:77;91:74;95:74;b0:40;b1:40,173e1:01;173f1:07
1513,30,85b2,17280,15488,1080,968,1.260000,1.129333,17280,1.260000,20480,usa,,4361:01;4371:07
1514,0,85c6,18432,19328,1152,1208,1.344000,1.409333,19328,1.409333,22528,jp,14:80;15:4b;3d:55;85:4f;90:80;91:4b;94:80;95:4b;b0:40;b1:40,4b41:01;4b51:07
1515,0,850a,72704,81536,4544,5096,5.301333,5.945333,81536,5.945333,83968,jp,14:40;15:3e;3a:64;85:43;90:80;91:3e;94:40;95:3e;b0:40;b1:40,13e11:01;13e21:07
1515,1,850b,27520,32768,1720,2048,2.006667,2.389333,32768,2.389333,34816,jp,14:00;15:80;39:81;3a:0f;3b:7f;3c:b0;3d:00;3e:7e;3f:00;40:b0;41:00;42:7f;85:83;90:00;91:80;94:00;95:80;b0:40;b1:40,7fc1:01;7fd1:07
1515,2,850c,24064,25472,1504,1592,1.754667,1.857333,25472,1.857333,28672,jp,14:40;15:63;39:6f;85:67;90:80;91:63;94:40;95:63;b0:40;b1:40,6321:01;6331:07
1515,3,850d,33536,28800,2096,1800,2.445333,2.100000,33536,2.445333,36864,usa,,82c1:01;82d1:07
1515,4,850e,99456,95744,6216,5984,7.252000,6.981333,99456,7.252000,102400,usa,,18461:01;18471:07
1515,5,850f,51968,48256,3248,3016,3.789333,3.518667,51968,3.789333,55296,usa,,cad1:01;cae1:07
1515,6,8510,11136,9472,696,592,0.812000,0.690667,11136,0.812000,14336,usa,,2b11:01;2b21:07
1515,7,8511,17280,18048,1080,1128,1.260000,1.316000,18048,1.316000,20480,jp,15:46;39:4f;85:4b;91:46;95:46;b0:40;b1:40,4601:01;4611:07
1515,8,8512,60288,59008,3768,3688,4.396000,4.302667,60288,4.396000,63488,usa,,eb21:01;eb31:07
1515,9,8513,34816,39296,2176,2456,2.538667,2.865333,39296,2.865333,43008,jp,14:80;15:99;3a:2c;85:9f;90:80;91:99;94:80;95:99;b0:40;b1:40,9931:01;9941:07
1515,10,8514,17024,20224,1064,1264,1.241333,1.474667,20224,1.474667,22528,jp,14:c0;15:4e;39:58;85:53;90:00;91:4f;94:c0;95:4e;b0:40;b1:40,4e81:01;4e91:07
1515,11,8515,26496,28544,1656,1784,1.932000,2.081333,28544,2.081333,30720,jp,15:6f;39:7d;85:73;91:6f;95:6f;b0:40;b1:40,6f01:01;6f11:07
1516,0,835a,31104,28032,1944,1752,2.268000,2.044000,31104,2.268000,34816,usa,,7901:01;7911:07
1516,1,835b,44928,43648,2808,2728,3.276000,3.182667,44928,3.276000,47104,usa,,af41:01;af51:07
1516,2,835c,38272,44928,2392,2808,2.790667,3.276000,44928,3.276000,47104,jp,15:af;3e:44;85:b3;91:af;95:af;b0:40;b1:40,af11:01;af21:07
1516,3,835d,13824,19328,864,1208,1.008000,1.409333,19328,1.409333,22528,jp,14:40;15:4b;3d:55;85:4f;90:80;91:4b;94:40;95:4b;b0:40;b1:40,4b11:01;4b21:07
1516,4,835e,76800,89344,4800,5584,5.600000,6.514667,89344,6.514667,92160,jp,15:5c;3d:83;3e:06;85:63;91:5d;95:5c;b0:40;b1:40,15c91:01;15ca1:07
1516,5,835f,15744,16768,984,1048,1.148000,1.222667,16768,1.222667,20480,jp,14:40;15:41;3d:49;85:47;91:41;94:40;95:41;b0:40;b1:40,4111:01;4121:07
1516,6,8360,20992,18432,1312,1152,1.530667,1.344000,20992,1.530667,24576,usa,,5191:01;51a1:07
1516,7,8361,72448,73472,4528,4592,5.282667,5.357333,73472,5.357333,75776,jp,15:1e;3e:41;85:23;91:1f;95:1e;b0:40;b1:40,11e81:01;11e91:07
1516,8,8362,65024,70144,4064,4384,4.741333,5.114667,70144,5.114667,73728,jp,15:12;16:01;3e:33;85:17;91:12;92:01;95:12;96:01;b0:40;b1:40,111d1:01;111e1:07
1516,9,8363,69888,83968,4368,5248,5.096000,6.122667,83968,6.122667,86016,jp,14:00;15:48;3e:6f;85:4b;91:48;94:00;95:48;b0:40;b1:40,147c1:01;147d1:07
1516,10,8364,73472,85248,4592,5328,5.357333,6.216000,85248,6.216000,88064,jp,15:4d;3e:75;85:53;91:4d;95:4d;b0:40;b1:40,14cc1:01;14cd1:07
1516,11,8365,32384,38528,2024,2408,2.361333,2.809333,38528,2.809333,40960,jp,14:40;15:96;3e:28;85:9b;91:96;94:40;95:96;b0:40;b1:40,9611:01;9621:07
1516,12,8366,72320,62336,4520,3896,5.273333,4.545333,72320,5.273333,75776,usa,,11a21:01;11a31:07
1516,13,8367,66560,74368,4160,4648,4.853333,5.422667,74368,5.422667,77824,jp,14:40;15:22;3e:45;85:27;90:80;91:22;94:40;95:22;b0:40;b1:40,12211:01;12221:07
1516,14,8368,42368,47360,2648,2960,3.089333,3.453333,47360,3.453333,51200,jp,14:c0;15:b8;3e:4f;85:bf;90:00;91:b9;94:c0;95:b8;b0:40;b1:40,b871:01;b881:07
1516,15,8369,80128,84864,5008,5304,5.842667,6.188000,84864,6.188000,88064,jp,14:80;15:4b;3e:73;85:4f;90:80;91:4b;94:80;95:4b;b0:40;b1:40,14b31:01;14b41:07
1516,16,836a,63104,64768,3944,4048,4.601333,4.722667,64768,4.722667,67584,jp,14:00;15:fd;3e:1b;85:03;86:01;90:00;91:fd;94:00;95:fd;b0:40;b1:40,fcb1:01;fcc1:07
1516,17,836b,19584,21632,1224,1352,1.428000,1.577333,21632,1.577333,24576,jp,15:54;3d:5f;85:5b;91:54;95:54;b0:40;b1:40,5411:01;5421:07
1516,18,836c,68864,66304,4304,4144,5.021333,4.834667,68864,5.021333,71680,usa,,10c71:01;10c81:07
1516,19,836d,69376,81408,4336,5088,5.058667,5.936000,81408,5.936000,83968,jp,14:c0;15:3d;3e:64;85:43;91:3e;94:c0;95:3d;b0:40;b1:40,13d81:01;13d91:07
1516,20,836e,73344,65408,4584,4088,5.348000,4.769333,73344,5.348000,75776,usa,,11e41:01;11e51:07
1516,21,836f,31744,37888,1984,2368,2.314667,2.762667,37888,2.762667,40960,jp,14:c0;15:93;3e:26;85:97;91:94;94:c0;95:93;b0:40;b1:40,9371:01;9381:07
1516,22,8370,39680,44416,2480,2776,2.893333,3.238667,44416,3.238667,47104,jp,14:80;15:ad;3e:43;85:b3;90:80;91:ad;94:80;95:ad;b0:40;b1:40,ad61:01;ad71:07
1516,23,8371,81792,81664,5112,5104,5.964000,5.954667,81792,5.964000,83968,usa,,13f21:01;13f31:07
1516,24,8372,63488,68608,3968,4288,4.629333,5.002667,68608,5.002667,71680,jp,14:c0;15:0b;16:01;3e:2c;85:0f;86:01;91:0c;92:01;94:c0;95:0b;96:01;b0:40;b1:40,10ba1:01;10bb1:07
1516,25,8373,62848,63360,3928,3960,4.582667,4.620000,63360,4.620000,65536,jp,15:f7;3e:15;91:f7;95:f7;b0:40;b1:40,f751:01;f761:07
1516,26,8374,64000,64896,4000,4056,4.666667,4.732000,64896,4.732000,67584,jp,14:40;15:fd;3e:1c;85:03;86:01;90:80;91:fd;94:40;95:fd;b0:40;b1:40,fd01:01;fd11:07
1516,27,8375,49664,47616,3104,2976,3.621333,3.472000,49664,3.621333,53248,usa,,c191:01;c1a1:07
1516,28,8376,19328,18432,1208,1152,1.409333,1.344000,19328,1.409333,22528,usa,,4b01:01;4b11:07
1516,29,8377,41216,41728,2576,2608,3.005333,3.042667,41728,3.042667,45056,jp,14:c0;15:a2;3e:36;91:a3;94:c0;95:a2;b0:40;b1:40,a281:01;a291:07
1517,0,85da,27008,26240,1688,1640,1.969333,1.913333,27008,1.969333,30720,usa,,6901:01;6911:07
1517,1,85db,26752,25088,1672,1568,1.950667,1.829333,26752,1.950667,30720,usa,,6811:01;6821:07
1517,2,85dc,68736,75904,4296,4744,5.012000,5.534667,75904,5.534667,79872,jp,14:80;15:28;3a:4c;85:2f;91:28;94:80;95:28;b0:40;b1:40,12851:01;12861:07
1517,3,85dd,15232,22016,952,1376,1.110667,1.605333,22016,1.605333,24576,jp,14:c0;15:55;39:60;85:5b;90:00;91:56;94:c0;95:55;b0:40;b1:40,5581:01;5591:07
1517,4,85de,18816,19456,1176,1216,1.372000,1.418667,19456,1.418667,22528,jp,14:00;15:4c;39:55;90:00;91:4c;94:00;95:4c;b0:40;b1:40,4bb1:01;4bc1:07
1517,5,85df,69632,73600,4352,4600,5.077333,5.366667,73600,5.366667,75776,jp,14:80;15:1f;3a:42;85:23;90:80;91:1f;94:80;95:1f;b0:40;b1:40,11f41:01;11f51:07
1517,6,85e0,19456,18432,1216,1152,1.418667,1.344000,19456,1.418667,22528,usa,,4bb1:01;4bc1:07
1517,7,85e1,23040,23552,1440,1472,1.680000,1.717333,23552,1.717333,26624,jp,15:5b;39:67;91:5c;95:5b;b0:40;b1:40,5b81:01;5b91:07
1517,8,85e2,14336,14976,896,936,1.045333,1.092000,14976,1.092000,18432,jp,14:40;15:3a;39:41;85:3f;90:80;91:3a;94:40;95:3a;b0:40;b1:40,39f1:01;3a01:07
1517,9,85e3,17792,15872,1112,992,1.297333,1.157333,17792,1.297333,20480,usa,,4521:01;4531:07
1517,10,85e4,28032,29440,1752,1840,2.044000,2.146667,29440,2.146667,32768,jp,14:c0;15:72;39:81;3a:01;3b:7f;3c:b0;3d:00;3e:7e;3f:00;40:b0;41:00;42:7f;85:77;90:00;91:73;94:c0;95:72;b0:40;b1:40,72a1:01;72b1:07
1517,11,85e5,45952,50688,2872,3168,3.350667,3.696000,50688,3.696000,53248,jp,14:00;15:c6;3a:5e;85:cb;90:00;91:c6;94:00;95:c6;b0:40;b1:40,c5d1:01;c5e1:07
1517,12,85e6,67328,68352,4208,4272,4.909333,4.984000,68352,4.984000,71680,jp,15:0b;3a:2b;85:0f;91:0b;95:0b;b0:40;b1:40,10ab1:01;10ac1:07
1517,13,85e7,40704,40960,2544,2560,2.968000,2.986667,40960,2.986667,43008,jp,15:a0;3a:33;91:a0;95:a0;b0:40;b1:40,9fc1:01;9fd1:07
1517,14,85e8,22144,20096,1384,1256,1.614667,1.465333,22144,1.614667,24576,usa,,5661:01;5671:07
1518,0,8600,32000,32256,2000,2016,2.333333,2.352000,32256,2.352000,34816,jp,15:7d;3a:0d;91:7e;95:7d;b0:40;b1:40,7d91:01;7da1:07
1518,1,8601,8448,12928,528,808,0.616000,0.942667,12928,0.942667,16384,jp,14:80;15:32;39:39;85:37;90:80;91:32;94:80;95:32;b0:40;b1:40,3241:01;3251:07
1518,2,8602,10368,11776,648,736,0.756000,0.858667,11776,0.858667,14336,jp,14:c0;15:2d;39:34;85:33;90:00;91:2e;94:c0;95:2d;b0:40;b1:40,2d91:01;2da1:07
1518,3,8603,26368,26240,1648,1640,1.922667,1.913333,26368,1.922667,28672,usa,,66d1:01;66e1:07
1518,4,8604,21632,19968,1352,1248,1.577333,1.456000,21632,1.577333,24576,usa,,5411:01;5421:07
1518,5,8605,11520,11264,720,704,0.840000,0.821333,11520,0.840000,14336,usa,,2c91:01;2ca1:07
1518,6,8606,34816,35584,2176,2224,2.538667,2.594667,35584,2.594667,38912,jp,15:8b;3a:1c;85:8f;91:8b;95:8b;b0:40;b1:40,8ac1:01;8ad1:07
1518,7,8607,42112,41728,2632,2608,3.070667,3.042667,42112,3.070667,45056,usa,,a461:01;a471:07
1519,0,8614,18688,23424,1168,1464,1.362667,1.708000,23424,1.708000,26624,jp,14:80;15:5b;3d:67;85:5f;90:80;91:5b;94:80;95:5b;b0:40;b1:40,5b61:01;5b71:07
1519,1,8615,14208,12416,888,776,1.036000,0.905333,14208,1.036000,16384,usa,,36f1:01;3701:07
1519,2,8616,52224,58240,3264,3640,3.808000,4.246667,58240,4.246667,61440,jp,14:80;15:e3;3e:7f;85:e7;90:80;91:e3;94:80;95:e3;b0:40;b1:40,e361:01;e371:07
1519,3,8617,62336,75648,3896,4728,4.545333,5.516000,75648,5.516000,77824,jp,15:27;16:01;3e:4a;85:2b;86:01;91:27;92:01;95:27;96:01;b0:40;b1:40,126f1:01;12701:07
1519,4,8618,29056,37120,1816,2320,2.118667,2.706667,37120,2.706667,40960,jp,14:00;15:91;3d:81;3e:22;3f:7f;40:b0;41:00;42:7e;43:00;44:b0;45:00;46:7f;85:97;90:00;91:91;94:00;95:91;b0:40;b1:40,90b1:01;90c1:07
1519,5,8619,60032,75392,3752,4712,4.377333,5.497333,75392,5.497333,77824,jp,15:26;16:01;3e:4a;85:2b;86:01;91:26;92:01;95:26;96:01;b0:40;b1:40,12621:01;12631:07
1519,6,861a,46976,50304,2936,3144,3.425333,3.668000,50304,3.668000,53248,jp,14:80;15:c4;3a:5c;85:cb;91:c4;94:80;95:c4;b0:40;b1:40,c431:01;c441:07
1519,7,861b,24960,25728,1560,1608,1.820000,1.876000,25728,1.876000,28672,jp,14:80;15:64;3d:71;85:6b;91:64;94:80;95:64;b0:40;b1:40,6431:01;6441:07
1519,8,861c,41472,42368,2592,2648,3.024000,3.089333,42368,3.089333,45056,jp,14:40;15:a5;3e:39;85:ab;90:80;91:a5;94:40;95:a5;b0:40;b1:40,a4f1:01;a501:07
1519,9,861d,16128,19968,1008,1248,1.176000,1.456000,19968,1.456000,22528,jp,15:4d;3d:57;85:53;91:4e;95:4d;b0:40;b1:40,4d91:01;4da1:07
1519,10,861e,20352,17280,1272,1080,1.484000,1.260000,20352,1.484000,22528,usa,,4f51:01;4f61:07
1519,11,861f,64000,88832,4000,5552,4.666667,6.477333,88832,6.477333,92160,jp,15:5a;16:01;3d:83;3e:04;85:5f;86:01;91:5b;92:01;95:5a;96:01;b0:40;b1:40,15a81:01;15a91:07
1519,12,8620,110080,112256,6880,7016,8.026667,8.185333,112256,8.185333,114688,jp,14:40;15:b6;3e:6a;85:bb;90:80;91:b6;94:40;95:b6;b0:40;b1:40,1b601:01;1b611:07
1519,13,8621,22400,28672,1400,1792,1.633333,2.090667,28672,2.090667,30720,jp,14:00;15:70;3d:7e;85:73;90:00;91:70;94:00;95:70;b0:40;b1:40,6fd1:01;6fe1:07
1519,14,8622,22400,30080,1400,1880,1.633333,2.193333,30080,2.193333,32768,jp,15:75;3d:81;3e:04;3f:7f;40:b0;41:00;42:7e;43:00;44:b0;45:00;46:7f;85:7b;91:75;95:75;b0:40;b1:40,7531:01;7541:07
1519,15,8623,10240,17024,640,1064,0.746667,1.241333,17024,1.241333,20480,jp,14:80;15:42;3d:4b;85:47;90:80;91:42;94:80;95:42;b0:40;b1:40,4261:01;4271:07
1519,16,8624,65664,62720,4104,3920,4.788000,4.573333,65664,4.788000,69632,usa,,fff1:01;10001:07
1519,17,8625,52608,55936,3288,3496,3.836000,4.078667,55936,4.078667,59392,jp,15:da;3e:75;85:df;91:da;95:da;b0:40;b1:40,da51:01;da61:07
1519,18,8626,80640,84096,5040,5256,5.880000,6.132000,84096,6.132000,88064,jp,14:80;15:48;3e:70;85:4f;90:80;91:48;94:80;95:48;b0:40;b1:40,14831:01;14841:07
1520,0,8632,102656,133888,6416,8368,7.485333,9.762667,133888,9.762667,137216,jp,15:0b;16:02;39:84;3a:49;85:0f;86:02;91:0b;92:02;95:0b;96:02;b0:40;b1:40,20ad1:01;20ae1:07
1520,1,8633,29952,24448,1872,1528,2.184000,1.782667,29952,2.184000,32768,usa,,74c1:01;74d1:07
1520,2,8634,11008,14336,688,896,0.802667,1.045333,14336,1.045333,16384,jp,15:38;39:3f;85:3b;91:38;95:38;b0:40;b1:40,37e1:01;37f1:07
1520,3,8635,41344,50816,2584,3176,3.014667,3.705333,50816,3.705333,53248,jp,15:c6;3a:5e;85:cb;91:c6;95:c6;b0:40;b1:40,c611:01;c621:07
1520,4,8636,38784,39040,2424,2440,2.828000,2.846667,39040,2.846667,43008,jp,15:98;3a:2b;85:9f;91:98;95:98;b0:40;b1:40,9851:01;9861:07
1520,5,8637,72064,69376,4504,4336,5.254667,5.058667,72064,5.254667,75776,usa,,11931:01;11941:07
1520,6,8638,75904,77696,4744,4856,5.534667,5.665333,77696,5.665333,79872,jp,14:80;15:2f;3a:54;85:33;91:2f;94:80;95:2f;b0:40;b1:40,12f31:01;12f41:07
1520,7,8639,39552,36224,2472,2264,2.884000,2.641333,39552,2.884000,43008,usa,,99f1:01;9a01:07
1520,8,863a,60416,63232,3776,3952,4.405333,4.610667,63232,4.610667,65536,jp,15:f7;3a:15;85:fb;91:f7;95:f7;b0:40;b1:40,f6c1:01;f6d1:07
1520,9,863b,14848,14208,928,888,1.082667,1.036000,14848,1.082667,18432,usa,,39d1:01;39e1:07
1520,10,863c,60928,62848,3808,3928,4.442667,4.582667,62848,4.582667,65536,jp,14:40;15:f5;3a:13;85:fb;90:80;91:f5;94:40;95:f5;b0:40;b1:40,f501:01;f511:07
1520,11,863d,27776,25216,1736,1576,2.025333,1.838667,27776,2.025333,30720,usa,,6c41:01;6c51:07
1520,12,863e,18176,22400,1136,1400,1.325333,1.633333,22400,1.633333,24576,jp,14:40;15:57;39:62;85:5b;90:80;91:57;94:40;95:57;b0:40;b1:40,5711:01;5721:07
1520,13,863f,31872,27392,1992,1712,2.324000,1.997333,31872,2.324000,34816,usa,,7c61:01;7c71:07
1520,14,8640,79616,80512,4976,5032,5.805333,5.870667,80512,5.870667,83968,jp,14:80;15:3a;3a:60;85:3f;90:80;91:3a;94:80;95:3a;b0:40;b1:40,13a51:01;13a61:07
1520,15,8641,29184,34048,1824,2128,2.128000,2.482667,34048,2.482667,36864,jp,15:84;3a:15;85:8b;91:85;95:84;b0:40;b1:40,8481:01;8491:07
1520,16,8642,51584,51328,3224,3208,3.761333,3.742667,51584,3.761333,55296,usa,,c951:01;c961:07
1520,17,8643,33792,38272,2112,2392,2.464000,2.790667,38272,2.790667,40960,jp,14:80;15:95;3a:27;85:9b;90:80;91:95;94:80;95:95;b0:40;b1:40,9531:01;9541:07
1520,18,8644,63872,62208,3992,3888,4.657333,4.536000,63872,4.657333,67584,usa,,f931:01;f941:07
1520,19,8645,19840,15232,1240,952,1.446667,1.110667,19840,1.446667,22528,usa,,4d11:01;4d21:07
1520,20,8646,51584,60288,3224,3768,3.761333,4.396000,60288,4.396000,63488,jp,15:eb;39:82;3a:08;85:ef;91:eb;95:eb;b0:40;b1:40,eb61:01;eb71:07
1521,0,865a,38528,40064,2408,2504,2.809333,2.921333,40064,2.921333,43008,jp,14:40;15:9c;3a:2f;85:a3;91:9c;94:40;95:9c;b0:40;b1:40,9c11:01;9c21:07
1521,1,865b,38912,38400,2432,2400,2.837333,2.800000,38912,2.837333,40960,usa,,97e1:01;97f1:07
1521,2,865c,20736,19456,1296,1216,1.512000,1.418667,20736,1.512000,24576,usa,,50a1:01;50b1:07
1521,3,865d,57856,63744,3616,3984,4.218667,4.648000,63744,4.648000,67584,jp,15:f9;39:82;3a:17;85:ff;91:f9;95:f9;b0:40;b1:40,f8d1:01;f8e1:07
1521,4,865e,15616,14208,976,888,1.138667,1.036000,15616,1.138667,18432,usa,,3cb1:01;3cc1:07
1521,5,865f,96512,100352,6032,6272,7.037333,7.317333,100352,7.317333,102400,jp,15:87;3a:36;85:8b;91:88;95:87;b0:40;b1:40,18781:01;18791:07
1521,6,8660,49536,51328,3096,3208,3.612000,3.742667,51328,3.742667,55296,jp,14:40;15:c8;3a:60;85:cf;91:c8;94:40;95:c8;b0:40;b1:40,c811:01;c821:07
1521,7,8661,35840,33792,2240,2112,2.613333,2.464000,35840,2.613333,38912,usa,,8bb1:01;8bc1:07
1521,8,8662,65792,67200,4112,4200,4.797333,4.900000,67200,4.900000,69632,jp,14:40;15:06;3a:26;85:0b;90:80;91:06;94:40;95:06;b0:40;b1:40,10611:01;10621:07
1521,9,8663,21888,26240,1368,1640,1.596000,1.913333,26240,1.913333,28672,jp,15:66;39:73;85:6b;91:66;95:66;b0:40;b1:40,6611:01;6621:07
1521,10,8664,94976,103424,5936,6464,6.925333,7.541333,103424,7.541333,106496,jp,15:94;3a:44;85:97;91:94;95:94;b0:40;b1:40,193c1:01;193d1:07
1521,11,8665,30976,28160,1936,1760,2.258667,2.053333,30976,2.258667,34816,usa,,78c1:01;78d1:07
1521,12,8666,91776,86784,5736,5424,6.692000,6.328000,91776,6.692000,94208,usa,,165f1:01;16601:07
1521,13,8667,26880,24576,1680,1536,1.960000,1.792000,26880,1.960000,30720,usa,,6871:01;6881:07
1521,14,8668,48256,45312,3016,2832,3.518667,3.304000,48256,3.518667,51200,usa,,bc61:01;bc71:07
1521,15,8669,23168,21248,1448,1328,1.689333,1.549333,23168,1.689333,26624,usa,,5a31:01;5a41:07
1521,16,866a,68992,91648,4312,5728,5.030667,6.682667,91648,6.682667,94208,jp,14:00;15:66;39:83;3a:11;85:6b;90:00;91:66;94:00;95:66;b0:40;b1:40,165b1:01;165c1:07
1521,17,866b,30592,25600,1912,1600,2.230667,1.866667,30592,2.230667,32768,usa,,7741:01;7751:07
1521,18,866c,92288,87424,5768,5464,6.729333,6.374667,92288,6.729333,96256,usa,,16811:01;16821:07
1521,19,866d,110080,106112,6880,6632,8.026667,7.737333,110080,8.026667,112640,usa,,1ad91:01;1ada1:07
1521,20,866e,119552,116224,7472,7264,8.717333,8.474667,119552,8.717333,122880,usa,,1d2d1:01;1d2e1:07
1521,21,866f,142976,119808,8936,7488,10.425333,8.736000,142976,10.425333,145408,usa,,22df1:01;22e01:07
1521,22,8670,92416,86016,5776,5376,6.738667,6.272000,92416,6.738667,96256,usa,,16871:01;16881:07
1521,23,8671,27776,31232,1736,1952,2.025333,2.277333,31232,2.277333,34816,jp,14:c0;15:79;39:81;3a:09;3b:7f;3c:b0;3d:00;3e:7e;3f:00;40:b0;41:00;42:7f;85:7f;90:00;91:7a;94:c0;95:79;b0:40;b1:40,79a1:01;79b1:07
1521,24,8672,64512,54528,4032,3408,4.704000,3.976000,64512,4.704000,67584,usa,,fba1:01;fbb1:07
1521,25,8673,82048,88448,5128,5528,5.982667,6.449333,88448,6.449333,92160,jp,14:40;15:59;39:83;3a:02;85:5f;91:59;94:40;95:59;b0:40;b1:40,158f1:01;15901:07
1521,26,8674,106112,117376,6632,7336,7.737333,8.558667,117376,8.558667,120832,jp,14:80;15:ca;39:84;3a:01;85:cf;91:ca;94:80;95:ca;b0:40;b1:40,1ca51:01;1ca61:07
1521,27,8675,17152,21504,1072,1344,1.250667,1.568000,21504,1.568000,24576,jp,15:54;39:5e;85:57;91:54;95:54;b0:40;b1:40,53b1:01;53c1:07
1521,28,8676,54400,55808,3400,3488,3.966667,4.069333,55808,4.069333,59392,jp,14:00;15:da;3a:74;85:df;90:00;91:da;94:00;95:da;b0:40;b1:40,d9b1:01;d9c1:07
1521,29,8677,62848,68224,3928,4264,4.582667,4.974667,68224,4.974667,71680,jp,14:40;15:0a;16:01;3a:2a;85:0f;86:01;91:0a;92:01;94:40;95:0a;96:01;b0:40;b1:40,10a11:01;10a21:07
1521,30,8680,28928,25216,1808,1576,2.109333,1.838667,28928,2.109333,32768,usa,,7091:01;70a1:07
1521,31,8681,16128,17536,1008,1096,1.176000,1.278667,17536,1.278667,20480,jp,14:40;15:44;39:4d;85:4b;90:80;91:44;94:40;95:44;b0:40;b1:40,4421:01;4431:07
1521,32,8682,59904,67072,3744,4192,4.368000,4.890667,67072,4.890667,69632,jp,14:c0;15:05;16:01;3a:25;85:0b;86:01;91:06;92:01;94:c0;95:05;96:01;b0:40;b1:40,10581:01;10591:07
1521,33,8683,16256,17536,1016,1096,1.185333,1.278667,17536,1.278667,20480,jp,15:44;39:4d;85:4b;91:44;95:44;b0:40;b1:40,4441:01;4451:07
1521,34,8684,80512,88064,5032,5504,5.870667,6.421333,88064,6.421333,90112,jp,14:00;15:58;39:83;3a:01;85:5b;90:00;91:58;94:00;95:58;b0:40;b1:40,157b1:01;157c1:07
1521,35,8685,57728,55808,3608,3488,4.209333,4.069333,57728,4.209333,61440,usa,,e101:01;e111:07
1522,0,86b2,13568,10112,848,632,0.989333,0.737333,13568,0.989333,16384,usa,,34b1:01;34c1:07
1522,1,86b3,16640,16896,1040,1056,1.213333,1.232000,16896,1.232000,20480,jp,15:41;39:4a;91:42;95:41;b0:40;b1:40,4171:01;4181:07
1522,2,86b4,24960,27520,1560,1720,1.820000,2.006667,27520,2.006667,30720,jp,14:40;15:6b;39:78;85:6f;91:6b;94:40;95:6b;b0:40;b1:40,6b11:01;6b21:07
1522,3,86b5,39552,40448,2472,2528,2.884000,2.949333,40448,2.949333,43008,jp,14:c0;15:9d;3a:31;85:a3;90:00;91:9e;94:c0;95:9d;b0:40;b1:40,9da1:01;9db1:07
1522,4,86b6,41856,40832,2616,2552,3.052000,2.977333,41856,3.052000,45056,usa,,a301:01;a311:07
1522,5,86b7,29440,30080,1840,1880,2.146667,2.193333,30080,2.193333,32768,jp,14:80;15:75;3a:04;85:7b;90:80;91:75;94:80;95:75;b0:40;b1:40,7531:01;7541:07
1522,6,86b8,29824,34560,1864,2160,2.174667,2.520000,34560,2.520000,36864,jp,14:c0;15:86;3a:17;85:8b;90:00;91:87;94:c0;95:86;b0:40;b1:40,8681:01;8691:07
1522,7,86b9,88704,96384,5544,6024,6.468000,7.028000,96384,7.028000,100352,jp,14:80;15:78;3a:25;85:7f;91:78;94:80;95:78;b0:40;b1:40,17851:01;17861:07
1522,8,86ba,77312,53888,4832,3368,5.637333,3.929333,77312,5.637333,79872,usa,,12dc1:01;12dd1:07
1522,9,86bb,38272,37760,2392,2360,2.790667,2.753333,38272,2.790667,40960,usa,,9511:01;9521:07
1522,10,86bc,70784,71296,4424,4456,5.161333,5.198667,71296,5.198667,73728,jp,15:16;3a:38;91:16;95:16;b0:40;b1:40,11651:01;11661:07
1522,11,86bd,15872,27904,992,1744,1.157333,2.034667,27904,2.034667,30720,jp,14:00;15:6d;39:7a;85:73;91:6d;94:00;95:6d;b0:40;b1:40,6cd1:01;6ce1:07
1522,12,86be,28032,28032,1752,1752,2.044000,2.044000,28032,2.044000,30720,usa,,6d01:01;6d11:07
1522,13,86bf,64256,57984,4016,3624,4.685333,4.228000,64256,4.685333,67584,usa,,fa81:01;fa91:07
1522,14,86c0,63616,68736,3976,4296,4.638667,5.012000,68736,5.012000,71680,jp,14:40;15:0c;16:01;3a:2c;85:13;86:01;91:0c;92:01;94:40;95:0c;96:01;b0:40;b1:40,10c21:01;10c31:07
1522,15,86c1,17664,19712,1104,1232,1.288000,1.437333,19712,1.437333,22528,jp,15:4c;39:56;85:53;91:4d;95:4c;b0:40;b1:40,4c81:01;4c91:07
1522,16,86c2,59264,56960,3704,3560,4.321333,4.153333,59264,4.321333,61440,usa,,e721:01;e731:07
1522,17,86c3,63616,67072,3976,4192,4.638667,4.890667,67072,4.890667,69632,jp,14:c0;15:05;16:01;3a:25;85:0b;86:01;90:00;91:06;92:01;94:c0;95:05;96:01;b0:40;b1:40,105a1:01;105b1:07
1522,18,86c4,38656,40704,2416,2544,2.818667,2.968000,40704,2.968000,43008,jp,15:9f;3a:32;85:a3;91:9f;95:9f;b0:40;b1:40,9ec1:01;9ed1:07
1522,19,86c5,19712,18304,1232,1144,1.437333,1.334667,19712,1.437333,22528,usa,,4cb1:01;4cc1:07
1523,0,86d0,10624,11776,664,736,0.774667,0.858667,11776,0.858667,14336,jp,14:00;15:2e;39:34;85:33;90:00;91:2e;94:00;95:2e;b0:40;b1:40,2db1:01;2dc1:07
1523,1,86d1,5888,9856,368,616,0.429333,0.718667,9856,0.718667,12288,jp,14:80;15:26;39:2c;85:2b;90:80;91:26;94:80;95:26;b0:40;b1:40,2661:01;2671:07
1523,2,86d2,20864,21632,1304,1352,1.521333,1.577333,21632,1.577333,24576,jp,14:40;15:54;39:5f;85:5b;91:54;94:40;95:54;b0:40;b1:40,53f1:01;5401:07
1523,3,86d3,11392,11136,712,696,0.830667,0.812000,11392,0.830667,14336,usa,,2c31:01;2c41:07
1523,4,86d4,18304,16768,1144,1048,1.334667,1.222667,18304,1.334667,20480,usa,,4761:01;4771:07
1523,5,86d5,20224,19840,1264,1240,1.474667,1.446667,20224,1.474667,22528,usa,,4e71:01;4e81:07
1523,6,86d6,16896,18304,1056,1144,1.232000,1.334667,18304,1.334667,20480,jp,14:40;15:47;39:50;85:4b;90:80;91:47;94:40;95:47;b0:40;b1:40,4701:01;4711:07
1524,0,86e4,39040,48640,2440,3040,2.846667,3.546667,48640,3.546667,51200,jp,14:00;15:be;3a:55;85:c3;90:00;91:be;94:00;95:be;b0:40;b1:40,bdc1:01;bdd1:07
1524,1,86e5,34560,32128,2160,2008,2.520000,2.342667,34560,2.520000,36864,usa,,86a1:01;86b1:07
1525,0,8700,26496,23552,1656,1472,1.932000,1.717333,26496,1.932000,28672,usa,,6711:01;6721:07
1525,1,8701,38656,37120,2416,2320,2.818667,2.706667,38656,2.818667,40960,usa,,9681:01;9691:07
1525,2,8702,38144,36480,2384,2280,2.781333,2.660000,38144,2.781333,40960,usa,,9491:01;94a1:07
1525,3,8703,37248,33280,2328,2080,2.716000,2.426667,37248,2.716000,40960,usa,,9101:01;9111:07
1525,4,8704,7808,8832,488,552,0.569333,0.644000,8832,0.644000,12288,jp,15:22;39:27;85:27;91:22;95:22;b0:40;b1:40,2231:01;2241:07
1525,5,8705,40320,43776,2520,2736,2.940000,3.192000,43776,3.192000,47104,jp,14:00;15:ab;3a:40;85:af;90:00;91:ab;94:00;95:ab;b0:40;b1:40,aad1:01;aae1:07
1526,0,8714,18048,16768,1128,1048,1.316000,1.222667,18048,1.316000,20480,usa,,4611:01;4621:07
1526,1,8715,11136,17152,696,1072,0.812000,1.250667,17152,1.250667,20480,jp,14:c0;15:42;3d:4b;85:47;90:00;91:43;94:c0;95:42;b0:40;b1:40,4281:01;4291:07
1526,2,8716,43520,71040,2720,4440,3.173333,5.180000,71040,5.180000,73728,jp,14:80;15:15;16:01;3d:82;3e:37;85:1b;86:01;90:80;91:15;92:01;94:80;95:15;96:01;b0:40;b1:40,11551:01;11561:07
1526,3,8717,23808,22272,1488,1392,1.736000,1.624000,23808,1.736000,26624,usa,,5ce1:01;5cf1:07
1526,4,8718,32128,26752,2008,1672,2.342667,1.950667,32128,2.342667,34816,usa,,7d01:01;7d11:07
1526,5,8719,50304,59904,3144,3744,3.668000,4.368000,59904,4.368000,63488,jp,14:c0;15:e9;3d:82;3e:06;85:ef;90:00;91:ea;94:c0;95:e9;b0:40;b1:40,e971:01;e981:07
1526,6,871a,40448,54272,2528,3392,2.949333,3.957333,54272,3.957333,57344,jp,15:d4;3e:6d;85:d7;91:d4;95:d4;b0:40;b1:40,d3c1:01;d3d1:07
1526,7,871b,32768,43520,2048,2720,2.389333,3.173333,43520,3.173333,47104,jp,14:c0;15:a9;3e:3e;85:af;91:aa;94:c0;95:a9;b0:40;b1:40,a991:01;a9a1:07
1526,8,871c,65536,78080,4096,4880,4.778667,5.693333,78080,5.693333,81920,jp,14:c0;15:30;3e:55;85:37;91:31;94:c0;95:30;b0:40;b1:40,13081:01;13091:07
1526,9,871d,94720,91776,5920,5736,6.906667,6.692000,94720,6.906667,98304,usa,,171a1:01;171b1:07
1526,10,871e,31616,40576,1976,2536,2.305333,2.958667,40576,2.958667,43008,jp,15:9e;3e:32;85:a3;91:9e;95:9e;b0:40;b1:40,9e51:01;9e61:07
1526,11,871f,17024,23936,1064,1496,1.241333,1.745333,23936,1.745333,26624,jp,14:40;15:5d;3d:69;85:63;91:5d;94:40;95:5d;b0:40;b1:40,5d01:01;5d11:07
1526,12,8720,20992,24192,1312,1512,1.530667,1.764000,24192,1.764000,26624,jp,14:80;15:5e;3d:6a;85:63;90:80;91:5e;94:80;95:5e;b0:40;b1:40,5e51:01;5e61:07
1526,13,8721,123264,147072,7704,9192,8.988000,10.724000,147072,10.724000,149504,jp,15:3e;16:02;3d:85;3e:03;85:43;86:02;91:3e;92:02;95:3e;96:02;b0:40;b1:40,23e51:01;23e61:07
1526,14,8722,24064,24832,1504,1552,1.754667,1.810667,24832,1.810667,28672,jp,14:c0;15:60;3d:6d;85:67;91:61;94:c0;95:60;b0:40;b1:40,6081:01;6091:07
1526,15,8723,39040,48384,2440,3024,2.846667,3.528000,48384,3.528000,51200,jp,14:00;15:bd;3e:54;85:c3;90:00;91:bd;94:00;95:bd;b0:40;b1:40,bcd1:01;bce1:07
1526,16,8724,21248,18816,1328,1176,1.549333,1.372000,21248,1.549333,24576,usa,,52b1:01;52c1:07
1526,17,8725,72448,82688,4528,5168,5.282667,6.029333,82688,6.029333,86016,jp,14:c0;15:42;3e:69;85:47;91:43;94:c0;95:42;b0:40;b1:40,142a1:01;142b1:07
1526,18,8726,72320,99584,4520,6224,5.273333,7.261333,99584,7.261333,102400,jp,14:c0;15:84;3d:83;3e:33;85:8b;90:00;91:85;94:c0;95:84;b0:40;b1:40,18471:01;18481:07
1526,19,8727,73344,85632,4584,5352,5.348000,6.244000,85632,6.244000,88064,jp,14:80;15:4e;3e:76;85:53;91:4e;94:80;95:4e;b0:40;b1:40,14e41:01;14e51:07
1526,20,8728,52608,49536,3288,3096,3.836000,3.612000,52608,3.836000,55296,usa,,cd61:01;cd71:07
1527,0,8694,15232,11904,952,744,1.110667,0.868000,15232,1.110667,18432,usa,,3b31:01;3b41:07
1527,1,8695,77824,92672,4864,5792,5.674667,6.757333,92672,6.757333,96256,jp,14:00;15:6a;39:83;3a:15;85:6f;91:6a;94:00;95:6a;b0:40;b1:40,169c1:01;169d1:07
1527,2,8696,8448,11008,528,688,0.616000,0.802667,11008,0.802667,14336,jp,14:00;15:2b;39:30;85:2f;91:2b;94:00;95:2b;b0:40;b1:40,2ab1:01;2ac1:07
1527,3,8697,51200,59392,3200,3712,3.733333,4.330667,59392,4.330667,61440,jp,15:e8;39:82;3a:04;85:eb;91:e8;95:e8;b0:40;b1:40,e7d1:01;e7e1:07
1527,4,8698,57472,61824,3592,3864,4.190667,4.508000,61824,4.508000,65536,jp,15:f1;39:82;3a:0e;85:f7;91:f1;95:f1;b0:40;b1:40,f111:01;f121:07
1527,5,8699,28032,35200,1752,2200,2.044000,2.566667,35200,2.566667,38912,jp,14:40;15:89;39:81;3a:1a;3b:7f;3c:b0;3d:00;3e:7e;3f:00;40:b0;41:00;42:7f;85:8f;91:89;94:40;95:89;b0:40;b1:40,8901:01;8911:07
1527,6,869a,75264,87552,4704,5472,5.488000,6.384000,87552,6.384000,90112,jp,14:00;15:56;3a:7f;85:5b;91:56;94:00;95:56;b0:40;b1:40,155e1:01;155f1:07
1527,7,869b,24576,30208,1536,1888,1.792000,2.202667,30208,2.202667,32768,jp,14:c0;15:75;39:81;3a:04;3b:7f;3c:b0;3d:00;3e:7e;3f:00;40:b0;41:00;42:7f;85:7b;91:76;94:c0;95:75;b0:40;b1:40,7581:01;7591:07
1527,8,869c,52096,46208,3256,2888,3.798667,3.369333,52096,3.798667,55296,usa,,cb31:01;cb41:07
1527,9,869d,61440,60416,3840,3776,4.480000,4.405333,61440,4.480000,63488,usa,,efc1:01;efd1:07
1527,10,869e,83328,72320,5208,4520,6.076000,5.273333,83328,6.076000,86016,usa,,14531:01;14541:07
1527,11,869f,11904,11776,744,736,0.868000,0.858667,11904,0.868000,14336,usa,,2df1:01;2e01:07
1527,12,86a0,41728,54144,2608,3384,3.042667,3.948000,54144,3.948000,57344,jp,14:80;15:d3;3a:6d;85:d7;90:80;91:d3;94:80;95:d3;b0:40;b1:40,d351:01;d361:07
1527,13,86a1,46720,52864,2920,3304,3.406667,3.854667,52864,3.854667,55296,jp,15:ce;3a:67;85:d3;91:ce;95:ce;b0:40;b1:40,ce51:01;ce61:07
1527,14,86a2,33920,36352,2120,2272,2.473333,2.650667,36352,2.650667,38912,jp,14:00;15:8e;3a:1f;85:93;90:00;91:8e;94:00;95:8e;b0:40;b1:40,8dd1:01;8de1:07
1527,15,86a3,45312,50816,2832,3176,3.304000,3.705333,50816,3.705333,53248,jp,14:80;15:c6;3a:5e;85:cb;90:80;91:c6;94:80;95:c6;b0:40;b1:40,c641:01;c651:07
1527,16,86a4,41984,43392,2624,2712,3.061333,3.164000,43392,3.164000,47104,jp,14:80;15:a9;3a:3e;85:af;90:80;91:a9;94:80;95:a9;b0:40;b1:40,a961:01;a971:07
1527,17,86a5,23936,27392,1496,1712,1.745333,1.997333,27392,1.997333,30720,jp,14:c0;15:6a;39:78;85:6f;90:00;91:6b;94:c0;95:6a;b0:40;b1:40,6aa1:01;6ab1:07
1527,18,86a6,77568,86656,4848,5416,5.656000,6.318667,86656,6.318667,90112,jp,14:80;15:52;3a:7b;85:57;90:80;91:52;94:80;95:52;b0:40;b1:40,15251:01;15261:07
1528,0,873c,32384,35712,2024,2232,2.361333,2.604000,35712,2.604000,38912,jp,14:40;15:8b;3e:1c;85:8f;91:8b;94:40;95:8b;b0:40;b1:40,8b01:01;8b11:07
1528,1,873d,19328,16384,1208,1024,1.409333,1.194667,19328,1.409333,22528,usa,,4b01:01;4b11:07
1528,2,873e,21120,26112,1320,1632,1.540000,1.904000,26112,1.904000,28672,jp,14:00;15:66;3d:73;85:6b;90:00;91:66;94:00;95:66;b0:40;b1:40,65e1:01;65f1:07
1528,3,873f,38912,40832,2432,2552,2.837333,2.977333,40832,2.977333,43008,jp,14:80;15:9f;3e:33;85:a3;90:80;91:9f;94:80;95:9f;b0:40;b1:40,9f31:01;9f41:07
1528,4,8740,14336,14336,896,896,1.045333,1.045333,14336,1.045333,16384,usa,,3771:01;3781:07
1528,5,8741,12416,13056,776,816,0.905333,0.952000,13056,0.952000,16384,jp,14:00;15:33;3d:3a;90:00;91:33;94:00;95:33;b0:40;b1:40,32e1:01;32f1:07
1528,6,8742,8064,7168,504,448,0.588000,0.522667,8064,0.588000,10240,usa,,1ef1:01;1f01:07
1528,7,8743,19968,21632,1248,1352,1.456000,1.577333,21632,1.577333,24576,jp,14:40;15:54;3d:5f;85:5b;90:80;91:54;94:40;95:54;b0:40;b1:40,5421:01;5431:07
1528,8,8744,40576,46336,2536,2896,2.958667,3.378667,46336,3.378667,49152,jp,14:00;15:b5;3e:4b;85:bb;90:00;91:b5;94:00;95:b5;b0:40;b1:40,b4b1:01;b4c1:07
1528,9,8745,16128,17024,1008,1064,1.176000,1.241333,17024,1.241333,20480,jp,14:80;15:42;3d:4b;85:47;90:80;91:42;94:80;95:42;b0:40;b1:40,4251:01;4261:07
1528,10,8746,60288,64640,3768,4040,4.396000,4.713333,64640,4.713333,67584,jp,14:40;15:fc;3e:1b;85:03;86:01;91:fc;94:40;95:fc;b0:40;b1:40,fc11:01;fc21:07
1528,11,8747,40320,40704,2520,2544,2.940000,2.968000,40704,2.968000,43008,jp,14:c0;15:9e;3e:32;90:00;91:9f;94:c0;95:9e;b0:40;b1:40,9e71:01;9e81:07
1528,12,8748,83456,78848,5216,4928,6.085333,5.749333,83456,6.085333,86016,usa,,145a1:01;145b1:07
1528,13,8749,51968,58880,3248,3680,3.789333,4.293333,58880,4.293333,61440,jp,14:00;15:e6;3d:82;3e:02;85:eb;91:e6;94:00;95:e6;b0:40;b1:40,e5d1:01;e5e1:07
1528,14,874a,35456,37888,2216,2368,2.585333,2.762667,37888,2.762667,40960,jp,14:c0;15:93;3e:26;85:97;90:00;91:94;94:c0;95:93;b0:40;b1:40,9391:01;93a1:07
1528,15,874b,47232,49280,2952,3080,3.444000,3.593333,49280,3.593333,53248,jp,14:80;15:c0;3e:58;85:c7;91:c0;94:80;95:c0;b0:40;b1:40,c031:01;c041:07
1528,16,874c,66048,64000,4128,4000,4.816000,4.666667,66048,4.816000,69632,usa,,101a1:01;101b1:07
1528,17,874d,95872,99456,5992,6216,6.990667,7.252000,99456,7.252000,102400,jp,14:40;15:84;3e:32;85:8b;91:84;94:40;95:84;b0:40;b1:40,183f1:01;18401:07
1528,18,874e,18304,24448,1144,1528,1.334667,1.782667,24448,1.782667,26624,jp,14:80;15:5f;3d:6b;85:63;91:5f;94:80;95:5f;b0:40;b1:40,5f31:01;5f41:07
1528,19,874f,57216,59392,3576,3712,4.172000,4.330667,59392,4.330667,61440,jp,14:c0;15:e7;3d:82;3e:04;85:eb;90:00;91:e8;94:c0;95:e7;b0:40;b1:40,e781:01;e791:07
1528,20,8750,83456,88064,5216,5504,6.085333,6.421333,88064,6.421333,90112,jp,14:00;15:58;3d:83;3e:01;85:5b;91:58;94:00;95:58;b0:40;b1:40,157b1:01;157c1:07
1528,21,8751,38272,35456,2392,2216,2.790667,2.585333,38272,2.790667,40960,usa,,9561:01;9571:07
1528,22,8752,20352,22912,1272,1432,1.484000,1.670667,22912,1.670667,26624,jp,14:40;15:59;3d:64;85:5f;91:59;94:40;95:59;b0:40;b1:40,5911:01;5921:07
1528,23,8753,32768,36096,2048,2256,2.389333,2.632000,36096,2.632000,38912,jp,15:8c;3e:1e;85:93;91:8d;95:8c;b0:40;b1:40,8c91:01;8ca1:07
1528,24,8754,49024,53888,3064,3368,3.574667,3.929333,53888,3.929333,57344,jp,15:d2;3e:6c;85:d7;91:d2;95:d2;b0:40;b1:40,d251:01;d261:07
1528,25,8755,53120,56832,3320,3552,3.873333,4.144000,56832,4.144000,59392,jp,14:00;15:de;3e:79;85:e3;90:00;91:de;94:00;95:de;b0:40;b1:40,ddb1:01;ddc1:07
1528,26,8756,15360,20352,960,1272,1.120000,1.484000,20352,1.484000,22528,jp,14:40;15:4f;3d:59;85:53;90:80;91:4f;94:40;95:4f;b0:40;b1:40,4f21:01;4f31:07
1529,0,8764,15488,14080,968,880,1.129333,1.026667,15488,1.129333,18432,usa,,3c51:01;3c61:07
1529,1,8765,14720,12928,920,808,1.073333,0.942667,14720,1.073333,18432,usa,,38f1:01;3901:07
1529,2,8766,16384,13952,1024,872,1.194667,1.017333,16384,1.194667,18432,usa,,3fb1:01;3fc1:07
1529,3,8767,31232,37376,1952,2336,2.277333,2.725333,37376,2.725333,40960,jp,15:92;3a:24;85:97;91:92;95:92;b0:40;b1:40,91c1:01;91d1:07
1529,4,8768,41344,40448,2584,2528,3.014667,2.949333,41344,3.014667,45056,usa,,a0f1:01;a101:07
1529,5,8769,39552,38656,2472,2416,2.884000,2.818667,39552,2.884000,43008,usa,,9a61:01;9a71:07
1529,6,876a,34432,33024,2152,2064,2.510667,2.408000,34432,2.510667,36864,usa,,8621:01;8631:07
1529,7,876b,44032,48384,2752,3024,3.210667,3.528000,48384,3.528000,51200,jp,15:bc;3a:53;85:c3;91:bd;95:bc;b0:40;b1:40,bc81:01;bc91:07
1529,8,876c,11264,11520,704,720,0.821333,0.840000,11520,0.840000,14336,jp,14:c0;85:33;91:2d;94:c0;b0:40;b1:40,2c71:01;2c81:07
1529,9,876d,25984,23168,1624,1448,1.894667,1.689333,25984,1.894667,28672,usa,,64f1:01;6501:07
1529,10,876e,19328,20480,1208,1280,1.409333,1.493333,20480,1.493333,22528,jp,14:c0;15:4f;39:5a;85:53;90:00;91:50;94:c0;95:4f;b0:40;b1:40,4f81:01;4f91:07
1529,11,876f,90496,103168,5656,6448,6.598667,7.522667,103168,7.522667,106496,jp,14:c0;15:92;3a:43;85:97;90:00;91:93;94:c0;95:92;b0:40;b1:40,19291:01;192a1:07
1529,12,8770,80256,83712,5016,5232,5.852000,6.104000,83712,6.104000,86016,jp,14:00;15:47;3a:6e;85:4b;90:00;91:47;94:00;95:47;b0:40;b1:40,146c1:01;146d1:07
1529,13,8771,23424,22016,1464,1376,1.708000,1.605333,23424,1.708000,26624,usa,,5b61:01;5b71:07
1529,14,8772,73472,74240,4592,4640,5.357333,5.413333,74240,5.413333,77824,jp,15:22;3a:45;85:27;91:22;95:22;b0:40;b1:40,121d1:01;121e1:07
1529,15,8773,69632,81536,4352,5096,5.077333,5.945333,81536,5.945333,83968,jp,14:40;15:3e;3a:64;85:43;90:80;91:3e;94:40;95:3e;b0:40;b1:40,13e21:01;13e31:07
1529,16,8774,56960,60928,3560,3808,4.153333,4.442667,60928,4.442667,63488,jp,14:00;15:ee;39:82;3a:0a;85:f3;90:00;91:ee;94:00;95:ee;b0:40;b1:40,edc1:01;edd1:07
1529,17,8775,39040,45952,2440,2872,2.846667,3.350667,45952,3.350667,49152,jp,14:80;15:b3;3a:49;85:b7;91:b3;94:80;95:b3;b0:40;b1:40,b351:01;b361:07
1529,18,8776,31360,33664,1960,2104,2.286667,2.454667,33664,2.454667,36864,jp,14:80;15:83;3a:13;85:87;91:83;94:80;95:83;b0:40;b1:40,8341:01;8351:07
1529,19,8777,54528,69760,3408,4360,3.976000,5.086667,69760,5.086667,73728,jp,14:80;15:10;16:01;39:82;3a:31;85:17;86:01;90:80;91:10;92:01;94:80;95:10;96:01;b0:40;b1:40,11051:01;11061:07
1529,20,8780,69120,81024,4320,5064,5.040000,5.908000,81024,5.908000,83968,jp,14:80;15:3c;3a:62;85:43;90:80;91:3c;94:80;95:3c;b0:40;b1:40,13c31:01;13c41:07
1529,21,8781,32256,29696,2016,1856,2.352000,2.165333,32256,2.352000,34816,usa,,7de1:01;7df1:07
1529,22,8782,13696,16000,856,1000,0.998667,1.166667,16000,1.166667,18432,jp,15:3e;39:46;85:43;91:3e;95:3e;b0:40;b1:40,3e01:01;3e11:07
1529,23,8783,13312,11648,832,728,0.970667,0.849333,13312,0.970667,16384,usa,,3371:01;3381:07
1529,24,8784,52864,52096,3304,3256,3.854667,3.798667,52864,3.854667,55296,usa,,ce31:01;ce41:07
1529,25,8785,38016,42880,2376,2680,2.772000,3.126667,42880,3.126667,45056,jp,14:40;15:a7;3a:3b;85:ab;91:a7;94:40;95:a7;b0:40;b1:40,a6f1:01;a701:07
1529,26,8786,39808,37376,2488,2336,2.902667,2.725333,39808,2.902667,43008,usa,,9af1:01;9b01:07
1529,27,8787,54400,54144,3400,3384,3.966667,3.948000,54400,3.966667,57344,usa,,d441:01;d451:07
1529,28,8788,42368,45312,2648,2832,3.089333,3.304000,45312,3.304000,49152,jp,14:c0;15:b0;3a:46;85:b7;90:00;91:b1;94:c0;95:b0;b0:40;b1:40,b091:01;b0a1:07
1529,29,8789,33792,35328,2112,2208,2.464000,2.576000,35328,2.576000,38912,jp,14:00;15:8a;3a:1b;85:8f;91:8a;94:00;95:8a;b0:40;b1:40,89b1:01;89c1:07
1529,30,878a,75904,81152,4744,5072,5.534667,5.917333,81152,5.917333,83968,jp,14:c0;15:3c;3a:63;85:43;90:00;91:3d;94:c0;95:3c;b0:40;b1:40,13c91:01;13ca1:07
1529,31,878b,48000,48256,3000,3016,3.500000,3.518667,48256,3.518667,51200,jp,15:bc;3a:53;85:c3;91:bc;95:bc;b0:40;b1:40,bc51:01;bc61:07
1530,0,879e,24704,23680,1544,1480,1.801333,1.726667,24704,1.801333,28672,usa,,6061:01;6071:07
1530,1,879f,51584,46720,3224,2920,3.761333,3.406667,51584,3.761333,55296,usa,,c921:01;c931:07
1530,2,87a0,73728,80128,4608,5008,5.376000,5.842667,80128,5.842667,83968,jp,15:39;3a:5f;85:3f;91:39;95:39;b0:40;b1:40,138e1:01;138f1:07
1530,3,87a1,10752,6144,672,384,0.784000,0.448000,10752,0.784000,14336,usa,,29e1:01;29f1:07
1530,4,87a2,54784,62208,3424,3888,3.994667,4.536000,62208,4.536000,65536,jp,15:f3;39:82;3a:10;85:f7;91:f3;95:f3;b0:40;b1:40,f2e1:01;f2f1:07
1530,5,87a3,24832,27264,1552,1704,1.810667,1.988000,27264,1.988000,30720,jp,14:80;15:6a;39:77;85:6f;90:80;91:6a;94:80;95:6a;b0:40;b1:40,6a31:01;6a41:07
1530,6,87a4,34944,40576,2184,2536,2.548000,2.958667,40576,2.958667,43008,jp,14:40;15:9e;3a:31;85:a3;91:9e;94:40;95:9e;b0:40;b1:40,9e01:01;9e11:07
1530,7,87a5,36736,35968,2296,2248,2.678667,2.622667,36736,2.678667,38912,usa,,8f01:01;8f11:07
1530,8,87a6,39808,49536,2488,3096,2.902667,3.612000,49536,3.612000,53248,jp,15:c1;3a:59;85:c7;91:c1;95:c1;b0:40;b1:40,c131:01;c141:07
1530,9,87a7,20480,17920,1280,1120,1.493333,1.306667,20480,1.493333,22528,usa,,4fe1:01;4ff1:07
1530,10,87a8,16256,15744,1016,984,1.185333,1.148000,16256,1.185333,18432,usa,,3f61:01;3f71:07
1530,11,87a9,11520,11648,720,728,0.840000,0.849333,11648,0.849333,14336,jp,14:40;90:80;94:40;b0:40;b1:40,2d21:01;2d31:07
1530,12,87aa,36864,34176,2304,2136,2.688000,2.492000,36864,2.688000,38912,usa,,8fe1:01;8ff1:07
1530,13,87ab,44800,57600,2800,3600,3.266667,4.200000,57600,4.200000,61440,jp,15:e0;3a:7c;85:e7;91:e1;95:e0;b0:40;b1:40,e091:01;e0a1:07
1531,0,87bc,66048,68608,4128,4288,4.816000,5.002667,68608,5.002667,71680,jp,15:0b;3a:2c;85:0f;91:0c;95:0b;b0:40;b1:40,10b91:01;10ba1:07
1531,1,87bd,28416,33280,1776,2080,2.072000,2.426667,33280,2.426667,36864,jp,15:82;39:81;3a:12;3b:7f;3c:b0;3d:00;3e:7e;3f:00;40:b0;41:00;42:7f;85:87;91:82;95:82;b0:40;b1:40,81c1:01;81d1:07
1531,2,87be,55936,58624,3496,3664,4.078667,4.274667,58624,4.274667,61440,jp,14:00;15:e5;39:82;3a:00;85:eb;90:00;91:e5;94:00;95:e5;b0:40;b1:40,e4b1:01;e4c1:07
1531,3,87bf,28544,24448,1784,1528,2.081333,1.782667,28544,2.081333,30720,usa,,6f61:01;6f71:07
1531,4,87c0,8448,8832,528,552,0.616000,0.644000,8832,0.644000,12288,jp,14:80;15:22;39:27;90:80;91:22;94:80;95:22;b0:40;b1:40,2231:01;2241:07
1531,5,87c1,9856,19200,616,1200,0.718667,1.400000,19200,1.400000,22528,jp,14:c0;15:4a;39:54;85:4f;90:00;91:4b;94:c0;95:4a;b0:40;b1:40,4aa1:01;4ab1:07
1531,6,87c2,35200,33024,2200,2064,2.566667,2.408000,35200,2.566667,38912,usa,,8911:01;8921:07
1531,7,87c3,35200,39680,2200,2480,2.566667,2.893333,39680,2.893333,43008,jp,14:00;15:9b;3a:2e;85:9f;90:00;91:9b;94:00;95:9b;b0:40;b1:40,9ad1:01;9ae1:07
1531,8,87c4,73216,62720,4576,3920,5.338667,4.573333,73216,5.338667,75776,usa,,11de1:01;11df1:07
1531,9,87c5,16000,19840,1000,1240,1.166667,1.446667,19840,1.446667,22528,jp,15:4d;39:57;85:53;91:4d;95:4d;b0:40;b1:40,4d41:01;4d51:07
1531,10,87c6,35456,36480,2216,2280,2.585333,2.660000,36480,2.660000,38912,jp,14:40;15:8e;3a:1f;85:93;91:8e;94:40;95:8e;b0:40;b1:40,8e11:01;8e21:07
1531,11,87c7,38912,53120,2432,3320,2.837333,3.873333,53120,3.873333,55296,jp,14:80;15:cf;3a:69;85:d3;90:80;91:cf;94:80;95:cf;b0:40;b1:40,cf61:01;cf71:07
1531,12,87c8,13056,13824,816,864,0.952000,1.008000,13824,1.008000,16384,jp,14:00;15:36;39:3d;85:3b;91:36;94:00;95:36;b0:40;b1:40,35c1:01;35d1:07
1532,0,87da,28928,37632,1808,2352,2.109333,2.744000,37632,2.744000,40960,jp,14:c0;15:92;39:81;3a:24;3b:7f;3c:b0;3d:00;3e:7e;3f:00;40:b0;41:00;42:7f;85:97;91:93;94:c0;95:92;b0:40;b1:40,9271:01;9281:07
1532,1,87db,82304,98304,5144,6144,6.001333,7.168000,98304,7.168000,100352,jp,14:00;15:80;39:83;3a:2e;85:83;90:00;91:80;94:00;95:80;b0:40;b1:40,17fe1:01;17ff1:07
1532,2,87dc,43264,46592,2704,2912,3.154667,3.397333,46592,3.397333,49152,jp,14:c0;15:b5;3a:4c;85:bb;91:b6;94:c0;95:b5;b0:40;b1:40,b5a1:01;b5b1:07
1532,3,87dd,54272,54528,3392,3408,3.957333,3.976000,54528,3.976000,57344,jp,15:d5;85:db;91:d5;95:d5;b0:40;b1:40,d4b1:01;d4c1:07
1532,4,87de,23040,23424,1440,1464,1.680000,1.708000,23424,1.708000,26624,jp,14:80;15:5b;39:67;90:80;91:5b;94:80;95:5b;b0:40;b1:40,5b51:01;5b61:07
1532,5,87df,50432,59008,3152,3688,3.677333,4.302667,59008,4.302667,61440,jp,14:80;15:e6;39:82;3a:02;85:eb;90:80;91:e6;94:80;95:e6;b0:40;b1:40,e641:01;e651:07
1532,6,87e0,63360,54144,3960,3384,4.620000,3.948000,63360,4.620000,65536,usa,,f701:01;f711:07
1532,7,87e1,12928,14336,808,896,0.942667,1.045333,14336,1.045333,16384,jp,14:c0;15:37;39:3f;85:3b;90:00;91:38;94:c0;95:37;b0:40;b1:40,3781:01;3791:07
1532,8,87e2,41728,47488,2608,2968,3.042667,3.462667,47488,3.462667,51200,jp,14:40;15:b9;3a:50;85:bf;90:80;91:b9;94:40;95:b9;b0:40;b1:40,b921:01;b931:07
1532,9,87e3,18944,19456,1184,1216,1.381333,1.418667,19456,1.418667,22528,jp,15:4c;39:55;91:4c;95:4c;b0:40;b1:40,4bd1:01;4be1:07
1532,10,87e4,41600,49024,2600,3064,3.033333,3.574667,49024,3.574667,51200,jp,14:40;15:bf;3a:56;85:c3;91:bf;94:40;95:bf;b0:40;b1:40,bf21:01;bf31:07
1532,11,87e5,31104,29568,1944,1848,2.268000,2.156000,31104,2.268000,34816,usa,,78f1:01;7901:07
1532,12,87e6,11904,13056,744,816,0.868000,0.952000,13056,0.952000,16384,jp,14:c0;15:32;39:39;85:37;90:00;91:33;94:c0;95:32;b0:40;b1:40,32a1:01;32b1:07
1532,13,87e7,11136,9856,696,616,0.812000,0.718667,11136,0.812000,14336,usa,,2b11:01;2b21:07
1532,14,87e8,35584,46336,2224,2896,2.594667,3.378667,46336,3.378667,49152,jp,15:b5;3a:4b;85:bb;91:b5;95:b5;b0:40;b1:40,b4d1:01;b4e1:07
1532,15,87e9,17152,12800,1072,800,1.250667,0.933333,17152,1.250667,20480,usa,,42d1:01;42e1:07
1532,16,87ea,71168,90240,4448,5640,5.189333,6.580000,90240,6.580000,94208,jp,14:40;15:60;39:83;3a:0a;85:67;90:80;91:60;94:40;95:60;b0:40;b1:40,16001:01;16011:07
1532,17,87eb,54528,61184,3408,3824,3.976000,4.461333,61184,4.461333,63488,jp,15:ef;39:82;3a:0c;85:f3;91:ef;95:ef;b0:40;b1:40,eeb1:01;eec1:07
1532,18,87ec,33152,32256,2072,2016,2.417333,2.352000,33152,2.417333,36864,usa,,8121:01;8131:07
1532,19,87ed,15360,16000,960,1000,1.120000,1.166667,16000,1.166667,18432,jp,14:40;15:3e;39:46;85:43;90:80;91:3e;94:40;95:3e;b0:40;b1:40,3e21:01;3e31:07
1532,20,87ee,40320,40832,2520,2552,2.940000,2.977333,40832,2.977333,43008,jp,15:9f;3a:33;91:9f;95:9f;b0:40;b1:40,9f51:01;9f61:07
1532,21,87ef,71936,83072,4496,5192,5.245333,6.057333,83072,6.057333,86016,jp,14:80;15:44;3a:6b;85:4b;90:80;91:44;94:80;95:44;b0:40;b1:40,14441:01;14451:07
1532,22,87f0,15104,12544,944,784,1.101333,0.914667,15104,1.101333,18432,usa,,3ab1:01;3ac1:07
1532,23,87f1,54912,56960,3432,3560,4.004000,4.153333,56960,4.153333,59392,jp,14:40;15:de;3a:79;85:e3;91:de;94:40;95:de;b0:40;b1:40,de01:01;de11:07
1532,24,87f2,58880,60416,3680,3776,4.293333,4.405333,60416,4.405333,63488,jp,14:00;15:ec;3a:08;85:ef;91:ec;94:00;95:ec;b0:40;b1:40,ebc1:01;ebd1:07
1532,25,87f3,62464,65792,3904,4112,4.554667,4.797333,65792,4.797333,69632,jp,14:00;15:01;16:01;3a:20;85:07;86:01;91:01;92:01;94:00;95:01;96:01;b0:40;b1:40,100d1:01;100e1:07
1532,26,87f4,86528,94592,5408,5912,6.309333,6.897333,94592,6.897333,98304,jp,14:40;15:71;39:83;3a:1d;85:77;90:80;91:71;94:40;95:71;b0:40;b1:40,170f1:01;17101:07
1532,27,87f5,52224,55936,3264,3496,3.808000,4.078667,55936,4.078667,59392,jp,14:80;15:da;3a:75;85:df;90:80;91:da;94:80;95:da;b0:40;b1:40,da41:01;da51:07
1532,28,87f6,40448,39552,2528,2472,2.949333,2.884000,40448,2.949333,43008,usa,,9dc1:01;9dd1:07
1532,29,87f7,36608,45440,2288,2840,2.669333,3.313333,45440,3.313333,49152,jp,14:40;15:b1;3a:47;85:b7;90:80;91:b1;94:40;95:b1;b0:40;b1:40,b101:01;b111:07
1532,30,8800,100992,103808,6312,6488,7.364000,7.569333,103808,7.569333,106496,jp,15:95;3a:45;85:9b;91:95;95:95;b0:40;b1:40,194f1:01;19501:07
1532,31,8801,73344,88832,4584,5552,5.348000,6.477333,88832,6.477333,92160,jp,14:00;15:5b;39:83;3a:04;85:5f;90:00;91:5b;94:00;95:5b;b0:40;b1:40,15ab1:01;15ac1:07
1532,32,8802,34816,37376,2176,2336,2.538667,2.725333,37376,2.725333,40960,jp,15:92;3a:24;85:97;91:92;95:92;b0:40;b1:40,91e1:01;91f1:07
1532,33,8803,26752,32384,1672,2024,1.950667,2.361333,32384,2.361333,34816,jp,14:40;15:7e;39:81;3a:0e;3b:7f;3c:b0;3d:00;3e:7e;3f:00;40:b0;41:00;42:7f;85:83;91:7e;94:40;95:7e;b0:40;b1:40,7e01:01;7e11:07
1532,34,8804,10752,9088,672,568,0.784000,0.662667,10752,0.784000,14336,usa,,29d1:01;29e1:07
1532,35,8805,19072,19968,1192,1248,1.390667,1.456000,19968,1.456000,22528,jp,14:00;15:4e;39:58;85:53;90:00;91:4e;94:00;95:4e;b0:40;b1:40,4db1:01;4dc1:07
1533,0,8814,20096,17792,1256,1112,1.465333,1.297333,20096,1.465333,22528,usa,,4e21:01;4e31:07
1533,1,8815,81408,76416,5088,4776,5.936000,5.572000,81408,5.936000,83968,usa,,13de1:01;13df1:07
1533,2,8816,20864,22784,1304,1424,1.521333,1.661333,22784,1.661333,26624,jp,14:c0;15:58;39:64;85:5f;90:00;91:59;94:c0;95:58;b0:40;b1:40,5891:01;58a1:07
1533,3,8817,15104,16896,944,1056,1.101333,1.232000,16896,1.232000,20480,jp,14:c0;15:41;39:4a;85:47;91:42;94:c0;95:41;b0:40;b1:40,41a1:01;41b1:07
1533,4,8818,20992,15616,1312,976,1.530667,1.138667,20992,1.530667,24576,usa,,5171:01;5181:07
1533,5,8819,13056,19584,816,1224,0.952000,1.428000,19584,1.428000,22528,jp,14:80;15:4c;39:56;85:53;90:80;91:4c;94:80;95:4c;b0:40;b1:40,4c31:01;4c41:07
1534,0,8828,56832,49792,3552,3112,4.144000,3.630667,56832,4.144000,59392,usa,,dd71:01;dd81:07
1534,1,8829,29440,28288,1840,1768,2.146667,2.062667,29440,2.146667,32768,usa,,72b1:01;72c1:07
1534,2,882a,35328,37120,2208,2320,2.576000,2.706667,37120,2.706667,40960,jp,14:00;15:91;3a:22;85:97;91:91;94:00;95:91;b0:40;b1:40,90b1:01;90c1:07
1534,3,882b,27904,29568,1744,1848,2.034667,2.156000,29568,2.156000,32768,jp,14:80;15:73;39:81;3a:01;3b:7f;3c:b0;3d:00;3e:7e;3f:00;40:b0;41:00;42:7f;85:77;90:80;91:73;94:80;95:73;b0:40;b1:40,7331:01;7341:07
1534,4,882c,7296,9984,456,624,0.532000,0.728000,9984,0.728000,12288,jp,14:00;15:27;39:2c;85:2b;90:00;91:27;94:00;95:27;b0:40;b1:40,26e1:01;26f1:07
1534,5,882d,28288,29056,1768,1816,2.062667,2.118667,29056,2.118667,32768,jp,15:71;39:7f;85:77;91:71;95:71;b0:40;b1:40,7131:01;7141:07
1534,6,8830,13184,14208,824,888,0.961333,1.036000,14208,1.036000,16384,jp,15:37;39:3e;85:3b;91:37;95:37;b0:40;b1:40,3721:01;3731:07
1534,7,882e,46720,50816,2920,3176,3.406667,3.705333,50816,3.705333,53248,jp,14:80;15:c6;3a:5e;85:cb;91:c6;94:80;95:c6;b0:40;b1:40,c651:01;c661:07
1534,8,882f,83072,70784,5192,4424,6.057333,5.161333,83072,6.057333,86016,usa,,143f1:01;14401:07
1535,0,883c,44800,46848,2800,2928,3.266667,3.416000,46848,3.416000,49152,jp,14:00;15:b7;3a:4d;85:bb;91:b7;94:00;95:b7;b0:40;b1:40,b6b1:01;b6c1:07
1535,1,883d,26624,20224,1664,1264,1.941333,1.474667,26624,1.941333,28672,usa,,67d1:01;67e1:07
1535,2,883e,26624,25472,1664,1592,1.941333,1.857333,26624,1.941333,28672,usa,,67b1:01;67c1:07
1535,3,883f,59008,59520,3688,3720,4.302667,4.340000,59520,4.340000,63488,jp,15:e8;3a:04;85:ef;91:e8;95:e8;b0:40;b1:40,e831:01;e841:07
1535,4,8840,15360,14848,960,928,1.120000,1.082667,15360,1.120000,18432,usa,,3bd1:01;3be1:07
1535,5,8841,9344,7808,584,488,0.681333,0.569333,9344,0.681333,12288,usa,,2441:01;2451:07
1535,6,8842,3840,8960,240,560,0.280000,0.653333,8960,0.653333,12288,jp,15:22;39:27;85:27;91:23;95:22;b0:40;b1:40,2281:01;2291:07
1535,7,8843,9728,15744,608,984,0.709333,1.148000,15744,1.148000,18432,jp,14:80;15:3d;39:45;85:43;90:80;91:3d;94:80;95:3d;b0:40;b1:40,3d61:01;3d71:07
1535,8,8844,13312,16640,832,1040,0.970667,1.213333,16640,1.213333,20480,jp,14:c0;15:40;39:49;85:47;91:41;94:c0;95:40;b0:40;b1:40,4071:01;4081:07
1535,9,8845,10880,7808,680,488,0.793333,0.569333,10880,0.793333,14336,usa,,2a01:01;2a11:07
1535,10,8846,32384,34048,2024,2128,2.361333,2.482667,34048,2.482667,36864,jp,14:c0;15:84;3a:15;85:8b;90:00;91:85;94:c0;95:84;b0:40;b1:40,84a1:01;84b1:07
1535,11,8847,13696,14720,856,920,0.998667,1.073333,14720,1.073333,18432,jp,15:39;3d:41;85:3f;91:39;95:39;b0:40;b1:40,3961:01;3971:07
1535,12,8848,43008,43648,2688,2728,3.136000,3.182667,43648,3.182667,47104,jp,14:40;15:aa;3e:3f;85:af;90:80;91:aa;94:40;95:aa;b0:40;b1:40,aa01:01;aa11:07
1535,13,8849,16000,14848,1000,928,1.166667,1.082667,16000,1.166667,18432,usa,,3df1:01;3e01:07
1535,14,884a,70784,63616,4424,3976,5.161333,4.638667,70784,5.161333,73728,usa,,11451:01;11461:07
1536,0,885a,36736,39552,2296,2472,2.678667,2.884000,39552,2.884000,43008,jp,15:9a;3e:2d;85:9f;91:9a;95:9a;b0:40;b1:40,9a41:01;9a51:07
1536,1,885b,18816,12800,1176,800,1.372000,0.933333,18816,1.372000,22528,usa,,4921:01;4931:07
1536,2,885c,41088,47872,2568,2992,2.996000,3.490667,47872,3.490667,51200,jp,14:00;15:bb;3e:52;85:bf;90:00;91:bb;94:00;95:bb;b0:40;b1:40,bae1:01;baf1:07
1537,0,888a,44288,52736,2768,3296,3.229333,3.845333,52736,3.845333,55296,jp,14:00;15:ce;3e:67;85:d3;91:ce;94:00;95:ce;b0:40;b1:40,cdd1:01;cde1:07
1537,1,888b,93440,88448,5840,5528,6.813333,6.449333,93440,6.813333,96256,usa,,16ce1:01;16cf1:07
1537,2,888c,16512,18944,1032,1184,1.204000,1.381333,18944,1.381333,22528,jp,14:00;15:4a;3d:53;85:4f;90:00;91:4a;94:00;95:4a;b0:40;b1:40,49c1:01;49d1:07
1537,3,888d,27648,31488,1728,1968,2.016000,2.296000,31488,2.296000,34816,jp,14:c0;15:7a;3d:81;3e:0a;3f:7f;40:b0;41:00;42:7e;43:00;44:b0;45:00;46:7f;85:7f;91:7b;94:c0;95:7a;b0:40;b1:40,7a71:01;7a81:07
1537,4,888e,51072,68224,3192,4264,3.724000,4.974667,68224,4.974667,71680,jp,14:40;15:0a;16:01;3d:82;3e:2a;85:0f;86:01;91:0a;92:01;94:40;95:0a;96:01;b0:40;b1:40,10a21:01;10a31:07
1537,5,888f,59776,53248,3736,3328,4.358667,3.882667,59776,4.358667,63488,usa,,e921:01;e931:07
1537,6,8890,81536,78208,5096,4888,5.945333,5.702667,81536,5.945333,83968,usa,,13e31:01;13e41:07
1537,7,8891,67456,61568,4216,3848,4.918667,4.489333,67456,4.918667,69632,usa,,106f1:01;10701:07
1537,8,8892,31872,30720,1992,1920,2.324000,2.240000,31872,2.324000,34816,usa,,7c41:01;7c51:07
1537,9,8893,77696,82432,4856,5152,5.665333,6.010667,82432,6.010667,86016,jp,14:c0;15:41;3a:68;85:47;90:00;91:42;94:c0;95:41;b0:40;b1:40,14171:01;14181:07
1537,10,8894,50048,54528,3128,3408,3.649333,3.976000,54528,3.976000,57344,jp,14:00;15:d5;3a:6f;85:db;90:00;91:d5;94:00;95:d5;b0:40;b1:40,d4d1:01;d4e1:07
1538,0,88a8,20608,22912,1288,1432,1.502667,1.670667,22912,1.670667,26624,jp,14:40;15:59;39:64;85:5f;91:59;94:40;95:59;b0:40;b1:40,5921:01;5931:07
1538,1,88a9,42496,41856,2656,2616,3.098667,3.052000,42496,3.098667,45056,usa,,a591:01;a5a1:07
1538,2,88aa,14976,17536,936,1096,1.092000,1.278667,17536,1.278667,20480,jp,15:44;39:4d;85:4b;91:44;95:44;b0:40;b1:40,4401:01;4411:07
1538,3,88ab,23424,27136,1464,1696,1.708000,1.978667,27136,1.978667,30720,jp,14:00;15:6a;39:77;85:6f;90:00;91:6a;94:00;95:6a;b0:40;b1:40,69d1:01;69e1:07
1538,4,88ac,11392,11904,712,744,0.830667,0.868000,11904,0.868000,14336,jp,14:40;15:2e;39:34;91:2e;94:40;95:2e;b0:40;b1:40,2e11:01;2e21:07
1538,5,88ad,85888,95872,5368,5992,6.262667,6.990667,95872,6.990667,98304,jp,14:80;15:76;39:83;3a:23;85:7b;91:76;94:80;95:76;b0:40;b1:40,17651:01;17661:07
1538,6,88ae,17024,17152,1064,1072,1.241333,1.250667,17152,1.250667,20480,jp,14:00;15:43;90:00;91:43;94:00;95:43;b0:40;b1:40,42c1:01;42d1:07
1538,7,88af,16896,18944,1056,1184,1.232000,1.381333,18944,1.381333,22528,jp,14:c0;15:49;39:53;85:4f;91:4a;94:c0;95:49;b0:40;b1:40,49a1:01;49b1:07
1538,8,88b0,50176,60800,3136,3800,3.658667,4.433333,60800,4.433333,63488,jp,14:40;15:ed;39:82;3a:0a;85:f3;90:80;91:ed;94:40;95:ed;b0:40;b1:40,ed01:01;ed11:07
1538,9,88b1,24704,24960,1544,1560,1.801333,1.820000,24960,1.820000,28672,jp,15:61;39:6d;91:61;95:61;b0:40;b1:40,6151:01;6161:07
1538,10,88b2,69248,82816,4328,5176,5.049333,6.038667,82816,6.038667,86016,jp,14:40;15:43;3a:6a;85:47;91:43;94:40;95:43;b0:40;b1:40,142f1:01;14301:07
1538,11,88b3,38528,46080,2408,2880,2.809333,3.360000,46080,3.360000,49152,jp,14:c0;15:b3;3a:4a;85:b7;90:00;91:b4;94:c0;95:b3;b0:40;b1:40,b3a1:01;b3b1:07
1538,12,88b4,12416,16000,776,1000,0.905333,1.166667,16000,1.166667,18432,jp,15:3e;39:46;85:43;91:3e;95:3e;b0:40;b1:40,3e01:01;3e11:07
1538,13,88b5,44160,45184,2760,2824,3.220000,3.294667,45184,3.294667,49152,jp,15:b0;3a:46;85:b7;91:b0;95:b0;b0:40;b1:40,b051:01;b061:07
1538,14,88b6,41088,40576,2568,2536,2.996000,2.958667,41088,2.996000,45056,usa,,a041:01;a051:07
1538,15,88b7,67328,73728,4208,4608,4.909333,5.376000,73728,5.376000,75776,jp,14:00;15:20;3a:43;85:23;91:20;94:00;95:20;b0:40;b1:40,11fe1:01;11ff1:07
1538,16,88b8,26368,22912,1648,1432,1.922667,1.670667,26368,1.922667,28672,usa,,6671:01;6681:07
1538,17,88b9,68736,66048,4296,4128,5.012000,4.816000,68736,5.012000,71680,usa,,10c31:01;10c41:07
1538,18,88ba,42112,38912,2632,2432,3.070667,2.837333,42112,3.070667,45056,usa,,a411:01;a421:07
1538,19,88bb,22784,20224,1424,1264,1.661333,1.474667,22784,1.661333,26624,usa,,58b1:01;58c1:07
1538,20,88bc,23168,23936,1448,1496,1.689333,1.745333,23936,1.745333,26624,jp,14:80;15:5d;39:69;85:63;91:5d;94:80;95:5d;b0:40;b1:40,5d61:01;5d71:07
1538,21,88bd,63872,64896,3992,4056,4.657333,4.732000,64896,4.732000,67584,jp,14:80;15:fd;3a:1c;85:03;86:01;91:fd;94:80;95:fd;b0:40;b1:40,fd31:01;fd41:07
1538,22,88be,36352,36992,2272,2312,2.650667,2.697333,36992,2.697333,40960,jp,14:40;15:90;3a:22;85:97;90:80;91:90;94:40;95:90;b0:40;b1:40,9021:01;9031:07
1538,23,88bf,52864,52736,3304,3296,3.854667,3.845333,52864,3.854667,55296,usa,,ce41:01;ce51:07
1538,24,88c0,34816,31360,2176,1960,2.538667,2.286667,34816,2.538667,36864,usa,,8771:01;8781:07
1538,25,88c1,19584,16512,1224,1032,1.428000,1.204000,19584,1.428000,22528,usa,,4c11:01;4c21:07
1538,26,88c2,25856,22656,1616,1416,1.885333,1.652000,25856,1.885333,28672,usa,,64a1:01;64b1:07
1538,27,88c3,36736,39296,2296,2456,2.678667,2.865333,39296,2.865333,43008,jp,15:99;3a:2c;85:9f;91:99;95:99;b0:40;b1:40,9901:01;9911:07
1538,28,88c4,41472,45440,2592,2840,3.024000,3.313333,45440,3.313333,49152,jp,14:40;15:b1;3a:47;85:b7;90:80;91:b1;94:40;95:b1;b0:40;b1:40,b121:01;b131:07
1538,29,88c5,11392,8576,712,536,0.830667,0.625333,11392,0.830667,14336,usa,,2c11:01;2c21:07
1538,30,88c6,13824,10240,864,640,1.008000,0.746667,13824,1.008000,16384,usa,,35a1:01;35b1:07
1538,31,88c7,15616,12928,976,808,1.138667,0.942667,15616,1.138667,18432,usa,,3ca1:01;3cb1:07
1539,0,88da,16128,14208,1008,888,1.176000,1.036000,16128,1.176000,18432,usa,,3e81:01;3e91:07
1539,1,88db,49024,47744,3064,2984,3.574667,3.481333,49024,3.574667,51200,usa,,bf51:01;bf61:07
1539,2,88dc,12416,10624,776,664,0.905333,0.774667,12416,0.905333,16384,usa,,3031:01;3041:07
1539,3,88dd,28032,27648,1752,1728,2.044000,2.016000,28032,2.044000,30720,usa,,6d31:01;6d41:07
1539,4,88de,34048,40448,2128,2528,2.482667,2.949333,40448,2.949333,43008,jp,14:00;15:9e;3a:31;85:a3;91:9e;94:00;95:9e;b0:40;b1:40,9dd1:01;9de1:07
1539,5,88df,23936,32128,1496,2008,1.745333,2.342667,32128,2.342667,34816,jp,14:40;15:7d;39:81;3a:0c;3b:7f;3c:b0;3d:00;3e:7e;3f:00;40:b0;41:00;42:7f;85:83;91:7d;94:40;95:7d;b0:40;b1:40,7cf1:01;7d01:07
1539,6,88e0,19968,23936,1248,1496,1.456000,1.745333,23936,1.745333,26624,jp,14:80;15:5d;39:69;85:63;90:80;91:5d;94:80;95:5d;b0:40;b1:40,5d51:01;5d61:07
1539,7,88e1,52480,60416,3280,3776,3.826667,4.405333,60416,4.405333,63488,jp,14:c0;15:eb;39:82;3a:08;85:ef;91:ec;94:c0;95:eb;b0:40;b1:40,eba1:01;ebb1:07
1539,8,88e2,72704,77184,4544,4824,5.301333,5.628000,77184,5.628000,79872,jp,14:80;15:2d;3a:52;85:33;90:80;91:2d;94:80;95:2d;b0:40;b1:40,12d61:01;12d71:07
1539,9,88e3,79360,87936,4960,5496,5.786667,6.412000,87936,6.412000,90112,jp,14:80;15:57;39:83;3a:00;85:5b;90:80;91:57;94:80;95:57;b0:40;b1:40,15731:01;15741:07
1539,10,88e4,62080,64256,3880,4016,4.526667,4.685333,64256,4.685333,67584,jp,14:c0;15:fa;3a:19;85:ff;90:00;91:fb;94:c0;95:fa;b0:40;b1:40,fa91:01;faa1:07
1540,0,8900,13824,12928,864,808,1.008000,0.942667,13824,1.008000,16384,usa,,35e1:01;35f1:07
1540,1,8901,32256,40064,2016,2504,2.352000,2.921333,40064,2.921333,43008,jp,14:40;15:9c;3a:2f;85:a3;90:80;91:9c;94:40;95:9c;b0:40;b1:40,9bf1:01;9c01:07
1540,2,8902,33920,36608,2120,2288,2.473333,2.669333,36608,2.669333,38912,jp,14:00;15:8f;3a:20;85:93;90:00;91:8f;94:00;95:8f;b0:40;b1:40,8ec1:01;8ed1:07
1540,3,8903,87680,95104,5480,5944,6.393333,6.934667,95104,6.934667,98304,jp,15:73;39:83;3a:20;85:77;91:73;95:73;b0:40;b1:40,17331:01;17341:07
1540,4,8904,25472,31104,1592,1944,1.857333,2.268000,31104,2.268000,34816,jp,15:79;39:81;3a:08;3b:7f;3c:b0;3d:00;3e:7e;3f:00;40:b0;41:00;42:7f;85:7f;91:79;95:79;b0:40;b1:40,7931:01;7941:07
1540,5,8905,28160,26368,1760,1648,2.053333,1.922667,28160,2.053333,30720,usa,,6db1:01;6dc1:07
1540,6,8906,11520,15616,720,976,0.840000,1.138667,15616,1.138667,18432,jp,14:00;15:3d;39:45;85:43;91:3d;94:00;95:3d;b0:40;b1:40,3ce1:01;3cf1:07
1540,7,8907,78208,86656,4888,5416,5.702667,6.318667,86656,6.318667,90112,jp,14:40;15:52;3a:7b;85:57;91:52;94:40;95:52;b0:40;b1:40,15211:01;15221:07
1540,8,8908,84864,89856,5304,5616,6.188000,6.552000,89856,6.552000,92160,jp,14:c0;15:5e;39:83;3a:09;85:63;90:00;91:5f;94:c0;95:5e;b0:40;b1:40,15e71:01;15e81:07
1540,9,8909,10240,10624,640,664,0.746667,0.774667,10624,0.774667,14336,jp,14:40;15:29;39:2f;85:2f;90:80;91:29;94:40;95:29;b0:40;b1:40,2911:01;2921:07
1540,10,890a,11648,11136,728,696,0.849333,0.812000,11648,0.849333,14336,usa,,2d61:01;2d71:07
1540,11,890b,26368,23424,1648,1464,1.922667,1.708000,26368,1.922667,28672,usa,,6681:01;6691:07
1540,12,890c,12928,17536,808,1096,0.942667,1.278667,17536,1.278667,20480,jp,14:40;15:44;39:4d;85:4b;91:44;94:40;95:44;b0:40;b1:40,4411:01;4421:07
1540,13,890d,26112,32512,1632,2032,1.904000,2.370667,32512,2.370667,34816,jp,14:00;15:7f;39:81;3a:0e;3b:7f;3c:b0;3d:00;3e:7e;3f:00;40:b0;41:00;42:7f;85:83;91:7f;94:00;95:7f;b0:40;b1:40,7ed1:01;7ee1:07
1540,14,890e,20224,20224,1264,1264,1.474667,1.474667,20224,1.474667,22528,usa,,4ed1:01;4ee1:07
1540,15,890f,40192,42624,2512,2664,2.930667,3.108000,42624,3.108000,45056,jp,14:80;15:a6;3a:3b;85:ab;90:80;91:a6;94:80;95:a6;b0:40;b1:40,a661:01;a671:07
1540,16,8910,4864,13824,304,864,0.354667,1.008000,13824,1.008000,16384,jp,14:c0;15:35;39:3c;85:3b;91:36;94:c0;95:35;b0:40;b1:40,3571:01;3581:07
1540,17,8911,21888,27392,1368,1712,1.596000,1.997333,27392,1.997333,30720,jp,14:00;15:6b;39:78;85:6f;90:00;91:6b;94:00;95:6b;b0:40;b1:40,6ae1:01;6af1:07
1540,18,8912,88704,109952,5544,6872,6.468000,8.017333,109952,8.017333,112640,jp,15:ad;3a:61;85:b3;91:ad;95:ad;b0:40;b1:40,1ad51:01;1ad61:07
1540,19,8913,15744,13056,984,816,1.148000,0.952000,15744,1.148000,18432,usa,,3cf1:01;3d01:07
1540,20,8914,21504,18816,1344,1176,1.568000,1.372000,21504,1.568000,24576,usa,,53a1:01;53b1:07
1540,21,8915,14848,12928,928,808,1.082667,0.942667,14848,1.082667,18432,usa,,3991:01;39a1:07
1540,22,8916,76288,76416,4768,4776,5.562667,5.572000,76416,5.572000,79872,jp,14:80;15:2a;3a:4e;90:80;94:80;95:2a;b0:40;b1:40,12a61:01;12a71:07
1540,23,8917,20352,17152,1272,1072,1.484000,1.250667,20352,1.484000,22528,usa,,4f41:01;4f51:07
1540,24,8918,15744,12288,984,768,1.148000,0.896000,15744,1.148000,18432,usa,,3d11:01;3d21:07
1540,25,8919,51456,55936,3216,3496,3.752000,4.078667,55936,4.078667,59392,jp,14:80;15:da;3a:75;85:df;90:80;91:da;94:80;95:da;b0:40;b1:40,da41:01;da51:07
1541,0,8928,8448,14976,528,936,0.616000,1.092000,14976,1.092000,18432,jp,14:40;15:3a;39:42;85:3f;90:80;91:3a;94:40;95:3a;b0:40;b1:40,3a11:01;3a21:07
1541,1,8929,26752,26368,1672,1648,1.950667,1.922667,26752,1.950667,30720,usa,,6811:01;6821:07
1541,2,892a,44032,41088,2752,2568,3.210667,2.996000,44032,3.210667,47104,usa,,abe1:01;abf1:07
1541,3,892b,19456,18176,1216,1136,1.418667,1.325333,19456,1.418667,22528,usa,,4be1:01;4bf1:07
1541,4,892c,9216,12416,576,776,0.672000,0.905333,12416,0.905333,16384,jp,14:40;15:30;39:36;85:37;90:80;91:30;94:40;95:30;b0:40;b1:40,3011:01;3021:07
1541,5,892d,69504,89344,4344,5584,5.068000,6.514667,89344,6.514667,92160,jp,14:c0;15:5c;3d:83;3e:06;85:63;90:00;91:5d;94:c0;95:5c;b0:40;b1:40,15ca1:01;15cb1:07
1541,6,892e,17536,18176,1096,1136,1.278667,1.325333,18176,1.325333,20480,jp,14:c0;15:46;3d:50;90:00;91:47;94:c0;95:46;b0:40;b1:40,46a1:01;46b1:07
1541,7,892f,99456,98048,6216,6128,7.252000,7.149333,99456,7.252000,102400,usa,,18441:01;18451:07
1541,8,8930,55680,61184,3480,3824,4.060000,4.461333,61184,4.461333,63488,jp,14:00;15:ef;39:82;3a:0c;85:f3;90:00;91:ef;94:00;95:ef;b0:40;b1:40,eee1:01;eef1:07
1541,9,8931,24576,25856,1536,1616,1.792000,1.885333,25856,1.885333,28672,jp,14:c0;15:64;39:71;85:6b;91:65;94:c0;95:64;b0:40;b1:40,6491:01;64a1:07
1541,10,8932,56960,65408,3560,4088,4.153333,4.769333,65408,4.769333,67584,jp,15:ff;39:82;3a:1e;85:03;86:01;91:ff;95:ff;b0:40;b1:40,ff61:01;ff71:07
1541,11,8933,43136,38016,2696,2376,3.145333,2.772000,43136,3.145333,47104,usa,,a851:01;a861:07
1541,12,8934,17280,22912,1080,1432,1.260000,1.670667,22912,1.670667,26624,jp,14:80;15:59;39:65;85:5f;91:59;94:80;95:59;b0:40;b1:40,5951:01;5961:07
1542,0,8946,98176,97408,6136,6088,7.158667,7.102667,98176,7.158667,100352,usa,,17f01:01;17f11:07
1542,1,8947,51200,55936,3200,3496,3.733333,4.078667,55936,4.078667,59392,jp,14:80;15:da;3a:75;85:df;90:80;91:da;94:80;95:da;b0:40;b1:40,da41:01;da51:07
1542,2,8948,42240,40064,2640,2504,3.080000,2.921333,42240,3.080000,45056,usa,,a4b1:01;a4c1:07
1542,3,8949,13184,15232,824,952,0.961333,1.110667,15232,1.110667,18432,jp,14:80;15:3b;39:43;85:3f;91:3b;94:80;95:3b;b0:40;b1:40,3b61:01;3b71:07
1543,0,895a,17280,16896,1080,1056,1.260000,1.232000,17280,1.260000,20480,usa,,4361:01;4371:07
1543,1,895b,29312,39040,1832,2440,2.137333,2.846667,39040,2.846667,43008,jp,14:80;15:98;3a:2b;85:9f;91:98;94:80;95:98;b0:40;b1:40,9861:01;9871:07
1543,2,895c,31744,38528,1984,2408,2.314667,2.809333,38528,2.809333,40960,jp,14:40;15:96;3a:29;85:9b;90:80;91:96;94:40;95:96;b0:40;b1:40,9621:01;9631:07
1543,3,895d,31744,34944,1984,2184,2.314667,2.548000,34944,2.548000,38912,jp,14:40;15:88;3a:19;85:8f;90:80;91:88;94:40;95:88;b0:40;b1:40,8811:01;8821:07
1543,4,895e,52096,51584,3256,3224,3.798667,3.761333,52096,3.798667,55296,usa,,caf1:01;cb01:07
1543,5,895f,59520,68992,3720,4312,4.340000,5.030667,68992,5.030667,71680,jp,15:0d;16:01;3a:2d;85:13;86:01;91:0d;92:01;95:0d;96:01;b0:40;b1:40,10cf1:01;10d01:07
1543,6,8960,44544,55424,2784,3464,3.248000,4.041333,55424,4.041333,59392,jp,14:40;15:d8;3a:72;85:df;90:80;91:d8;94:40;95:d8;b0:40;b1:40,d821:01;d831:07
1543,7,8961,53120,56704,3320,3544,3.873333,4.134667,56704,4.134667,59392,jp,15:dd;3a:78;85:e3;91:dd;95:dd;b0:40;b1:40,dd31:01;dd41:07
1543,8,8962,26880,25856,1680,1616,1.960000,1.885333,26880,1.960000,30720,usa,,6871:01;6881:07
1543,9,8963,80128,79104,5008,4944,5.842667,5.768000,80128,5.842667,83968,usa,,138d1:01;138e1:07
1543,10,8964,76160,82304,4760,5144,5.553333,6.001333,82304,6.001333,86016,jp,14:80;15:41;3a:68;85:47;91:41;94:80;95:41;b0:40;b1:40,14161:01;14171:07
1543,11,8965,33408,27648,2088,1728,2.436000,2.016000,33408,2.436000,36864,usa,,8211:01;8221:07
1543,12,8966,33664,28544,2104,1784,2.454667,2.081333,33664,2.454667,36864,usa,,8361:01;8371:07
1543,13,8967,70400,62336,4400,3896,5.133333,4.545333,70400,5.133333,73728,usa,,112b1:01;112c1:07
1543,14,8968,14336,18560,896,1160,1.045333,1.353333,18560,1.353333,22528,jp,14:80;15:48;39:51;85:4f;90:80;91:48;94:80;95:48;b0:40;b1:40,4831:01;4841:07
1543,15,8969,51968,53504,3248,3344,3.789333,3.901333,53504,3.901333,57344,jp,15:d1;3a:6a;85:d7;91:d1;95:d1;b0:40;b1:40,d0e1:01;d0f1:07
1543,16,896a,9344,9088,584,568,0.681333,0.662667,9344,0.681333,12288,usa,,23f1:01;2401:07
1543,17,896b,75008,75776,4688,4736,5.469333,5.525333,75776,5.525333,77824,jp,15:27;3a:4b;91:28;95:27;b0:40;b1:40,12771:01;12781:07
1543,18,896c,56576,65664,3536,4104,4.125333,4.788000,65664,4.788000,69632,jp,14:80;15:00;16:01;39:82;3a:1f;85:07;86:01;90:80;91:00;92:01;94:80;95:00;96:01;b0:40;b1:40,10051:01;10061:07
1543,19,896d,67072,80512,4192,5032,4.890667,5.870667,80512,5.870667,83968,jp,14:80;15:3a;3a:60;85:3f;90:80;91:3a;94:80;95:3a;b0:40;b1:40,13a41:01;13a51:07
1543,20,896e,25728,28928,1608,1808,1.876000,2.109333,28928,2.109333,32768,jp,14:00;15:71;39:7f;85:77;90:00;91:71;94:00;95:71;b0:40;b1:40,70d1:01;70e1:07
1543,21,896f,30592,32512,1912,2032,2.230667,2.370667,32512,2.370667,34816,jp,14:c0;15:7e;3a:0e;85:83;90:00;91:7f;94:c0;95:7e;b0:40;b1:40,7e71:01;7e81:07
1543,22,8970,100352,95744,6272,5984,7.317333,6.981333,100352,7.317333,102400,usa,,18781:01;18791:07
1543,23,8971,30592,35456,1912,2216,2.230667,2.585333,35456,2.585333,38912,jp,14:40;15:8a;3a:1b;85:8f;91:8a;94:40;95:8a;b0:40;b1:40,8a11:01;8a21:07
1543,24,8972,19456,21376,1216,1336,1.418667,1.558667,21376,1.558667,24576,jp,14:80;15:53;39:5e;85:57;90:80;91:53;94:80;95:53;b0:40;b1:40,5331:01;5341:07
1543,25,8973,22784,26240,1424,1640,1.661333,1.913333,26240,1.913333,28672,jp,14:80;15:66;39:73;85:6b;90:80;91:66;94:80;95:66;b0:40;b1:40,6641:01;6651:07
1543,26,8974,31872,35328,1992,2208,2.324000,2.576000,35328,2.576000,38912,jp,14:c0;15:89;3a:1a;85:8f;90:00;91:8a;94:c0;95:89;b0:40;b1:40,8981:01;8991:07
1543,27,8975,10880,10624,680,664,0.793333,0.774667,10880,0.793333,14336,usa,,2a01:01;2a11:07
1543,28,8976,70144,69888,4384,4368,5.114667,5.096000,70144,5.114667,73728,usa,,111a1:01;111b1:07
1543,29,8977,53504,59008,3344,3688,3.901333,4.302667,59008,4.302667,61440,jp,14:80;15:e6;39:82;3a:02;85:eb;90:80;91:e6;94:80;95:e6;b0:40;b1:40,e631:01;e641:07
1543,30,8980,73344,70144,4584,4384,5.348000,5.114667,73344,5.348000,75776,usa,,11e61:01;11e71:07
1543,31,8981,43136,45056,2696,2816,3.145333,3.285333,45056,3.285333,47104,jp,14:c0;15:af;3a:45;85:b3;90:00;91:b0;94:c0;95:af;b0:40;b1:40,af71:01;af81:07
1543,32,8982,21120,30976,1320,1936,1.540000,2.258667,30976,2.258667,34816,jp,14:c0;15:78;39:81;3a:07;3b:7f;3c:b0;3d:00;3e:7e;3f:00;40:b0;41:00;42:7f;85:7f;90:00;91:79;94:c0;95:78;b0:40;b1:40,7871:01;7881:07
1543,33,8983,39936,36096,2496,2256,2.912000,2.632000,39936,2.912000,43008,usa,,9ba1:01;9bb1:07
1543,34,8984,12160,16512,760,1032,0.886667,1.204000,16512,1.204000,20480,jp,15:40;39:48;85:47;91:40;95:40;b0:40;b1:40,4011:01;4021:07
1543,35,8985,43008,46464,2688,2904,3.136000,3.388000,46464,3.388000,49152,jp,14:80;15:b5;3a:4b;85:bb;90:80;91:b5;94:80;95:b5;b0:40;b1:40,b531:01;b541:07
1543,36,8986,23808,23168,1488,1448,1.736000,1.689333,23808,1.736000,26624,usa,,5cb1:01;5cc1:07
1543,37,8987,36992,38784,2312,2424,2.697333,2.828000,38784,2.828000,40960,jp,15:97;3a:2a;85:9b;91:97;95:97;b0:40;b1:40,9761:01;9771:07
1543,38,8988,85760,89344,5360,5584,6.253333,6.514667,89344,6.514667,92160,jp,14:00;15:5d;39:83;3a:07;85:63;91:5d;94:00;95:5d;b0:40;b1:40,15cb1:01;15cc1:07
1543,39,8989,22016,22144,1376,1384,1.605333,1.614667,22144,1.614667,24576,jp,14:40;90:80;94:40;b0:40;b1:40,5621:01;5631:07
1543,40,898a,30976,26368,1936,1648,2.258667,1.922667,30976,2.258667,34816,usa,,7871:01;7881:07
1543,41,898b,30336,28800,1896,1800,2.212000,2.100000,30336,2.212000,32768,usa,,7601:01;7611:07
1543,42,898c,38784,37376,2424,2336,2.828000,2.725333,38784,2.828000,40960,usa,,9711:01;9721:07
1543,43,898d,92032,89600,5752,5600,6.710667,6.533333,92032,6.710667,94208,usa,,16751:01;16761:07
1543,44,898e,48512,44800,3032,2800,3.537333,3.266667,48512,3.537333,51200,usa,,bd41:01;bd51:07
1543,45,898f,15744,20608,984,1288,1.148000,1.502667,20608,1.502667,24576,jp,14:80;15:50;39:5a;85:57;91:50;94:80;95:50;b0:40;b1:40,5041:01;5051:07
1543,46,8990,49792,47104,3112,2944,3.630667,3.434667,49792,3.630667,53248,usa,,c261:01;c271:07
1543,47,8991,30720,28544,1920,1784,2.240000,2.081333,30720,2.240000,32768,usa,,77c1:01;77d1:07
1543,48,8992,70912,69248,4432,4328,5.170667,5.049333,70912,5.170667,73728,usa,,11481:01;11491:07
1543,49,8993,10880,10880,680,680,0.793333,0.793333,10880,0.793333,14336,jp,14:80;94:80;b0:40;b1:40,2a61:01;2a71:07
1544,0,89b2,19584,16256,1224,1016,1.428000,1.185333,19584,1.428000,22528,usa,,4c11:01;4c21:07
1544,1,89b3,19584,20480,1224,1280,1.428000,1.493333,20480,1.493333,22528,jp,14:c0;15:4f;3d:59;90:00;91:50;94:c0;95:4f;b0:40;b1:40,4f71:01;4f81:07
1544,2,89b4,16384,13696,1024,856,1.194667,0.998667,16384,1.194667,18432,usa,,3f71:01;3f81:07
1544,3,89b5,16896,21888,1056,1368,1.232000,1.596000,21888,1.596000,24576,jp,14:40;15:55;3d:60;85:5b;90:80;91:55;94:40;95:55;b0:40;b1:40,5501:01;5511:07
1544,4,89b6,26240,31232,1640,1952,1.913333,2.277333,31232,2.277333,34816,jp,14:c0;15:79;3d:81;3e:08;3f:7f;40:b0;41:00;42:7e;43:00;44:b0;45:00;46:7f;85:7f;90:00;91:7a;94:c0;95:79;b0:40;b1:40,7971:01;7981:07
1544,5,89b7,29184,32896,1824,2056,2.128000,2.398667,32896,2.398667,36864,jp,14:40;15:80;3e:10;85:87;90:80;91:80;94:40;95:80;b0:40;b1:40,8011:01;8021:07
1544,6,89b8,19712,22016,1232,1376,1.437333,1.605333,22016,1.605333,24576,jp,14:00;15:56;3d:61;85:5b;91:56;94:00;95:56;b0:40;b1:40,55e1:01;55f1:07
1544,7,89b9,60928,68480,3808,4280,4.442667,4.993333,68480,4.993333,71680,jp,14:80;15:0b;16:01;3e:2c;85:0f;86:01;90:80;91:0b;92:01;94:80;95:0b;96:01;b0:40;b1:40,10b61:01;10b71:07
1544,8,89ba,21504,23552,1344,1472,1.568000,1.717333,23552,1.717333,26624,jp,15:5b;3d:67;85:5f;91:5c;95:5b;b0:40;b1:40,5b71:01;5b81:07
1544,9,89bb,24448,21760,1528,1360,1.782667,1.586667,24448,1.782667,26624,usa,,5ef1:01;5f01:07
1544,10,89bc,84992,72320,5312,4520,6.197333,5.273333,84992,6.197333,88064,usa,,14bb1:01;14bc1:07
1544,11,89bd,68480,79872,4280,4992,4.993333,5.824000,79872,5.824000,81920,jp,14:c0;15:37;3e:5d;85:3b;90:00;91:38;94:c0;95:37;b0:40;b1:40,13781:01;13791:07
1544,12,89be,70656,74880,4416,4680,5.152000,5.460000,74880,5.460000,77824,jp,14:40;15:24;3e:47;85:2b;90:80;91:24;94:40;95:24;b0:40;b1:40,12421:01;12431:07
1544,13,89bf,26880,25856,1680,1616,1.960000,1.885333,26880,1.960000,30720,usa,,6871:01;6881:07
1545,0,89d0,19328,22656,1208,1416,1.409333,1.652000,22656,1.652000,26624,jp,14:80;15:58;39:63;85:5f;91:58;94:80;95:58;b0:40;b1:40,5851:01;5861:07
1546,0,89e4,12288,14208,768,888,0.896000,1.036000,14208,1.036000,16384,jp,14:40;15:37;3d:3e;85:3b;90:80;91:37;94:40;95:37;b0:40;b1:40,3721:01;3731:07
1546,1,89e5,22144,22912,1384,1432,1.614667,1.670667,22912,1.670667,26624,jp,14:80;15:59;3d:65;85:5f;91:59;94:80;95:59;b0:40;b1:40,5951:01;5961:07
1546,2,89e6,16896,20736,1056,1296,1.232000,1.512000,20736,1.512000,24576,jp,15:51;3d:5b;85:57;91:51;95:51;b0:40;b1:40,50c1:01;50d1:07
1546,3,89e7,14848,13568,928,848,1.082667,0.989333,14848,1.082667,18432,usa,,39b1:01;39c1:07
1546,4,89e8,48768,53376,3048,3336,3.556000,3.892000,53376,3.892000,57344,jp,15:d0;3e:69;85:d7;91:d0;95:d0;b0:40;b1:40,d031:01;d041:07
1546,5,89e9,14208,15104,888,944,1.036000,1.101333,15104,1.101333,18432,jp,14:c0;15:3a;3d:42;85:3f;90:00;91:3b;94:c0;95:3a;b0:40;b1:40,3aa1:01;3ab1:07
1546,6,89ea,30080,30336,1880,1896,2.193333,2.212000,30336,2.212000,32768,jp,15:76;3e:05;91:76;95:76;b0:40;b1:40,75f1:01;7601:07
1546,7,89eb,48128,57856,3008,3616,3.509333,4.218667,57856,4.218667,61440,jp,15:e1;3e:7d;85:e7;91:e2;95:e1;b0:40;b1:40,e181:01;e191:07
1546,8,89ec,13568,10496,848,656,0.989333,0.765333,13568,0.989333,16384,usa,,3471:01;3481:07
1547,0,8a00,11392,12288,712,768,0.830667,0.896000,12288,0.896000,14336,jp,14:00;15:30;3d:36;90:00;91:30;94:00;95:30;b0:40;b1:40,2fe1:01;2ff1:07
1547,1,8a01,17664,20608,1104,1288,1.288000,1.502667,20608,1.502667,24576,jp,14:80;15:50;3d:5a;85:57;90:80;91:50;94:80;95:50;b0:40;b1:40,5031:01;5041:07
1547,2,8a02,49536,52224,3096,3264,3.612000,3.808000,52224,3.808000,55296,jp,14:00;15:cc;3e:65;85:cf;90:00;91:cc;94:00;95:cc;b0:40;b1:40,cbe1:01;cbf1:07
1547,3,8a03,17408,25984,1088,1624,1.269333,1.894667,25984,1.894667,28672,jp,14:40;15:65;3d:72;85:6b;90:80;91:65;94:40;95:65;b0:40;b1:40,6521:01;6531:07
1547,4,8a04,22016,24320,1376,1520,1.605333,1.773333,24320,1.773333,26624,jp,15:5f;3d:6b;85:63;91:5f;95:5f;b0:40;b1:40,5eb1:01;5ec1:07
1547,5,8a05,36096,33408,2256,2088,2.632000,2.436000,36096,2.632000,38912,usa,,8cc1:01;8cd1:07
1547,6,8a06,32512,28928,2032,1808,2.370667,2.109333,32512,2.370667,34816,usa,,7e71:01;7e81:07
1547,7,8a07,11520,12288,720,768,0.840000,0.896000,12288,0.896000,14336,jp,15:30;3d:36;91:30;95:30;b0:40;b1:40,2fb1:01;2fc1:07
1547,8,8a08,50688,52608,3168,3288,3.696000,3.836000,52608,3.836000,55296,jp,14:40;15:cd;3e:66;85:d3;90:80;91:cd;94:40;95:cd;b0:40;b1:40,cd11:01;cd21:07
1547,9,8a09,22400,19584,1400,1224,1.633333,1.428000,22400,1.633333,24576,usa,,56f1:01;5701:07
1547,10,8a0a,30208,28544,1888,1784,2.202667,2.081333,30208,2.202667,32768,usa,,75e1:01;75f1:07
1547,11,8a0b,24448,25472,1528,1592,1.782667,1.857333,25472,1.857333,28672,jp,15:63;3d:70;85:67;91:63;95:63;b0:40;b1:40,6351:01;6361:07
1547,12,8a0c,93184,93056,5824,5816,6.794667,6.785333,93184,6.794667,96256,usa,,16b81:01;16b91:07
1547,13,8a0d,37504,40704,2344,2544,2.734667,2.968000,40704,2.968000,43008,jp,14:c0;15:9e;3e:32;85:a3;90:00;91:9f;94:c0;95:9e;b0:40;b1:40,9e91:01;9ea1:07
1547,14,8a0e,62848,74496,3928,4656,4.582667,5.432000,74496,5.432000,77824,jp,14:00;15:23;16:01;3e:46;85:27;86:01;90:00;91:23;92:01;94:00;95:23;96:01;b0:40;b1:40,122d1:01;122e1:07
1547,15,8a0f,44032,49664,2752,3104,3.210667,3.621333,49664,3.621333,53248,jp,14:00;15:c2;3e:59;85:c7;91:c2;94:00;95:c2;b0:40;b1:40,c1b1:01;c1c1:07
1547,16,8a10,46464,54272,2904,3392,3.388000,3.957333,54272,3.957333,57344,jp,14:c0;15:d3;3e:6d;85:d7;90:00;91:d4;94:c0;95:d3;b0:40;b1:40,d371:01;d381:07
1547,17,8a11,23040,26752,1440,1672,1.680000,1.950667,26752,1.950667,30720,jp,14:40;15:68;3d:75;85:6f;90:80;91:68;94:40;95:68;b0:40;b1:40,6801:01;6811:07
1547,18,8a12,81920,97280,5120,6080,5.973333,7.093333,97280,7.093333,100352,jp,14:00;15:7c;3d:83;3e:29;85:7f;91:7c;94:00;95:7c;b0:40;b1:40,17bb1:01;17bc1:07
1547,19,8a13,48896,60160,3056,3760,3.565333,4.386667,60160,4.386667,63488,jp,14:00;15:eb;3d:82;3e:07;85:ef;91:eb;94:00;95:eb;b0:40;b1:40,ead1:01;eae1:07
1547,20,8a14,71680,77952,4480,4872,5.226667,5.684000,77952,5.684000,81920,jp,14:40;15:30;3e:55;85:37;90:80;91:30;94:40;95:30;b0:40;b1:40,12ff1:01;13001:07
1547,21,8a15,10624,14208,664,888,0.774667,1.036000,14208,1.036000,16384,jp,14:80;15:37;3d:3f;85:3b;91:37;94:80;95:37;b0:40;b1:40,3761:01;3771:07
1547,22,8a16,31104,31360,1944,1960,2.268000,2.286667,31360,2.286667,34816,jp,15:7a;3e:09;91:7a;95:7a;b0:40;b1:40,7a61:01;7a71:07
1547,23,8a17,19072,14976,1192,936,1.390667,1.092000,19072,1.390667,22528,usa,,4a61:01;4a71:07
1547,24,8a18,14336,12544,896,784,1.045333,0.914667,14336,1.045333,16384,usa,,3781:01;3791:07
1547,25,8a19,28032,29824,1752,1864,2.044000,2.174667,29824,2.174667,32768,jp,14:40;15:74;3d:81;3e:02;3f:7f;40:b0;41:00;42:7e;43:00;44:b0;45:00;46:7f;85:7b;91:74;94:40;95:74;b0:40;b1:40,73f1:01;7401:07
1547,26,8a1a,72576,68608,4536,4288,5.292000,5.002667,72576,5.292000,75776,usa,,11b31:01;11b41:07
1547,27,8a1b,13312,11904,832,744,0.970667,0.868000,13312,0.970667,16384,usa,,3371:01;3381:07
1547,28,8a1c,11008,11392,688,712,0.802667,0.830667,11392,0.830667,14336,jp,14:40;15:2c;3d:32;85:33;90:80;91:2c;94:40;95:2c;b0:40;b1:40,2c11:01;2c21:07
1547,29,8a1d,53120,51200,3320,3200,3.873333,3.733333,53120,3.873333,55296,usa,,cf51:01;cf61:07
1547,30,8a1e,21120,26368,1320,1648,1.540000,1.922667,26368,1.922667,28672,jp,14:00;15:67;3d:74;85:6b;90:00;91:67;94:00;95:67;b0:40;b1:40,66d1:01;66e1:07
1547,31,8a1f,39424,46208,2464,2888,2.874667,3.369333,46208,3.369333,49152,jp,14:80;15:b4;3e:4a;85:bb;90:80;91:b4;94:80;95:b4;b0:40;b1:40,b441:01;b451:07
1548,0,8a32,45824,50816,2864,3176,3.341333,3.705333,50816,3.705333,53248,jp,14:80;15:c6;3a:5e;85:cb;90:80;91:c6;94:80;95:c6;b0:40;b1:40,c651:01;c661:07
1548,1,8a33,47104,58752,2944,3672,3.434667,4.284000,58752,4.284000,61440,jp,14:40;15:e5;39:82;3a:01;85:eb;90:80;91:e5;94:40;95:e5;b0:40;b1:40,e4f1:01;e501:07
1548,2,8a34,33920,35456,2120,2216,2.473333,2.585333,35456,2.585333,38912,jp,15:8a;3a:1b;85:8f;91:8a;95:8a;b0:40;b1:40,8a61:01;8a71:07
1548,3,8a35,39680,47616,2480,2976,2.893333,3.472000,47616,3.472000,51200,jp,14:c0;15:b9;3a:50;85:bf;91:ba;94:c0;95:b9;b0:40;b1:40,b9a1:01;b9b1:07
1548,4,8a36,19200,16256,1200,1016,1.400000,1.185333,19200,1.400000,22528,usa,,4ac1:01;4ad1:07
1548,5,8a37,14208,17280,888,1080,1.036000,1.260000,17280,1.260000,20480,jp,15:43;39:4c;85:47;91:43;95:43;b0:40;b1:40,4341:01;4351:07
1548,6,8a39,45568,52864,2848,3304,3.322667,3.854667,52864,3.854667,55296,jp,14:40;15:ce;3a:67;85:d3;90:80;91:ce;94:40;95:ce;b0:40;b1:40,cdf1:01;ce01:07
1548,7,8a3a,69760,70656,4360,4416,5.086667,5.152000,70656,5.152000,73728,jp,14:00;15:14;3a:35;90:00;91:14;94:00;95:14;b0:40;b1:40,113b1:01;113c1:07
1548,8,8a3b,54656,68864,3416,4304,3.985333,5.021333,68864,5.021333,71680,jp,14:c0;15:0c;16:01;39:82;3a:2d;85:13;86:01;90:00;91:0d;92:01;94:c0;95:0c;96:01;b0:40;b1:40,10c91:01;10ca1:07
1548,9,8a3c,13696,17024,856,1064,0.998667,1.241333,17024,1.241333,20480,jp,15:42;39:4a;85:47;91:42;95:42;b0:40;b1:40,4201:01;4211:07
1548,10,8a3d,10240,13056,640,816,0.746667,0.952000,13056,0.952000,16384,jp,15:32;39:39;85:37;91:33;95:32;b0:40;b1:40,3271:01;3281:07
1548,11,8a3e,20096,21888,1256,1368,1.465333,1.596000,21888,1.596000,24576,jp,15:55;39:60;85:5b;91:55;95:55;b0:40;b1:40,5541:01;5551:07
1548,12,8a3f,74240,77056,4640,4816,5.413333,5.618667,77056,5.618667,79872,jp,15:2c;3a:51;85:33;91:2d;95:2c;b0:40;b1:40,12c81:01;12c91:07
1548,13,8a40,28672,31488,1792,1968,2.090667,2.296000,31488,2.296000,34816,jp,15:7b;39:81;3a:0a;3b:7f;3c:b0;3d:00;3e:7e;3f:00;40:b0;41:00;42:7f;85:7f;91:7b;95:7b;b0:40;b1:40,7ae1:01;7af1:07
1548,14,8a41,28288,27008,1768,1688,2.062667,1.969333,28288,2.062667,30720,usa,,6e61:01;6e71:07
1548,15,8a42,66688,65024,4168,4064,4.862667,4.741333,66688,4.862667,69632,usa,,10411:01;10421:07
1548,16,8a43,41984,44160,2624,2760,3.061333,3.220000,44160,3.220000,47104,jp,14:40;15:ac;3a:41;85:b3;90:80;91:ac;94:40;95:ac;b0:40;b1:40,ac11:01;ac21:07
1548,17,8a44,40832,38144,2552,2384,2.977333,2.781333,40832,2.977333,43008,usa,,9f31:01;9f41:07
1548,18,8a45,36224,39936,2264,2496,2.641333,2.912000,39936,2.912000,43008,jp,14:c0;15:9b;3a:2f;85:9f;90:00;91:9c;94:c0;95:9b;b0:40;b1:40,9b91:01;9ba1:07
1548,19,8a46,58752,64768,3672,4048,4.284000,4.722667,64768,4.722667,67584,jp,14:00;15:fd;3a:1b;85:03;86:01;90:00;91:fd;94:00;95:fd;b0:40;b1:40,fcd1:01;fce1:07
1548,20,8a47,9984,8320,624,520,0.728000,0.606667,9984,0.728000,12288,usa,,26b1:01;26c1:07
1548,21,8a48,91648,85888,5728,5368,6.682667,6.262667,91648,6.682667,94208,usa,,165b1:01;165c1:07
1548,22,8a49,78976,72704,4936,4544,5.758667,5.301333,78976,5.758667,81920,usa,,133f1:01;13401:07
1548,23,8a4a,85120,91520,5320,5720,6.206667,6.673333,91520,6.673333,94208,jp,14:80;15:65;39:83;3a:10;85:6b;91:65;94:80;95:65;b0:40;b1:40,16561:01;16571:07
1548,24,8a4b,16896,16000,1056,1000,1.232000,1.166667,16896,1.232000,20480,usa,,41b1:01;41c1:07
1548,25,8a4c,10624,9088,664,568,0.774667,0.662667,10624,0.774667,14336,usa,,2931:01;2941:07
1548,26,8a4d,76160,65280,4760,4080,5.553333,4.760000,76160,5.553333,79872,usa,,12921:01;12931:07
1548,27,8a4e,96768,120960,6048,7560,7.056000,8.820000,120960,8.820000,124928,jp,14:40;15:d8;39:84;3a:10;85:df;90:80;91:d8;94:40;95:d8;b0:40;b1:40,1d7f1:01;1d801:07
1548,28,8a4f,52224,49664,3264,3104,3.808000,3.621333,52224,3.808000,55296,usa,,cbe1:01;cbf1:07
1548,29,8a50,74368,71424,4648,4464,5.422667,5.208000,74368,5.422667,77824,usa,,12261:01;12271:07
1548,30,8a51,11904,13696,744,856,0.868000,0.998667,13696,0.998667,16384,jp,14:40;15:35;39:3c;85:3b;91:35;94:40;95:35;b0:40;b1:40,3511:01;3521:07
1548,31,8a52,52480,56832,3280,3552,3.826667,4.144000,56832,4.144000,59392,jp,14:00;15:de;3a:79;85:e3;91:de;94:00;95:de;b0:40;b1:40,ddc1:01;ddd1:07
1548,32,8a53,26112,24064,1632,1504,1.904000,1.754667,26112,1.904000,28672,usa,,65a1:01;65b1:07
1548,33,8a54,32896,36992,2056,2312,2.398667,2.697333,36992,2.697333,40960,jp,14:40;15:90;3a:22;85:97;91:90;94:40;95:90;b0:40;b1:40,9011:01;9021:07
1548,34,8a55,16256,20352,1016,1272,1.185333,1.484000,20352,1.484000,22528,jp,15:4f;39:59;85:53;91:4f;95:4f;b0:40;b1:40,4f01:01;4f11:07
1548,35,8a56,64000,65536,4000,4096,4.666667,4.778667,65536,4.778667,67584,jp,14:00;15:00;16:01;3a:1f;85:03;86:01;91:00;92:01;94:00;95:00;96:01;b0:40;b1:40,ffe1:01;fff1:07
1548,36,8a57,12672,12544,792,784,0.924000,0.914667,12672,0.924000,16384,usa,,3121:01;3131:07
1548,37,8a58,55552,65536,3472,4096,4.050667,4.778667,65536,4.778667,67584,jp,14:c0;15:ff;39:82;3a:1e;85:03;86:01;91:00;92:01;94:c0;95:ff;b0:40;b1:40,ff81:01;ff91:07
1548,38,8a59,24448,23040,1528,1440,1.782667,1.680000,24448,1.782667,26624,usa,,5f21:01;5f31:07
1548,39,8a5a,41472,39040,2592,2440,3.024000,2.846667,41472,3.024000,45056,usa,,a1a1:01;a1b1:07
1548,40,8a5b,21248,22656,1328,1416,1.549333,1.652000,22656,1.652000,26624,jp,14:80;15:58;39:63;85:5f;90:80;91:58;94:80;95:58;b0:40;b1:40,5851:01;5861:07
1549,0,8a6e,11520,15616,720,976,0.840000,1.138667,15616,1.138667,18432,jp,14:00;15:3d;39:45;85:43;91:3d;94:00;95:3d;b0:40;b1:40,3ce1:01;3cf1:07
1549,1,8a6f,45312,54400,2832,3400,3.304000,3.966667,54400,3.966667,57344,jp,14:40;15:d4;3a:6e;85:db;90:80;91:d4;94:40;95:d4;b0:40;b1:40,d3f1:01;d401:07
1549,2,8a70,71040,66560,4440,4160,5.180000,4.853333,71040,5.180000,73728,usa,,11551:01;11561:07
1549,3,8a71,16384,13312,1024,832,1.194667,0.970667,16384,1.194667,18432,usa,,3fa1:01;3fb1:07
1549,4,8a72,16384,23808,1024,1488,1.194667,1.736000,23808,1.736000,26624,jp,14:00;15:5d;39:68;85:63;91:5d;94:00;95:5d;b0:40;b1:40,5ce1:01;5cf1:07
1549,5,8a73,21376,22016,1336,1376,1.558667,1.605333,22016,1.605333,24576,jp,14:c0;15:55;39:60;85:5b;90:00;91:56;94:c0;95:55;b0:40;b1:40,5571:01;5581:07
1549,6,8a74,38144,42496,2384,2656,2.781333,3.098667,42496,3.098667,45056,jp,14:c0;15:a5;3a:3a;85:ab;91:a6;94:c0;95:a5;b0:40;b1:40,a5a1:01;a5b1:07
1549,7,8a75,50432,49408,3152,3088,3.677333,3.602667,50432,3.677333,53248,usa,,c4e1:01;c4f1:07
1549,8,8a76,40320,36480,2520,2280,2.940000,2.660000,40320,2.940000,43008,usa,,9d41:01;9d51:07
1549,9,8a77,8704,11776,544,736,0.634667,0.858667,11776,0.858667,14336,jp,15:2e;39:34;85:33;91:2e;95:2e;b0:40;b1:40,2de1:01;2df1:07
1549,10,8a80,20224,17536,1264,1096,1.474667,1.278667,20224,1.474667,22528,usa,,4e71:01;4e81:07
1549,11,8a81,31232,29184,1952,1824,2.277333,2.128000,31232,2.277333,34816,usa,,7991:01;79a1:07
1549,12,8a82,76800,69120,4800,4320,5.600000,5.040000,76800,5.600000,79872,usa,,12b81:01;12b91:07
1549,13,8a83,14720,13056,920,816,1.073333,0.952000,14720,1.073333,18432,usa,,3931:01;3941:07
1550,0,899e,17408,18688,1088,1168,1.269333,1.362667,18688,1.362667,22528,jp,15:48;39:52;85:4f;91:49;95:48;b0:40;b1:40,4871:01;4881:07
1550,1,899f,34176,33280,2136,2080,2.492000,2.426667,34176,2.492000,36864,usa,,8501:01;8511:07
1550,2,89a0,10880,10496,680,656,0.793333,0.765333,10880,0.793333,14336,usa,,29f1:01;2a01:07
1550,3,89a1,23296,22528,1456,1408,1.698667,1.642667,23296,1.698667,26624,usa,,5ae1:01;5af1:07
1550,4,89a2,49024,49280,3064,3080,3.574667,3.593333,49280,3.593333,53248,jp,15:c0;3a:58;85:c7;91:c0;95:c0;b0:40;b1:40,c061:01;c071:07
1550,5,89a3,57472,60416,3592,3776,4.190667,4.405333,60416,4.405333,63488,jp,14:00;15:ec;39:82;3a:08;85:ef;90:00;91:ec;94:00;95:ec;b0:40;b1:40,ebd1:01;ebe1:07
1550,6,89a4,23808,27776,1488,1736,1.736000,2.025333,27776,2.025333,30720,jp,14:80;15:6c;39:7a;85:73;90:80;91:6c;94:80;95:6c;b0:40;b1:40,6c61:01;6c71:07
1550,7,89a5,50688,54912,3168,3432,3.696000,4.004000,54912,4.004000,57344,jp,14:80;15:d6;3a:70;85:db;90:80;91:d6;94:80;95:d6;b0:40;b1:40,d641:01;d651:07
1550,8,89a6,38400,36480,2400,2280,2.800000,2.660000,38400,2.800000,40960,usa,,95a1:01;95b1:07
1550,9,89a7,10496,7168,656,448,0.765333,0.522667,10496,0.765333,14336,usa,,2871:01;2881:07
1551,0,8a94,40960,40448,2560,2528,2.986667,2.949333,40960,2.986667,43008,usa,,9fb1:01;9fc1:07
1551,1,8a95,45184,55040,2824,3440,3.294667,4.013333,55040,4.013333,57344,jp,14:c0;15:d6;3a:70;85:db;90:00;91:d7;94:c0;95:d6;b0:40;b1:40,d671:01;d681:07
1552,0,8aa8,16000,14080,1000,880,1.166667,1.026667,16000,1.166667,18432,usa,,3e31:01;3e41:07
1553,0,8abc,40448,44544,2528,2784,2.949333,3.248000,44544,3.248000,47104,jp,14:00;15:ae;3a:43;85:b3;91:ae;94:00;95:ae;b0:40;b1:40,adb1:01;adc1:07
1553,1,8abd,24576,32896,1536,2056,1.792000,2.398667,32896,2.398667,36864,jp,14:40;15:80;39:81;3a:10;3b:7f;3c:b0;3d:00;3e:7e;3f:00;40:b0;41:00;42:7f;85:87;90:80;91:80;94:40;95:80;b0:40;b1:40,8001:01;8011:07
1553,2,8abe,68096,78976,4256,4936,4.965333,5.758667,78976,5.758667,81920,jp,14:40;15:34;3a:59;85:3b;90:80;91:34;94:40;95:34;b0:40;b1:40,133f1:01;13401:07
1553,3,8abf,45952,45440,2872,2840,3.350667,3.313333,45952,3.350667,49152,usa,,b351:01;b361:07
1553,4,8ac0,17408,17280,1088,1080,1.269333,1.260000,17408,1.269333,20480,usa,,43c1:01;43d1:07
1553,5,8ac1,24448,27904,1528,1744,1.782667,2.034667,27904,2.034667,30720,jp,14:c0;15:6c;39:7a;85:73;90:00;91:6d;94:c0;95:6c;b0:40;b1:40,6c91:01;6ca1:07
1553,6,8ac2,26368,25600,1648,1600,1.922667,1.866667,26368,1.922667,28672,usa,,66d1:01;66e1:07
1553,7,8ac3,74752,86528,4672,5408,5.450667,6.309333,86528,6.309333,90112,jp,14:00;15:52;3a:7a;85:57;91:52;94:00;95:52;b0:40;b1:40,151d1:01;151e1:07
1553,8,8ac4,31488,30848,1968,1928,2.296000,2.249333,31488,2.296000,34816,usa,,7aa1:01;7ab1:07
1553,9,8ac5,50944,56704,3184,3544,3.714667,4.134667,56704,4.134667,59392,jp,14:80;15:dd;3a:78;85:e3;90:80;91:dd;94:80;95:dd;b0:40;b1:40,dd61:01;dd71:07
1553,10,8ac6,19200,17024,1200,1064,1.400000,1.241333,19200,1.400000,22528,usa,,4aa1:01;4ab1:07
1553,11,8ac7,16000,19456,1000,1216,1.166667,1.418667,19456,1.418667,22528,jp,14:00;15:4c;39:55;85:4f;90:00;91:4c;94:00;95:4c;b0:40;b1:40,4bd1:01;4be1:07
1553,12,8ac8,31104,32768,1944,2048,2.268000,2.389333,32768,2.389333,34816,jp,14:00;15:80;3a:0f;85:83;90:00;91:80;94:00;95:80;b0:40;b1:40,7fb1:01;7fc1:07
1553,13,8ac9,26752,40960,1672,2560,1.950667,2.986667,40960,2.986667,43008,jp,14:c0;15:9f;39:81;3a:33;3b:7f;3c:b0;3d:00;3e:7e;3f:00;40:b0;41:00;42:7f;85:a3;90:00;91:a0;94:c0;95:9f;b0:40;b1:40,9f71:01;9f81:07
1553,14,8aca,64000,66944,4000,4184,4.666667,4.881333,66944,4.881333,69632,jp,14:40;15:05;16:01;3a:24;85:0b;86:01;90:80;91:05;92:01;94:40;95:05;96:01;b0:40;b1:40,104f1:01;10501:07
1553,15,8acb,71168,63872,4448,3992,5.189333,4.657333,71168,5.189333,73728,usa,,11571:01;11581:07
1553,16,8acc,17792,16640,1112,1040,1.297333,1.213333,17792,1.297333,20480,usa,,4501:01;4511:07
1553,17,8acd,41344,43008,2584,2688,3.014667,3.136000,43008,3.136000,45056,jp,14:c0;15:a7;3a:3c;85:ab;90:00;91:a8;94:c0;95:a7;b0:40;b1:40,a771:01;a781:07
1553,18,8ace,81152,78848,5072,4928,5.917333,5.749333,81152,5.917333,83968,usa,,13c81:01;13c91:07
1553,19,8acf,74240,62208,4640,3888,5.413333,4.536000,74240,5.413333,77824,usa,,121d1:01;121e1:07
1553,20,8ad0,50816,66816,3176,4176,3.705333,4.872000,66816,4.872000,69632,jp,14:00;15:05;16:01;39:82;3a:24;85:0b;86:01;90:00;91:05;92:01;94:00;95:05;96:01;b0:40;b1:40,104d1:01;104e1:07
1553,21,8ad1,63872,84608,3992,5288,4.657333,6.169333,84608,6.169333,88064,jp,15:4a;16:01;3a:72;85:4f;86:01;91:4a;92:01;95:4a;96:01;b0:40;b1:40,149f1:01;14a01:07
1553,22,8ad2,17536,22016,1096,1376,1.278667,1.605333,22016,1.605333,24576,jp,14:c0;15:55;39:60;85:5b;90:00;91:56;94:c0;95:55;b0:40;b1:40,5571:01;5581:07
1553,23,8ad3,10496,12160,656,760,0.765333,0.886667,12160,0.886667,14336,jp,14:80;15:2f;39:35;85:33;90:80;91:2f;94:80;95:2f;b0:40;b1:40,2f41:01;2f51:07
1553,24,8ad4,69504,73344,4344,4584,5.068000,5.348000,73344,5.348000,75776,jp,14:80;15:1e;3a:41;85:23;91:1e;94:80;95:1e;b0:40;b1:40,11e41:01;11e51:07
1553,25,8ad5,71424,76928,4464,4808,5.208000,5.609333,76928,5.609333,79872,jp,14:80;15:2c;3a:51;85:33;90:80;91:2c;94:80;95:2c;b0:40;b1:40,12c61:01;12c71:07
1553,26,8ad6,55808,62464,3488,3904,4.069333,4.554667,62464,4.554667,65536,jp,14:c0;15:f3;39:82;3a:11;85:f7;91:f4;94:c0;95:f3;b0:40;b1:40,f381:01;f391:07
1553,27,8ad7,76800,81536,4800,5096,5.600000,5.945333,81536,5.945333,83968,jp,14:80;15:3e;3a:65;85:43;90:80;91:3e;94:80;95:3e;b0:40;b1:40,13e61:01;13e71:07
1553,28,8ad8,54656,56064,3416,3504,3.985333,4.088000,56064,4.088000,59392,jp,14:00;15:db;3a:75;85:df;90:00;91:db;94:00;95:db;b0:40;b1:40,dab1:01;dac1:07
1553,29,8ad9,14208,16256,888,1016,1.036000,1.185333,16256,1.185333,18432,jp,15:3f;39:47;85:43;91:3f;95:3f;b0:40;b1:40,3ef1:01;3f01:07
1553,30,8ada,32384,34944,2024,2184,2.361333,2.548000,34944,2.548000,38912,jp,15:88;3a:19;85:8f;91:88;95:88;b0:40;b1:40,8821:01;8831:07
1553,31,8adb,29568,32768,1848,2048,2.156000,2.389333,32768,2.389333,34816,jp,14:c0;15:7f;3a:0f;85:83;90:00;91:80;94:c0;95:7f;b0:40;b1:40,7f91:01;7fa1:07
1554,0,8aee,28928,31232,1808,1952,2.109333,2.277333,31232,2.277333,34816,jp,14:c0;15:79;39:81;3a:09;3b:7f;3c:b0;3d:00;3e:7e;3f:00;40:b0;41:00;42:7f;85:7f;91:7a;94:c0;95:79;b0:40;b1:40,7981:01;7991:07
1554,1,8aef,17792,18560,1112,1160,1.297333,1.353333,18560,1.353333,22528,jp,15:48;39:51;85:4f;91:48;95:48;b0:40;b1:40,4841:01;4851:07
1554,2,8af0,64384,77824,4024,4864,4.694667,5.674667,77824,5.674667,79872,jp,14:c0;15:2f;16:01;3a:54;85:33;86:01;90:00;91:30;92:01;94:c0;95:2f;96:01;b0:40;b1:40,12f81:01;12f91:07
1554,3,8af1,8960,12288,560,768,0.653333,0.896000,12288,0.896000,14336,jp,15:2f;39:36;85:33;91:30;95:2f;b0:40;b1:40,2f91:01;2fa1:07
1554,4,8af2,60032,60416,3752,3776,4.377333,4.405333,60416,4.405333,63488,jp,14:c0;15:eb;3a:08;90:00;91:ec;94:c0;95:eb;b0:40;b1:40,eb71:01;eb81:07
1554,5,8af3,62848,66048,3928,4128,4.582667,4.816000,66048,4.816000,69632,jp,14:00;15:02;16:01;3a:21;85:07;86:01;90:00;91:02;92:01;94:00;95:02;96:01;b0:40;b1:40,101e1:01;101f1:07
1554,6,8af4,16896,22784,1056,1424,1.232000,1.661333,22784,1.661333,26624,jp,15:58;39:64;85:5f;91:59;95:58;b0:40;b1:40,5871:01;5881:07
1554,7,8af5,56448,68224,3528,4264,4.116000,4.974667,68224,4.974667,71680,jp,14:80;15:0a;16:01;39:82;3a:2a;85:0f;86:01;91:0a;92:01;94:80;95:0a;96:01;b0:40;b1:40,10a51:01;10a61:07
1554,8,8af6,11648,18048,728,1128,0.849333,1.316000,18048,1.316000,20480,jp,14:80;15:46;39:4f;85:4b;91:46;94:80;95:46;b0:40;b1:40,4651:01;4661:07
1554,9,8af7,67968,72832,4248,4552,4.956000,5.310667,72832,5.310667,75776,jp,15:1c;3a:3e;85:23;91:1c;95:1c;b0:40;b1:40,11bf1:01;11c01:07
1554,10,8b00,33792,44416,2112,2776,2.464000,3.238667,44416,3.238667,47104,jp,14:40;15:ad;3a:42;85:b3;90:80;91:ad;94:40;95:ad;b0:40;b1:40,ad21:01;ad31:07
1554,11,8b01,78976,83456,4936,5216,5.758667,6.085333,83456,6.085333,86016,jp,14:c0;15:45;3a:6d;85:4b;90:00;91:46;94:c0;95:45;b0:40;b1:40,14581:01;14591:07
1554,12,8b02,75904,95616,4744,5976,5.534667,6.972000,95616,6.972000,98304,jp,15:75;39:83;3a:22;85:7b;91:75;95:75;b0:40;b1:40,17551:01;17561:07
1554,13,8b03,43648,45568,2728,2848,3.182667,3.322667,45568,3.322667,49152,jp,14:00;15:b2;3a:48;85:b7;90:00;91:b2;94:00;95:b2;b0:40;b1:40,b1e1:01;b1f1:07
1554,14,8b04,14080,17024,880,1064,1.026667,1.241333,17024,1.241333,20480,jp,14:40;15:42;39:4a;85:47;90:80;91:42;94:40;95:42;b0:40;b1:40,41f1:01;4201:07
1554,15,8b05,15744,20736,984,1296,1.148000,1.512000,20736,1.512000,24576,jp,14:00;15:51;39:5b;85:57;90:00;91:51;94:00;95:51;b0:40;b1:40,50d1:01;50e1:07
1554,16,8b06,76288,97408,4768,6088,5.562667,7.102667,97408,7.102667,100352,jp,14:80;15:7c;39:83;3a:2a;85:83;90:80;91:7c;94:80;95:7c;b0:40;b1:40,17c51:01;17c61:07
1554,17,8b07,13056,13824,816,864,0.952000,1.008000,13824,1.008000,16384,jp,14:c0;15:35;39:3c;85:3b;91:36;94:c0;95:35;b0:40;b1:40,3581:01;3591:07
1555,0,8b14,32768,30208,2048,1888,2.389333,2.202667,32768,2.389333,34816,usa,,7fd1:01;7fe1:07
1555,1,8b15,16896,16896,1056,1056,1.232000,1.232000,16896,1.232000,20480,usa,,41b1:01;41c1:07
1555,2,8b16,57984,52224,3624,3264,4.228000,3.808000,57984,4.228000,61440,usa,,e261:01;e271:07
1555,3,8b17,82304,85760,5144,5360,6.001333,6.253333,85760,6.253333,88064,jp,14:c0;15:4e;3a:77;85:53;90:00;91:4f;94:c0;95:4e;b0:40;b1:40,14e81:01;14e91:07
1555,4,8b18,74368,83712,4648,5232,5.422667,6.104000,83712,6.104000,86016,jp,14:c0;15:46;3a:6e;85:4b;90:00;91:47;94:c0;95:46;b0:40;b1:40,14691:01;146a1:07
1555,5,8b19,37120,33920,2320,2120,2.706667,2.473333,37120,2.706667,40960,usa,,90c1:01;90d1:07
1555,6,8b1a,63104,78464,3944,4904,4.601333,5.721333,78464,5.721333,81920,jp,15:32;16:01;3a:57;85:37;86:01;91:32;92:01;95:32;96:01;b0:40;b1:40,13251:01;13261:07
1555,7,8b1b,56064,77568,3504,4848,4.088000,5.656000,77568,5.656000,79872,jp,15:2f;16:01;39:82;3a:53;85:33;86:01;91:2f;92:01;95:2f;96:01;b0:40;b1:40,12ec1:01;12ed1:07
1555,8,8b1c,24064,19840,1504,1240,1.754667,1.446667,24064,1.754667,26624,usa,,5de1:01;5df1:07
1555,9,8b1d,37504,38272,2344,2392,2.734667,2.790667,38272,2.790667,40960,jp,14:40;15:95;3a:27;85:9b;91:95;94:40;95:95;b0:40;b1:40,9501:01;9511:07
1555,10,8b1e,58368,67840,3648,4240,4.256000,4.946667,67840,4.946667,71680,jp,15:09;16:01;39:82;3a:29;85:0f;86:01;91:09;92:01;95:09;96:01;b0:40;b1:40,108b1:01;108c1:07
1556,0,8b46,33792,32256,2112,2016,2.464000,2.352000,33792,2.464000,36864,usa,,83d1:01;83e1:07
1556,1,8b47,29184,36096,1824,2256,2.128000,2.632000,36096,2.632000,38912,jp,14:c0;15:8c;3a:1e;85:93;91:8d;94:c0;95:8c;b0:40;b1:40,8c81:01;8c91:07
1556,2,8b48,13952,13568,872,848,1.017333,0.989333,13952,1.017333,16384,usa,,3601:01;3611:07
1556,3,8b49,27520,27136,1720,1696,2.006667,1.978667,27520,2.006667,30720,usa,,6b31:01;6b41:07
1556,4,8b4a,27520,35200,1720,2200,2.006667,2.566667,35200,2.566667,38912,jp,14:80;15:89;39:81;3a:1a;3b:7f;3c:b0;3d:00;3e:7e;3f:00;40:b0;41:00;42:7f;85:8f;91:89;94:80;95:89;b0:40;b1:40,8951:01;8961:07
1556,5,8b4b,46848,52224,2928,3264,3.416000,3.808000,52224,3.808000,55296,jp,15:cb;3a:64;85:cf;91:cc;95:cb;b0:40;b1:40,cb71:01;cb81:07
1556,6,8b4c,27520,30080,1720,1880,2.006667,2.193333,30080,2.193333,32768,jp,15:75;39:81;3a:04;3b:7f;3c:b0;3d:00;3e:7e;3f:00;40:b0;41:00;42:7f;85:7b;91:75;95:75;b0:40;b1:40,7561:01;7571:07
1557,0,8b5a,14464,17536,904,1096,1.054667,1.278667,17536,1.278667,20480,jp,14:80;15:44;39:4d;85:4b;91:44;94:80;95:44;b0:40;b1:40,4461:01;4471:07
1557,1,8b5b,25088,20864,1568,1304,1.829333,1.521333,25088,1.829333,28672,usa,,61c1:01;61d1:07
1557,2,8b5c,26496,28288,1656,1768,1.932000,2.062667,28288,2.062667,30720,jp,14:40;15:6e;39:7c;85:73;91:6e;94:40;95:6e;b0:40;b1:40,6e11:01;6e21:07
1557,3,8b5d,36224,31744,2264,1984,2.641333,2.314667,36224,2.641333,38912,usa,,8cf1:01;8d01:07
1557,4,8b5e,14592,21760,912,1360,1.064000,1.586667,21760,1.586667,24576,jp,15:55;39:5f;85:5b;91:55;95:55;b0:40;b1:40,54d1:01;54e1:07
1557,5,8b5f,23168,28544,1448,1784,1.689333,2.081333,28544,2.081333,30720,jp,14:80;15:6f;39:7d;85:73;91:6f;94:80;95:6f;b0:40;b1:40,6f41:01;6f51:07
1557,6,8b60,17152,18688,1072,1168,1.250667,1.362667,18688,1.362667,22528,jp,15:48;39:52;85:4f;91:49;95:48;b0:40;b1:40,48a1:01;48b1:07
1557,7,8b61,22528,24832,1408,1552,1.642667,1.810667,24832,1.810667,28672,jp,14:c0;15:60;39:6d;85:67;91:61;94:c0;95:60;b0:40;b1:40,6081:01;6091:07
1557,8,8b62,31104,32000,1944,2000,2.268000,2.333333,32000,2.333333,34816,jp,14:00;15:7d;3a:0c;85:83;90:00;91:7d;94:00;95:7d;b0:40;b1:40,7cc1:01;7cd1:07
1557,9,8b63,7552,8448,472,528,0.550667,0.616000,8448,0.616000,12288,jp,14:00;15:21;39:25;85:27;90:00;91:21;94:00;95:21;b0:40;b1:40,20e1:01;20f1:07
1557,10,8b64,31616,40064,1976,2504,2.305333,2.921333,40064,2.921333,43008,jp,14:40;15:9c;3a:2f;85:a3;91:9c;94:40;95:9c;b0:40;b1:40,9c21:01;9c31:07
1557,11,8b65,11264,18048,704,1128,0.821333,1.316000,18048,1.316000,20480,jp,14:40;15:46;39:4f;85:4b;90:80;91:46;94:40;95:46;b0:40;b1:40,4611:01;4621:07
1557,12,8b66,12032,12544,752,784,0.877333,0.914667,12544,0.914667,16384,jp,14:c0;15:30;39:37;85:37;91:31;94:c0;95:30;b0:40;b1:40,3071:01;3081:07
1557,13,8b67,45184,58112,2824,3632,3.294667,4.237333,58112,4.237333,61440,jp,14:c0;15:e2;3a:7e;85:e7;90:00;91:e3;94:c0;95:e2;b0:40;b1:40,e281:01;e291:07
1557,14,8b68,74880,81152,4680,5072,5.460000,5.917333,81152,5.917333,83968,jp,14:00;15:3d;3a:63;85:43;90:00;91:3d;94:00;95:3d;b0:40;b1:40,13cc1:01;13cd1:07
1558,0,8b80,58752,50560,3672,3160,4.284000,3.686667,58752,4.284000,61440,usa,,e521:01;e531:07
1558,1,8b81,83840,85120,5240,5320,6.113333,6.206667,85120,6.206667,88064,jp,14:80;15:4c;3a:74;85:53;91:4c;94:80;95:4c;b0:40;b1:40,14c41:01;14c51:07
1558,2,8b82,38272,44032,2392,2752,2.790667,3.210667,44032,3.210667,47104,jp,14:00;15:ac;3a:41;85:af;90:00;91:ac;94:00;95:ac;b0:40;b1:40,abb1:01;abc1:07
1558,3,8b83,14592,12800,912,800,1.064000,0.933333,14592,1.064000,18432,usa,,38a1:01;38b1:07
1558,4,8b84,82304,86656,5144,5416,6.001333,6.318667,86656,6.318667,90112,jp,15:52;3a:7b;85:57;91:52;95:52;b0:40;b1:40,15231:01;15241:07
1558,5,8b85,67712,53760,4232,3360,4.937333,3.920000,67712,4.937333,71680,usa,,107f1:01;10801:07
1558,6,8b86,45184,40448,2824,2528,3.294667,2.949333,45184,3.294667,49152,usa,,b021:01;b031:07
1558,7,8b87,65280,72704,4080,4544,4.760000,5.301333,72704,5.301333,75776,jp,15:1c;16:01;3a:3e;85:1f;91:1c;92:01;95:1c;96:01;b0:40;b1:40,11bd1:01;11be1:07
1558,8,8b88,71680,87936,4480,5496,5.226667,6.412000,87936,6.412000,90112,jp,14:80;15:57;39:83;3a:01;85:5b;90:80;91:57;94:80;95:57;b0:40;b1:40,15751:01;15761:07
1558,9,8b89,92672,86784,5792,5424,6.757333,6.328000,92672,6.757333,96256,usa,,169b1:01;169c1:07
1558,10,8b8a,42112,36224,2632,2264,3.070667,2.641333,42112,3.070667,45056,usa,,a401:01;a411:07
1558,11,8b8b,73216,82432,4576,5152,5.338667,6.010667,82432,6.010667,86016,jp,15:42;3a:69;85:47;91:42;95:42;b0:40;b1:40,141e1:01;141f1:07
1558,12,8b8c,74240,80256,4640,5016,5.413333,5.852000,80256,5.852000,83968,jp,14:80;15:39;3a:5f;85:3f;90:80;91:39;94:80;95:39;b0:40;b1:40,13961:01;13971:07
1558,13,8b8d,66304,78336,4144,4896,4.834667,5.712000,78336,5.712000,81920,jp,15:31;3a:56;85:37;91:32;95:31;b0:40;b1:40,13171:01;13181:07
1558,14,8b8e,74752,75776,4672,4736,5.450667,5.525333,75776,5.525333,77824,jp,15:27;3a:4b;85:2b;91:28;95:27;b0:40;b1:40,127a1:01;127b1:07
1558,15,8b8f,86272,78720,5392,4920,6.290667,5.740000,86272,6.290667,90112,usa,,15081:01;15091:07
1558,16,8b90,75776,69504,4736,4344,5.525333,5.068000,75776,5.525333,77824,usa,,12791:01;127a1:07
1558,17,8b91,72320,94464,4520,5904,5.273333,6.888000,94464,6.888000,98304,jp,14:c0;15:70;39:83;3a:1d;85:77;90:00;91:71;94:c0;95:70;b0:40;b1:40,17071:01;17081:07
1558,18,8b92,43520,62848,2720,3928,3.173333,4.582667,62848,4.582667,65536,jp,14:40;15:f5;39:82;3a:13;85:fb;90:80;91:f5;94:40;95:f5;b0:40;b1:40,f521:01;f531:07
1558,19,8b93,67456,53504,4216,3344,4.918667,3.901333,67456,4.918667,69632,usa,,10741:01;10751:07
1558,20,8b94,22784,24704,1424,1544,1.661333,1.801333,24704,1.801333,28672,jp,14:80;15:60;39:6c;85:67;90:80;91:60;94:80;95:60;b0:40;b1:40,6051:01;6061:07
1558,21,8b95,113664,94080,7104,5880,8.288000,6.860000,113664,8.288000,116736,usa,,1bbb1:01;1bbc1:07
1559,0,8ba8,29824,26752,1864,1672,2.174667,1.950667,29824,2.174667,32768,usa,,7461:01;7471:07
1559,1,8ba9,33152,28160,2072,1760,2.417333,2.053333,33152,2.417333,36864,usa,,8161:01;8171:07
1559,2,8baa,84096,72576,5256,4536,6.132000,5.292000,84096,6.132000,88064,usa,,14811:01;14821:07
1559,3,8bab,19584,28672,1224,1792,1.428000,2.090667,28672,2.090667,30720,jp,14:00;15:70;39:7e;85:73;90:00;91:70;94:00;95:70;b0:40;b1:40,6fe1:01;6ff1:07
1559,4,8bac,85248,101248,5328,6328,6.216000,7.382667,101248,7.382667,104448,jp,14:80;15:8b;39:83;3a:3b;85:8f;90:80;91:8b;94:80;95:8b;b0:40;b1:40,18b31:01;18b41:07
1559,5,8bad,59264,60544,3704,3784,4.321333,4.414667,60544,4.414667,63488,jp,15:ec;3a:09;85:f3;91:ec;95:ec;b0:40;b1:40,ec61:01;ec71:07
1559,6,8bae,95744,103424,5984,6464,6.981333,7.541333,103424,7.541333,106496,jp,15:93;3a:44;85:97;91:94;95:93;b0:40;b1:40,19381:01;19391:07
1559,7,8baf,71296,64768,4456,4048,5.198667,4.722667,71296,5.198667,73728,usa,,11641:01;11651:07
1559,8,8bb0,29312,34304,1832,2144,2.137333,2.501333,34304,2.501333,36864,jp,14:c0;15:85;3a:16;85:8b;90:00;91:86;94:c0;95:85;b0:40;b1:40,85a1:01;85b1:07
1559,9,8bb1,18304,19968,1144,1248,1.334667,1.456000,19968,1.456000,22528,jp,14:00;15:4e;39:58;85:53;90:00;91:4e;94:00;95:4e;b0:40;b1:40,4dd1:01;4de1:07
1559,10,8bb2,73728,81152,4608,5072,5.376000,5.917333,81152,5.917333,83968,jp,14:c0;15:3c;3a:63;85:43;91:3d;94:c0;95:3c;b0:40;b1:40,13ca1:01;13cb1:07
1559,11,8bb3,85888,80512,5368,5032,6.262667,5.870667,85888,6.262667,88064,usa,,14f11:01;14f21:07
1559,12,8bb4,31232,36224,1952,2264,2.277333,2.641333,36224,2.641333,38912,jp,14:80;15:8d;3a:1f;85:93;90:80;91:8d;94:80;95:8d;b0:40;b1:40,8d41:01;8d51:07
1559,13,8bb5,9600,9216,600,576,0.700000,0.672000,9600,0.700000,12288,usa,,24f1:01;2501:07
1559,14,8bb6,55680,70912,3480,4432,4.060000,5.170667,70912,5.170667,73728,jp,14:c0;15:14;16:01;39:82;3a:36;85:1b;86:01;90:00;91:15;92:01;94:c0;95:14;96:01;b0:40;b1:40,11491:01;114a1:07
1559,15,8bb7,130176,120320,8136,7520,9.492000,8.773333,130176,9.492000,133120,usa,,1fc31:01;1fc41:07
1559,16,8bb8,79232,65536,4952,4096,5.777333,4.778667,79232,5.777333,81920,usa,,13521:01;13531:07
1559,17,8bb9,23040,29952,1440,1872,1.680000,2.184000,29952,2.184000,32768,jp,15:75;39:81;3a:03;3b:7f;3c:b0;3d:00;3e:7e;3f:00;40:b0;41:00;42:7f;85:7b;91:75;95:75;b0:40;b1:40,74b1:01;74c1:07
1560,0,8bc6,15616,17792,976,1112,1.138667,1.297333,17792,1.297333,20480,jp,14:80;15:45;39:4e;85:4b;90:80;91:45;94:80;95:45;b0:40;b1:40,4531:01;4541:07
1560,1,8bc7,70656,63360,4416,3960,5.152000,4.620000,70656,5.152000,73728,usa,,113d1:01;113e1:07
1560,2,8bc8,39168,44416,2448,2776,2.856000,3.238667,44416,3.238667,47104,jp,14:80;15:ad;3a:42;85:b3;90:80;91:ad;94:80;95:ad;b0:40;b1:40,ad41:01;ad51:07
1560,3,8bc9,62976,74240,3936,4640,4.592000,5.413333,74240,5.413333,77824,jp,14:00;15:22;16:01;3a:45;85:27;86:01;91:22;92:01;94:00;95:22;96:01;b0:40;b1:40,121b1:01;121c1:07
1560,4,8bca,68352,67840,4272,4240,4.984000,4.946667,68352,4.984000,71680,usa,,10a91:01;10aa1:07
1560,5,8bcb,32000,33152,2000,2072,2.333333,2.417333,33152,2.417333,36864,jp,14:40;15:81;3a:11;85:87;90:80;91:81;94:40;95:81;b0:40;b1:40,8111:01;8121:07
1560,6,8bcc,27520,28288,1720,1768,2.006667,2.062667,28288,2.062667,30720,jp,14:40;15:6e;39:7c;85:73;91:6e;94:40;95:6e;b0:40;b1:40,6e01:01;6e11:07
1560,7,8bcd,58112,72576,3632,4536,4.237333,5.292000,72576,5.292000,75776,jp,14:40;15:1b;16:01;39:82;3a:3d;85:1f;86:01;90:80;91:1b;92:01;94:40;95:1b;96:01;b0:40;b1:40,11af1:01;11b01:07
1560,8,8bce,68992,83968,4312,5248,5.030667,6.122667,83968,6.122667,86016,jp,14:00;15:48;3a:6f;85:4b;90:00;91:48;94:00;95:48;b0:40;b1:40,147c1:01;147d1:07
1560,9,8bcf,19328,18688,1208,1168,1.409333,1.362667,19328,1.409333,22528,usa,,4b21:01;4b31:07
1560,10,8bd0,38272,44160,2392,2760,2.790667,3.220000,44160,3.220000,47104,jp,14:80;15:ac;3a:41;85:b3;91:ac;94:80;95:ac;b0:40;b1:40,ac61:01;ac71:07
1560,11,8bd1,75392,99456,4712,6216,5.497333,7.252000,99456,7.252000,102400,jp,15:84;39:83;3a:33;85:8b;91:84;95:84;b0:40;b1:40,18431:01;18441:07
1560,12,8bd2,37760,36096,2360,2256,2.753333,2.632000,37760,2.753333,40960,usa,,9361:01;9371:07
1560,13,8bd3,100096,112768,6256,7048,7.298667,8.222667,112768,8.222667,116736,jp,14:40;15:b8;3a:6d;85:bf;90:80;91:b8;94:40;95:b8;b0:40;b1:40,1b7f1:01;1b801:07
1560,14,8bd4,45952,55552,2872,3472,3.350667,4.050667,55552,4.050667,59392,jp,14:00;15:d9;3a:73;85:df;90:00;91:d9;94:00;95:d9;b0:40;b1:40,d8c1:01;d8d1:07
1560,15,8bd5,27648,29952,1728,1872,2.016000,2.184000,29952,2.184000,32768,jp,14:c0;15:74;39:81;3a:03;3b:7f;3c:b0;3d:00;3e:7e;3f:00;40:b0;41:00;42:7f;85:7b;91:75;94:c0;95:74;b0:40;b1:40,74a1:01;74b1:07
1560,16,8bd6,60416,60032,3776,3752,4.405333,4.377333,60416,4.405333,63488,usa,,eba1:01;ebb1:07
1560,17,8bd7,13568,15104,848,944,0.989333,1.101333,15104,1.101333,18432,jp,14:00;15:3b;39:42;85:3f;91:3b;94:00;95:3b;b0:40;b1:40,3ab1:01;3ac1:07
1560,18,8bd8,22912,32256,1432,2016,1.670667,2.352000,32256,2.352000,34816,jp,14:c0;15:7d;39:81;3a:0d;3b:7f;3c:b0;3d:00;3e:7e;3f:00;40:b0;41:00;42:7f;85:83;90:00;91:7e;94:c0;95:7d;b0:40;b1:40,7d91:01;7da1:07
1560,19,8bd9,25600,24320,1600,1520,1.866667,1.773333,25600,1.866667,28672,usa,,6391:01;63a1:07
1560,20,8bda,43008,50560,2688,3160,3.136000,3.686667,50560,3.686667,53248,jp,14:80;15:c5;3a:5d;85:cb;90:80;91:c5;94:80;95:c5;b0:40;b1:40,c541:01;c551:07
1560,21,8bdb,88960,107008,5560,6688,6.486667,7.802667,107008,7.802667,110592,jp,14:00;15:a2;3a:54;85:a7;90:00;91:a2;94:00;95:a2;b0:40;b1:40,1a1b1:01;1a1c1:07
1560,22,8bdc,81920,104192,5120,6512,5.973333,7.597333,104192,7.597333,106496,jp,15:96;39:83;3a:47;85:9b;91:97;95:96;b0:40;b1:40,19671:01;19681:07
1560,23,8bdd,73344,71680,4584,4480,5.348000,5.226667,73344,5.348000,75776,usa,,11e61:01;11e71:07
1560,24,8bde,75264,71680,4704,4480,5.488000,5.226667,75264,5.488000,77824,usa,,12581:01;12591:07
1560,25,8bdf,73472,79744,4592,4984,5.357333,5.814667,79744,5.814667,81920,jp,14:40;15:37;3a:5c;85:3b;90:80;91:37;94:40;95:37;b0:40;b1:40,136f1:01;13701:07
1560,26,8be0,39936,41216,2496,2576,2.912000,3.005333,41216,3.005333,45056,jp,14:00;15:a1;3a:34;85:a7;91:a1;94:00;95:a1;b0:40;b1:40,a0d1:01;a0e1:07
1560,27,8be1,54528,54912,3408,3432,3.976000,4.004000,54912,4.004000,57344,jp,14:40;15:d6;3a:70;90:80;91:d6;94:40;95:d6;b0:40;b1:40,d601:01;d611:07
1560,28,8be2,15232,16768,952,1048,1.110667,1.222667,16768,1.222667,20480,jp,15:41;39:49;85:47;91:41;95:41;b0:40;b1:40,4101:01;4111:07
1560,29,8be3,23936,23936,1496,1496,1.745333,1.745333,23936,1.745333,26624,usa,,5d01:01;5d11:07
1560,30,8be4,103552,108544,6472,6784,7.550667,7.914667,108544,7.914667,110592,jp,14:00;15:a8;3a:5b;85:ab;90:00;91:a8;94:00;95:a8;b0:40;b1:40,1a7d1:01;1a7e1:07
1560,31,8be5,15104,14464,944,904,1.101333,1.054667,15104,1.101333,18432,usa,,3ab1:01;3ac1:07
1560,32,8be6,36096,30336,2256,1896,2.632000,2.212000,36096,2.632000,38912,usa,,8c91:01;8ca1:07
1560,33,8be7,68992,75776,4312,4736,5.030667,5.525333,75776,5.525333,77824,jp,14:00;15:28;3a:4b;85:2b;90:00;91:28;94:00;95:28;b0:40;b1:40,127c1:01;127d1:07
1560,34,8be8,60416,63104,3776,3944,4.405333,4.601333,63104,4.601333,65536,jp,14:40;15:f6;3a:14;85:fb;90:80;91:f6;94:40;95:f6;b0:40;b1:40,f5f1:01;f601:07
1560,35,8be9,30848,41984,1928,2624,2.249333,3.061333,41984,3.061333,45056,jp,14:c0;15:a3;3a:38;85:a7;90:00;91:a4;94:c0;95:a3;b0:40;b1:40,a391:01;a3a1:07
1560,36,8bea,25856,34560,1616,2160,1.885333,2.520000,34560,2.520000,36864,jp,14:00;15:87;39:81;3a:17;3b:7f;3c:b0;3d:00;3e:7e;3f:00;40:b0;41:00;42:7f;85:8b;91:87;94:00;95:87;b0:40;b1:40,86c1:01;86d1:07
1560,37,8beb,19968,24064,1248,1504,1.456000,1.754667,24064,1.754667,26624,jp,15:5e;39:6a;85:63;91:5e;95:5e;b0:40;b1:40,5dd1:01;5de1:07
1560,38,8bec,12416,15744,776,984,0.905333,1.148000,15744,1.148000,18432,jp,15:3d;39:45;85:43;91:3d;95:3d;b0:40;b1:40,3d21:01;3d31:07
1560,39,8bed,41856,40320,2616,2520,3.052000,2.940000,41856,3.052000,45056,usa,,a361:01;a371:07
1560,40,8bee,14848,16000,928,1000,1.082667,1.166667,16000,1.166667,18432,jp,14:80;15:3e;39:46;85:43;90:80;91:3e;94:80;95:3e;b0:40;b1:40,3e51:01;3e61:07
1561,0,8c0a,64000,63360,4000,3960,4.666667,4.620000,64000,4.666667,67584,usa,,f9c1:01;f9d1:07
1561,1,8c0b,90496,75392,5656,4712,6.598667,5.497333,90496,6.598667,94208,usa,,16111:01;16121:07
1561,2,8c0c,24704,21120,1544,1320,1.801333,1.540000,24704,1.801333,28672,usa,,6021:01;6031:07
1561,3,8c0d,88064,82560,5504,5160,6.421333,6.020000,88064,6.421333,90112,usa,,157b1:01;157c1:07
1562,0,8c3d,89728,84352,5608,5272,6.542667,6.150667,89728,6.542667,92160,usa,,15df1:01;15e01:07
1562,1,8c3e,45568,41088,2848,2568,3.322667,2.996000,45568,3.322667,49152,usa,,b1e1:01;b1f1:07
1562,2,8c3c,57856,61440,3616,3840,4.218667,4.480000,61440,4.480000,63488,jp,14:00;15:f0;39:82;3a:0d;85:f3;91:f0;94:00;95:f0;b0:40;b1:40,efe1:01;eff1:07
1562,3,8c40,15104,17664,944,1104,1.101333,1.288000,17664,1.288000,20480,jp,14:c0;15:44;39:4d;85:4b;91:45;94:c0;95:44;b0:40;b1:40,44a1:01;44b1:07
1562,4,8c41,36608,34176,2288,2136,2.669333,2.492000,36608,2.669333,38912,usa,,8ea1:01;8eb1:07
1562,5,8c42,17152,24704,1072,1544,1.250667,1.801333,24704,1.801333,28672,jp,14:40;15:60;39:6c;85:67;90:80;91:60;94:40;95:60;b0:40;b1:40,6021:01;6031:07
1562,6,8c43,50560,57856,3160,3616,3.686667,4.218667,57856,4.218667,61440,jp,14:00;15:e2;3a:7d;85:e7;90:00;91:e2;94:00;95:e2;b0:40;b1:40,e1b1:01;e1c1:07
1562,7,8c44,16512,20224,1032,1264,1.204000,1.474667,20224,1.474667,22528,jp,14:00;15:4f;39:59;85:53;90:00;91:4f;94:00;95:4f;b0:40;b1:40,4ee1:01;4ef1:07
1562,8,8c45,29056,38400,1816,2400,2.118667,2.800000,38400,2.800000,40960,jp,14:00;15:96;39:81;3a:28;3b:7f;3c:b0;3d:00;3e:7e;3f:00;40:b0;41:00;42:7f;85:9b;90:00;91:96;94:00;95:96;b0:40;b1:40,95c1:01;95d1:07
1562,9,8c46,8448,9344,528,584,0.616000,0.681333,9344,0.681333,12288,jp,14:40;15:24;39:29;85:2b;90:80;91:24;94:40;95:24;b0:40;b1:40,2401:01;2411:07
1562,10,8c47,97280,110336,6080,6896,7.093333,8.045333,110336,8.045333,112640,jp,15:af;3a:62;85:b3;91:af;95:af;b0:40;b1:40,1aee1:01;1aef1:07
1562,11,8c48,39680,45440,2480,2840,2.893333,3.313333,45440,3.313333,49152,jp,14:40;15:b1;3a:47;85:b7;90:80;91:b1;94:40;95:b1;b0:40;b1:40,b121:01;b131:07
1562,12,8c49,22400,23424,1400,1464,1.633333,1.708000,23424,1.708000,26624,jp,15:5b;39:67;85:5f;91:5b;95:5b;b0:40;b1:40,5b61:01;5b71:07
1562,13,8c54,13184,14720,824,920,0.961333,1.073333,14720,1.073333,18432,jp,14:80;15:39;39:41;85:3f;91:39;94:80;95:39;b0:40;b1:40,3941:01;3951:07
1562,14,8c55,14464,16768,904,1048,1.054667,1.222667,16768,1.222667,20480,jp,15:41;39:49;85:47;91:41;95:41;b0:40;b1:40,4111:01;4121:07
1562,15,8c56,20096,24064,1256,1504,1.465333,1.754667,24064,1.754667,26624,jp,14:c0;15:5d;39:69;85:63;90:00;91:5e;94:c0;95:5d;b0:40;b1:40,5d91:01;5da1:07
1563,0,8c64,32256,38912,2016,2432,2.352000,2.837333,38912,2.837333,40960,jp,15:98;3a:2a;85:9b;91:98;95:98;b0:40;b1:40,97b1:01;97c1:07
1563,1,8c65,110080,116096,6880,7256,8.026667,8.465333,116096,8.465333,118784,jp,14:40;15:c5;3a:7b;85:cb;90:80;91:c5;94:40;95:c5;b0:40;b1:40,1c501:01;1c511:07
1563,2,8c66,48000,46848,3000,2928,3.500000,3.416000,48000,3.500000,51200,usa,,bb21:01;bb31:07
1563,3,8c67,19200,19328,1200,1208,1.400000,1.409333,19328,1.409333,22528,jp,14:40;39:55;90:80;94:40;b0:40;b1:40,4b21:01;4b31:07
1563,4,8c68,57856,49280,3616,3080,4.218667,3.593333,57856,4.218667,61440,usa,,e1e1:01;e1f1:07
1563,5,8c69,76672,82304,4792,5144,5.590667,6.001333,82304,6.001333,86016,jp,14:40;15:41;3a:68;85:47;91:41;94:40;95:41;b0:40;b1:40,140f1:01;14101:07
1563,6,8c6a,42624,50432,2664,3152,3.108000,3.677333,50432,3.677333,53248,jp,14:00;15:c5;3a:5d;85:cb;90:00;91:c5;94:00;95:c5;b0:40;b1:40,c4b1:01;c4c1:07
1563,7,8c6b,17024,15616,1064,976,1.241333,1.138667,17024,1.241333,20480,usa,,4241:01;4251:07
1563,8,8c6c,64256,60160,4016,3760,4.685333,4.386667,64256,4.685333,67584,usa,,fa81:01;fa91:07
1563,9,8c6d,16384,17152,1024,1072,1.194667,1.250667,17152,1.250667,20480,jp,15:43;39:4b;85:47;91:43;95:43;b0:40;b1:40,42d1:01;42e1:07
1563,10,8c6e,20864,23424,1304,1464,1.521333,1.708000,23424,1.708000,26624,jp,15:5b;39:67;85:5f;91:5b;95:5b;b0:40;b1:40,5b51:01;5b61:07
1563,11,8c6f,43776,57216,2736,3576,3.192000,4.172000,57216,4.172000,59392,jp,14:80;15:df;3a:7a;85:e3;90:80;91:df;94:80;95:df;b0:40;b1:40,df41:01;df51:07
1563,12,8c70,14592,11648,912,728,1.064000,0.849333,14592,1.064000,18432,usa,,38e1:01;38f1:07
1563,13,8c71,32640,24448,2040,1528,2.380000,1.782667,32640,2.380000,34816,usa,,7f01:01;7f11:07
1563,14,8c72,18432,19968,1152,1248,1.344000,1.456000,19968,1.456000,22528,jp,15:4e;39:58;85:53;91:4e;95:4e;b0:40;b1:40,4dc1:01;4dd1:07
1563,15,8c73,40320,41088,2520,2568,2.940000,2.996000,41088,2.996000,45056,jp,14:40;15:a0;3a:34;85:a7;91:a0;94:40;95:a0;b0:40;b1:40,a001:01;a011:07
1563,16,8c74,34176,30720,2136,1920,2.492000,2.240000,34176,2.492000,36864,usa,,84f1:01;8501:07
1563,17,8c75,14592,15872,912,992,1.064000,1.157333,15872,1.157333,18432,jp,14:00;15:3e;39:46;85:43;91:3e;94:00;95:3e;b0:40;b1:40,3de1:01;3df1:07
1563,18,8c76,89216,68992,5576,4312,6.505333,5.030667,89216,6.505333,92160,usa,,15c41:01;15c51:07
1563,19,8c77,49792,50688,3112,3168,3.630667,3.696000,50688,3.696000,53248,jp,14:00;15:c6;3a:5e;85:cb;90:00;91:c6;94:00;95:c6;b0:40;b1:40,c5d1:01;c5e1:07
1563,20,8c80,16768,19328,1048,1208,1.222667,1.409333,19328,1.409333,22528,jp,14:40;15:4b;39:55;85:4f;91:4b;94:40;95:4b;b0:40;b1:40,4b01:01;4b11:07
1563,21,8c81,48000,64384,3000,4024,3.500000,4.694667,64384,4.694667,67584,jp,14:40;15:fb;39:82;3a:19;85:ff;91:fb;94:40;95:fb;b0:40;b1:40,faf1:01;fb01:07
1563,22,8c82,10112,8192,632,512,0.737333,0.597333,10112,0.737333,12288,usa,,2731:01;2741:07
1564,0,8b32,15104,13056,944,816,1.101333,0.952000,15104,1.101333,18432,usa,,3ab1:01;3ac1:07
1564,1,8b33,64896,56576,4056,3536,4.732000,4.125333,64896,4.732000,67584,usa,,fd01:01;fd11:07
1565,0,8c1e,16256,17152,1016,1072,1.185333,1.250667,17152,1.250667,20480,jp,14:00;15:43;39:4b;85:47;90:00;91:43;94:00;95:43;b0:40;b1:40,42c1:01;42d1:07
1565,1,8c1f,147328,142720,9208,8920,10.742667,10.406667,147328,10.742667,149504,usa,,23f01:01;23f11:07
1565,2,8c20,40704,41984,2544,2624,2.968000,3.061333,41984,3.061333,45056,jp,14:00;15:a4;3a:38;85:a7;91:a4;94:00;95:a4;b0:40;b1:40,a3e1:01;a3f1:07
1565,3,8c21,14720,13184,920,824,1.073333,0.961333,14720,1.073333,18432,usa,,3961:01;3971:07
1565,4,8c22,38272,39680,2392,2480,2.790667,2.893333,39680,2.893333,43008,jp,14:00;15:9b;3a:2e;85:9f;90:00;91:9b;94:00;95:9b;b0:40;b1:40,9ae1:01;9af1:07
1565,5,8c23,115840,118016,7240,7376,8.446667,8.605333,118016,8.605333,120832,jp,14:c0;15:cc;39:84;3a:04;85:d3;90:00;91:cd;94:c0;95:cc;b0:40;b1:40,1cc81:01;1cc91:07
1565,6,8c24,24704,28928,1544,1808,1.801333,2.109333,28928,2.109333,32768,jp,14:c0;15:70;39:7f;85:77;90:00;91:71;94:c0;95:70;b0:40;b1:40,70a1:01;70b1:07
1565,7,8c25,84608,82944,5288,5184,6.169333,6.048000,84608,6.169333,88064,usa,,14a61:01;14a71:07
1565,8,8c26,68864,65408,4304,4088,5.021333,4.769333,68864,5.021333,71680,usa,,10cb1:01;10cc1:07
1565,9,8c27,24320,25856,1520,1616,1.773333,1.885333,25856,1.885333,28672,jp,14:00;15:65;39:71;85:6b;91:65;94:00;95:65;b0:40;b1:40,64b1:01;64c1:07
1565,10,8c28,13312,16512,832,1032,0.970667,1.204000,16512,1.204000,20480,jp,14:80;15:40;39:48;85:47;90:80;91:40;94:80;95:40;b0:40;b1:40,4041:01;4051:07
1565,11,8c29,36096,34560,2256,2160,2.632000,2.520000,36096,2.632000,38912,usa,,8c91:01;8ca1:07
1566,0,8314,60416,58752,3776,3672,4.405333,4.284000,60416,4.405333,63488,usa,,ebb1:01;ebc1:07
1566,1,8315,55296,48768,3456,3048,4.032000,3.556000,55296,4.032000,57344,usa,,d771:01;d781:07
1566,2,8316,36224,36096,2264,2256,2.641333,2.632000,36224,2.641333,38912,usa,,8d61:01;8d71:07
1566,3,8317,40960,43264,2560,2704,2.986667,3.154667,43264,3.154667,47104,jp,14:c0;15:a8;3a:3d;85:af;91:a9;94:c0;95:a8;b0:40;b1:40,a881:01;a891:07
1566,4,8318,17920,13568,1120,848,1.306667,0.989333,17920,1.306667,20480,usa,,45a1:01;45b1:07
1566,5,8319,42496,37760,2656,2360,3.098667,2.753333,42496,3.098667,45056,usa,,a5a1:01;a5b1:07
1566,6,831a,26240,30848,1640,1928,1.913333,2.249333,30848,2.249333,34816,jp,15:78;39:81;3a:07;3b:7f;3c:b0;3d:00;3e:7e;3f:00;40:b0;41:00;42:7f;85:7f;91:78;95:78;b0:40;b1:40,7841:01;7851:07
1566,7,831b,59008,65792,3688,4112,4.302667,4.797333,65792,4.797333,69632,jp,14:00;15:01;16:01;3a:20;85:07;86:01;90:00;91:01;92:01;94:00;95:01;96:01;b0:40;b1:40,100c1:01;100d1:07
1566,8,831c,17280,14464,1080,904,1.260000,1.054667,17280,1.260000,20480,usa,,4311:01;4321:07
1566,9,831d,40064,41984,2504,2624,2.921333,3.061333,41984,3.061333,45056,jp,14:c0;15:a3;3a:37;85:a7;90:00;91:a4;94:c0;95:a3;b0:40;b1:40,a371:01;a381:07
1566,10,831e,51968,56704,3248,3544,3.789333,4.134667,56704,4.134667,59392,jp,14:80;15:dd;3a:78;85:e3;90:80;91:dd;94:80;95:dd;b0:40;b1:40,dd41:01;dd51:07
1566,11,831f,27264,23552,1704,1472,1.988000,1.717333,27264,1.988000,30720,usa,,6a01:01;6a11:07
1566,12,8320,17024,17664,1064,1104,1.241333,1.288000,17664,1.288000,20480,jp,14:c0;15:44;39:4d;85:4b;90:00;91:45;94:c0;95:44;b0:40;b1:40,4471:01;4481:07
